URL,Title,Visit Time
https://docs.google.com/document/d/1ZqvqNRDG-nZRxgAxaUae9NYBN94_XazsiPhZSAX7_ss/edit?tab=t.0#heading=h.mkjhrv6l7kzg,IT360 Report - Google Docs,2025-12-04 03:33:10
https://docs.google.com/document/d/1ZqvqNRDG-nZRxgAxaUae9NYBN94_XazsiPhZSAX7_ss/edit?usp=drive_web&ouid=107711590924735763390,IT360 Report - Google Docs,2025-12-04 03:33:09
https://docs.google.com/document/d/1ZqvqNRDG-nZRxgAxaUae9NYBN94_XazsiPhZSAX7_ss/edit?tab=t.0,IT360 Report - Google Docs,2025-12-04 03:33:09
https://docs.google.com/document/d/137-C_zGpBKIt2AhzGWyZwPr1USiM-2JNiQ_bRw-T5RM/edit?usp=drive_web&ouid=107711590924735763390,IT360 script - Google Docs,2025-12-04 02:24:22
https://docs.google.com/document/d/137-C_zGpBKIt2AhzGWyZwPr1USiM-2JNiQ_bRw-T5RM/edit?tab=t.0,IT360 script - Google Docs,2025-12-04 02:24:22
https://docs.google.com/document/d/137-C_zGpBKIt2AhzGWyZwPr1USiM-2JNiQ_bRw-T5RM/edit?tab=t.0#heading=h.k60s3cz67izf,IT360 script - Google Docs,2025-12-04 02:24:22
https://drive.google.com/drive/shared-with-me?dmr=1&ec=wgc-drive-hero-goto,Shared with me - Google Drive,2025-12-04 02:24:20
https://drive.google.com/drive/starred?dmr=1&ec=wgc-drive-hero-goto,Starred - Google Drive,2025-12-04 02:24:19
https://drive.google.com/drive/home?dmr=1&ec=wgc-drive-hero-goto,Home - Google Drive,2025-12-04 02:24:00
https://drive.google.com/drive/?dmr=1&ec=wgc-drive-hero-goto,Google Drive,2025-12-04 02:23:59
https://workspace.google.com/products/drive/,Google Drive: Share Files Online with Secure Cloud Storage | Google Workspace,2025-12-04 02:23:54
https://www.google.com/search?q=driv&rlz=1C1AVFC_enUS1164US1164&oq=driv&gs_lcrp=EgZjaHJvbWUyBggAEEUYOTINCAEQABiDARixAxiABDIWCAIQLhjHARixAxjJAxjRAxiABBiKBTINCAMQABiDARixAxiABDINCAQQABixAxiABBiKBTINCAUQLhiDARixAxiABDIZCAYQLhiDARivARjHARixAxiABBiKBRiOBTINCAcQABiSAxiABBiKBTINCAgQABiSAxiABBiKBTIHCAkQABiPAtIBBzgxOGowajeoAgiwAgHxBYmf_XJLY32b8QWJn_1yS2N9mw&sourceid=chrome&ie=UTF-8,driv - Google Search,2025-12-04 02:23:50
https://slides.google.com/,Google Slides,2025-12-04 02:19:06
https://docs.google.com/presentation?usp=direct_url,Google Slides,2025-12-04 02:19:06
https://docs.google.com/presentation/?usp=direct_url,Google Slides,2025-12-04 02:19:06
https://docs.google.com/presentation/u/0/?usp=direct_url,Google Slides,2025-12-04 02:19:06
https://docs.google.com/presentation/u/0/,Google Slides,2025-12-04 02:19:06
https://mail.google.com/mail/u/0/#inbox,"Inbox (2,652) - zcdvs27@gmail.com - Gmail",2025-12-04 02:08:06
https://mail.google.com/mail/u/0/#inbox/KtbxLrjVlKzdkPcvdPQFdpVFHXSsNFmhpg,(no subject) - zcdvs27@gmail.com - Gmail,2025-12-04 02:07:36
https://github.com/copilot?cft=copilot_li.copilot_plans.cfi,New chat · GitHub Copilot,2025-12-04 02:04:02
https://github.com/github-copilot/pro/signup?cft=copilot_li.copilot_plans.cfi,GitHub Copilot Pro Checkout,2025-12-04 02:03:58
https://github.com/github-copilot/pro?cft=copilot_li.copilot_plans.cfi,GitHub Copilot Pro Checkout,2025-12-04 02:03:07
https://github.com/github-copilot/pro/signup?cft=copilot_li.copilot_plans.cfi,GitHub Copilot Pro Checkout,2025-12-04 02:03:07
https://github.com/features/copilot/plans,GitHub Copilot · Plans & pricing,2025-12-04 02:02:42
https://github.com/education,GitHub Education,2025-12-04 02:02:39
https://github.com/settings/education/benefits?locale=en-US,GitHub · Where software is built,2025-12-04 02:02:37
https://github.com/settings/emails,Email settings,2025-12-04 02:02:35
https://github.com/settings/education/benefits,GitHub · Where software is built,2025-12-04 02:02:30
https://github.com/settings/emails,Email settings,2025-12-04 02:02:30
https://github.com/settings/education/benefits,GitHub · Where software is built,2025-12-04 02:02:29
https://github.com/settings/security,Account security,2025-12-04 02:02:28
https://github.com/settings/two_factor_authentication/setup/intro,Configure two-factor authentication,2025-12-04 02:02:27
https://github.com/settings/security,Account security,2025-12-04 02:02:26
https://github.com/settings/security,Account security,2025-12-04 02:02:25
https://github.com/settings/education/benefits,GitHub · Where software is built,2025-12-04 02:02:24
https://github.com/settings/education/benefits,GitHub · Where software is built,2025-12-04 02:02:23
https://github.com/settings/billing/payment_information,Payment Information,2025-12-04 02:02:19
https://github.com/settings/billing/payment_information,Payment Information,2025-12-04 02:02:19
https://github.com/settings/profile,Your profile,2025-12-04 02:02:17
https://github.com/settings/education/benefits,GitHub · Where software is built,2025-12-04 02:02:17
https://github.com/settings/profile,Your profile,2025-12-04 02:02:16
https://github.com/settings/education/benefits,GitHub · Where software is built,2025-12-04 02:02:15
https://education.github.com/pack,GitHub Student Developer Pack - GitHub Education,2025-12-04 02:02:14
https://github.com/settings/education/benefits,GitHub · Where software is built,2025-12-04 02:02:08
https://mail.google.com/mail/u/0/#inbox/KtbxLrjVlKzdkPcvdPQFdpVFHXSsNFmhpg,(no subject) - zcdvs27@gmail.com - Gmail,2025-12-04 02:01:11
https://docs.google.com/document/u/0/,Google Docs,2025-12-04 02:01:06
https://docs.google.com/document/u/0/create?usp=docs_home&ths=true,Untitled document - Google Docs,2025-12-04 02:01:01
https://docs.google.com/document/d/1DphBXRoPJuggNBmqAV_RnetotPHqmAuo5Y5qYgmkzYQ/edit?tab=t.0,Untitled document - Google Docs,2025-12-04 02:01:01
https://docs.github.com/copilot/managing-copilot/monitoring-usage-and-entitlements/about-premium-requests,Requests in GitHub Copilot - GitHub Docs,2025-12-04 02:00:27
https://docs.github.com/en/copilot/concepts/billing/copilot-requests,Requests in GitHub Copilot - GitHub Docs,2025-12-04 02:00:27
https://github.com/github-copilot/pro,Signup to GitHub Copilot Pro,2025-12-04 02:00:15
https://github.com/settings/education/benefits,GitHub · Where software is built,2025-12-04 01:59:10
https://education.github.com/pack,GitHub Student Developer Pack - GitHub Education,2025-12-04 01:59:01
https://github.com/settings/education/benefits,GitHub · Where software is built,2025-12-04 01:58:52
https://github.com/github-copilot/pro,Signup to GitHub Copilot Pro,2025-12-04 01:58:48
https://github.com/github-copilot/pro/signup?,GitHub Copilot Pro Checkout,2025-12-04 01:58:37
https://github.com/github-copilot/pro,Signup to GitHub Copilot Pro,2025-12-04 01:58:34
https://github.com/settings/education/benefits,GitHub · Where software is built,2025-12-04 01:58:23
https://docs.google.com/document/u/0/,Google Docs,2025-12-04 01:58:21
https://docs.google.com/document/d/1DeiZeHqdkIAWOgBpz9ZytSCSy9RFj91dh2wL_XroL4o/edit?ouid=107711590924735763390&usp=docs_home&ths=true,it360 group project - Google Docs,2025-12-04 01:57:33
https://docs.google.com/document/d/1DeiZeHqdkIAWOgBpz9ZytSCSy9RFj91dh2wL_XroL4o/edit?tab=t.0,it360 group project - Google Docs,2025-12-04 01:57:33
https://docs.google.com/document/u/0/?usp=direct_url,Google Docs,2025-12-04 01:57:28
https://docs.google.com/document/u/0/,Google Docs,2025-12-04 01:57:28
https://github.com/settings/education/benefits,GitHub · Where software is built,2025-12-04 01:57:18
https://github.com/settings/education/benefits,GitHub · Where software is built,2025-12-04 01:56:18
https://github.com/settings/education/benefits,GitHub · Where software is built,2025-12-04 01:56:14
https://github.com/settings/profile,Your profile,2025-12-04 01:55:54
https://github.com/settings/education/benefits,GitHub · Where software is built,2025-12-04 01:55:50
https://docs.github.com/en/account-and-profile/setting-up-and-managing-your-github-profile/customizing-your-profile/personalizing-your-profile,Personalize your profile - GitHub Docs,2025-12-04 01:55:29
https://docs.github.com/en/account-and-profile/tutorials/personalize-your-profile,Personalize your profile - GitHub Docs,2025-12-04 01:55:29
https://github.com/settings/education/benefits,GitHub · Where software is built,2025-12-04 01:55:23
https://github.com/settings/education/benefits,GitHub · Where software is built,2025-12-04 01:55:22
https://github.com/settings/billing/payment_information,Payment Information,2025-12-04 01:55:18
https://github.com/settings/billing/payment_information,Payment Information,2025-12-04 01:55:00
https://github.com/settings/billing/payment_information,Payment Information,2025-12-04 01:54:49
https://github.com/settings/billing/payment_information,Payment Information,2025-12-04 01:54:48
https://github.com/settings/education/benefits,GitHub · Where software is built,2025-12-04 01:54:41
https://github.com/settings/education/benefits,GitHub · Where software is built,2025-12-04 01:54:41
https://github.com/settings/security,Account security,2025-12-04 01:54:35
https://github.com/settings/two_factor_authentication/setup/intro,Configure two-factor authentication,2025-12-04 01:53:37
https://github.com/settings/security,Account security,2025-12-04 01:53:31
https://github.com/settings/security,Account security,2025-12-04 01:53:30
https://github.com/settings/education/benefits,GitHub · Where software is built,2025-12-04 01:51:44
https://github.com/settings/education/benefits,GitHub · Where software is built,2025-12-04 01:50:23
https://github.com/settings/education/benefits,GitHub · Where software is built,2025-12-04 01:49:26
https://www.google.com/search?q=how+to+make+image+file+jpg+smaller&rlz=1C1AVFC_enUS1164US1164&oq=how+to+make+image+file+jpg+smaller&gs_lcrp=EgZjaHJvbWUyBggAEEUYOTIICAEQABgWGB4yCAgCEAAYFhgeMggIAxAAGBYYHjINCAQQABiGAxiABBiKBTINCAUQABiGAxiABBiKBTINCAYQABiGAxiABBiKBTINCAcQABiGAxiABBiKBTINCAgQABiGAxiABBiKBTIKCAkQABiiBBiJBdIBCDc5NjJqMGo3qAIAsAIA&sourceid=chrome&ie=UTF-8,how to make image file jpg smaller - Google Search,2025-12-04 01:48:20
https://mail.google.com/mail/u/0/#inbox/KtbxLrjVlKzdkPcvdPQFdpVFHXSsNFmhpg,(no subject) - zcdvs27@gmail.com - Gmail,2025-12-04 01:47:32
https://mail.google.com/mail/u/0/#inbox,"Inbox (2,652) - zcdvs27@gmail.com - Gmail",2025-12-04 01:47:30
https://mail.google.com/mail/u/0/#inbox,"Inbox (2,652) - zcdvs27@gmail.com - Gmail",2025-12-04 01:47:28
https://mail.google.com/mail/u/0/#inbox/KtbxLxGWzhzVkLVWLFtZJcxtCbnlkwtRjV,(no subject) - zcdvs27@gmail.com - Gmail,2025-12-04 01:46:22
https://mail.google.com/mail/u/0/#inbox,"Inbox (2,652) - zcdvs27@gmail.com - Gmail",2025-12-04 01:46:20
https://mail.google.com/mail/u/0/#inbox,"Inbox (2,652) - zcdvs27@gmail.com - Gmail",2025-12-04 01:44:43
https://gmail.com/,"Inbox (2,652) - zcdvs27@gmail.com - Gmail",2025-12-04 01:44:42
https://mail.google.com/mail/u/0/,"Inbox (2,652) - zcdvs27@gmail.com - Gmail",2025-12-04 01:44:42
https://github.com/settings/education/benefits,GitHub · Where software is built,2025-12-04 01:43:48
https://github.com/settings/education/benefits,GitHub · Where software is built,2025-12-04 01:43:47
https://github.com/settings/emails,Email settings,2025-12-04 01:43:35
https://github.com/settings/emails,Email settings,2025-12-04 01:42:18
https://github.com/settings/emails,Email settings,2025-12-04 01:42:13
https://github.com/users/zcdvs/emails,Page not found · GitHub,2025-12-04 01:41:22
https://github.com/settings/emails,Email settings,2025-12-04 01:41:13
https://github.com/settings/emails,Email settings,2025-12-04 01:41:09
https://github.com/settings/emails/subscriptions?email=zjdavis%40Ilstu.edu,GitHub · Where software is built,2025-12-04 01:41:06
https://github.com/settings/emails,Email settings,2025-12-04 01:41:03
https://github.com/settings/education/benefits?locale=en-US,GitHub · Where software is built,2025-12-04 01:41:01
https://github.com/settings/education/benefits?locale=en-US,GitHub · Where software is built,2025-12-04 01:40:49
https://github.com/education,GitHub Education,2025-12-04 01:40:45
https://github.com/features/copilot/plans,GitHub Copilot · Plans & pricing,2025-12-04 01:24:45
https://github.com/settings/billing/licensing,Billing,2025-12-04 01:24:17
https://github.com/settings/billing,Billing Overview,2025-12-04 01:24:15
https://github.com/settings/billing,Billing Overview,2025-12-04 01:24:15
https://github.com/settings/billing,Billing Overview,2025-12-04 01:24:15
https://github.com/settings/billing,Billing Overview,2025-12-04 01:24:15
https://github.com/settings/billing/budgets,Budgets,2025-12-04 01:24:09
https://github.com/settings/billing/budgets,Budgets,2025-12-04 01:24:09
https://github.com/settings/billing/budgets,Budgets,2025-12-04 01:24:09
https://github.com/settings/billing/budgets,Budgets,2025-12-04 01:24:09
https://github.com/settings/billing/subscriptions,Billing,2025-12-04 01:24:07
https://github.com/settings/billing/budgets,Budgets,2025-12-04 01:24:05
https://github.com/settings/billing/budgets,Budgets,2025-12-04 01:24:05
https://github.com/settings/billing/budgets,Budgets,2025-12-04 01:24:05
https://github.com/settings/billing/budgets,Budgets,2025-12-04 01:24:05
https://github.com/settings/billing/premium_requests_usage,Billing Usage,2025-12-04 01:24:04
https://github.com/settings/billing/premium_requests_usage,Billing Usage,2025-12-04 01:24:04
https://github.com/settings/billing/premium_requests_usage,Billing Usage,2025-12-04 01:24:04
https://github.com/settings/billing/premium_requests_usage,Billing Usage,2025-12-04 01:24:04
https://github.com/settings/billing/premium_requests_usage?period=3&group=7&customer=32564797&chart_selection=2,Premium request analytics,2025-12-04 01:24:04
https://github.com/settings/billing/usage,GitHub · Where software is built,2025-12-04 01:24:00
https://github.com/settings/billing/usage,GitHub · Where software is built,2025-12-04 01:24:00
https://github.com/settings/billing/usage,GitHub · Where software is built,2025-12-04 01:24:00
https://github.com/settings/billing/usage,GitHub · Where software is built,2025-12-04 01:24:00
https://github.com/settings/billing/usage?period=3&group=0&customer=32564797,Billing Usage,2025-12-04 01:24:00
https://github.com/settings/billing,Billing Overview,2025-12-04 01:23:48
https://github.com/settings/billing,Billing Overview,2025-12-04 01:23:48
https://github.com/settings/billing,Billing Overview,2025-12-04 01:23:48
https://github.com/settings/billing,Billing Overview,2025-12-04 01:23:48
https://github.com/settings/education/benefits?locale=en-US,GitHub · Where software is built,2025-12-04 01:23:42
https://www.google.com/,Google,2025-12-04 01:21:35
https://canvas.illinoisstate.edu/,Dashboard,2025-12-03 05:42:30
https://canvas.illinoisstate.edu/courses/38385/assignments/661244,Topic Presentation,2025-12-03 05:42:25
https://canvas.illinoisstate.edu/,Dashboard,2025-12-03 05:42:04
https://canvas.illinoisstate.edu/courses/40105/assignments/627232?confetti=true,Outline 42 Week 15 M,2025-12-03 05:42:02
https://docs.google.com/document/d/1aAweaLLuP5o49ifx04eEFASzcYRNmMeJ6Xym36tuMx8/edit?tab=t.0#heading=h.j7cgp3uy599d,Outline 42 - Zac Davis - Google Docs,2025-12-03 05:41:42
https://docs.google.com/document/d/1aAweaLLuP5o49ifx04eEFASzcYRNmMeJ6Xym36tuMx8/edit?tab=t.0,Untitled document - Google Docs,2025-12-03 05:41:04
https://docs.google.com/document/d/1aAweaLLuP5o49ifx04eEFASzcYRNmMeJ6Xym36tuMx8/edit?tab=t.0#heading=h.bjl0w4j90cx4,Untitled document - Google Docs,2025-12-03 05:41:03
https://docs.google.com/document/d/1aAweaLLuP5o49ifx04eEFASzcYRNmMeJ6Xym36tuMx8/edit?tab=t.0,Untitled document - Google Docs,2025-12-03 05:40:54
https://docs.google.com/document/d/1aAweaLLuP5o49ifx04eEFASzcYRNmMeJ6Xym36tuMx8/edit?tab=t.0#heading=h.fpwpw357sz88,Untitled document - Google Docs,2025-12-03 05:40:52
https://docs.google.com/document/d/1aAweaLLuP5o49ifx04eEFASzcYRNmMeJ6Xym36tuMx8/edit?tab=t.0,Untitled document - Google Docs,2025-12-03 05:40:51
https://docs.google.com/document/d/1aAweaLLuP5o49ifx04eEFASzcYRNmMeJ6Xym36tuMx8/edit?tab=t.0#heading=h.fpwpw357sz88,Untitled document - Google Docs,2025-12-03 05:40:50
https://docs.google.com/document/d/1aAweaLLuP5o49ifx04eEFASzcYRNmMeJ6Xym36tuMx8/edit?tab=t.0,Untitled document - Google Docs,2025-12-03 05:40:48
https://docs.google.com/document/d/1aAweaLLuP5o49ifx04eEFASzcYRNmMeJ6Xym36tuMx8/edit?tab=t.0#heading=h.bjl0w4j90cx4,Untitled document - Google Docs,2025-12-03 05:40:44
https://docs.google.com/document/d/1aAweaLLuP5o49ifx04eEFASzcYRNmMeJ6Xym36tuMx8/edit?tab=t.0,Untitled document - Google Docs,2025-12-03 05:40:42
https://docs.google.com/document/d/1aAweaLLuP5o49ifx04eEFASzcYRNmMeJ6Xym36tuMx8/edit?tab=t.0,Untitled document - Google Docs,2025-12-03 05:40:39
https://docs.google.com/document/d/1aAweaLLuP5o49ifx04eEFASzcYRNmMeJ6Xym36tuMx8/edit?tab=t.0#heading=h.71mksbz8k9c1,Untitled document - Google Docs,2025-12-03 05:40:39
https://docs.google.com/document/d/1aAweaLLuP5o49ifx04eEFASzcYRNmMeJ6Xym36tuMx8/edit?tab=t.0#heading=h.j7cgp3uy599d,Outline 42 - Zac Davis - Google Docs,2025-12-03 05:40:28
https://docs.google.com/document/d/1aAweaLLuP5o49ifx04eEFASzcYRNmMeJ6Xym36tuMx8/edit?tab=t.0,Untitled document - Google Docs,2025-12-03 05:38:27
https://docs.google.com/document/d/1aAweaLLuP5o49ifx04eEFASzcYRNmMeJ6Xym36tuMx8/edit?tab=t.0#heading=h.j7cgp3uy599d,Outline 42 - Zac Davis - Google Docs,2025-12-03 05:38:15
https://canvas.illinoisstate.edu/courses/40105/assignments/627232,Outline 42 Week 15 M,2025-12-03 05:38:11
https://docs.google.com/document/u/0/create?usp=docs_home&ths=true,Untitled document - Google Docs,2025-12-03 05:38:04
https://docs.google.com/document/d/1aAweaLLuP5o49ifx04eEFASzcYRNmMeJ6Xym36tuMx8/edit?tab=t.0,Untitled document - Google Docs,2025-12-03 05:38:04
https://canvas.illinoisstate.edu/,Dashboard,2025-12-03 05:37:32
https://nam02.safelinks.protection.outlook.com/?url=https%3A%2F%2Fwww.caecommunity.org%2Finitiatives%2Finitiative-insure&data=05%7C02%7Crpbaksi%40ilstu.edu%7C482a139c77484ea5182708de17337696%7C085f983a0b694270b71d10695076bafe%7C0%7C0%7C638973706949780308%7CUnknown%7CTWFpbGZsb3d8eyJFbXB0eU1hcGkiOnRydWUsIlYiOiIwLjAuMDAwMCIsIlAiOiJXaW4zMiIsIkFOIjoiTWFpbCIsIldUIjoyfQ%3D%3D%7C0%7C%7C%7C&sdata=gfqQhQJUXwqr5LIM172WR5GnQoUl0KmDPNDMtYml0cs%3D&reserved=0,INSuRE | CAE Community,2025-12-03 05:36:10
https://www.caecommunity.org/initiatives/initiative-insure,INSuRE | CAE Community,2025-12-03 05:36:10
https://canvas.illinoisstate.edu/courses/40105/assignments/627232,Outline 42 Week 15 M,2025-12-03 05:35:51
https://canvas.illinoisstate.edu/courses/38385/discussion_topics/586313,Topic: INSuRE+E Program,2025-12-03 05:35:48
https://sso.canvaslms.com/delegated_auth_pass_through?target=https%3A%2F%2Fcanvas.illinoisstate.edu%2F,Dashboard,2025-12-03 05:35:05
https://canvas.illinoisstate.edu/,Dashboard,2025-12-03 05:35:05
https://login.microsoftonline.com/085f983a-0b69-4270-b71d-10695076bafe/saml2?SAMLRequest=hZLLbtswEEV%2FReBeIiVFL8Jy4MYoaiBtjEjpopuCEkcxAYp0OVTa%2Fn0ZP4p0k67nzpmZe2d1%2B2vW0Qs4VNa0JE0YicCMVirz3JKn%2FmNck9v1CsWssyPfLP5gHuHHAuij0GiQnystWZzhVqBCbsQMyP3Iu83ne54ljB%2Bd9Xa0mkQbRHA%2BjLqzBpcZXAfuRY3w9HjfkoP3R%2BSUItpEaa2MVYheeEhALlTJIw2gSWmgpz3oKz%2Bj%2B4eup133QKJt2EoZ4U%2BXXGHaPiuTzGp0Fu3krQlcSEY7U1YXU1PnImZD2cQ3WcXioUplnLKyKVhVDmICejqPRLttS75PaTXKqc5vqnKqhmbMM5GClLIUQyWbFIIMcYGdCUsb35KMZUWcZjHLe1bwvOAsTYqi%2Fkai%2FcWQD8qcjX7PveEsQv6p7%2Ffx67kk%2BnoNLAjIJR5%2Bmu7e5vI%2BWFzDIOv%2FW48HNQxWgz%2Bs6Ntxf3%2FjS%2BDvtnur1fg72mhtf945CISWeLcAoetL379ftP4D&RelayState=e1s2&sso_reload=true,Working...,2025-12-03 05:35:03
https://sso.illinoisstate.edu/idp/profile/SAML2/Redirect/SSO?execution=e1s2&_eventId_proceed=1,Central Login | Illinois State University - Saving Session Information...,2025-12-03 05:35:03
https://sso.illinoisstate.edu/idp/profile/SAML2/Redirect/SSO?execution=e1s3,Central Login | Illinois State University - Saving Session Information...,2025-12-03 05:35:03
https://sso.illinoisstate.edu/idp/profile/SAML2/Redirect/SSO?execution=e1s3,Central Login | Illinois State University - Saving Session Information...,2025-12-03 05:35:03
http://canvas.illinoisstate.edu/,Central Login | Illinois State University - Loading Session Information,2025-12-03 05:35:02
https://canvas.illinoisstate.edu/,Dashboard,2025-12-03 05:35:02
https://canvas.illinoisstate.edu/login,Central Login | Illinois State University - Loading Session Information,2025-12-03 05:35:02
https://canvas.illinoisstate.edu/login/saml,Central Login | Illinois State University - Loading Session Information,2025-12-03 05:35:02
https://sso.illinoisstate.edu/idp/profile/SAML2/Redirect/SSO?SAMLRequest=fZJPTxsxEMXvfIqV77veP0kKVhIpJEKNlEKUTXvggox3lozktbceO8C3x9m0KkiU69jv%2Fd48e0qy071YBH8wO%2FgdgHzy0mlDYjiYseCMsJKQhJEdkPBK1IsfG1Fmueid9VZZzd5JvlZIInAerWHJejVjD7IalfnkG6SjybhKR5dtk8qqadOqkI8tjIorNalY8gscRc2MRYsoJAqwNuSl8XGUl%2BO0KNO82udjUY1Fnt%2BzZBX3QCP9oDp435PgnMhmqDUaixTVHjJoAsem53GRFjXwU86S76BBB8rzur5jyeJv5KU1FDpwNbgjKvi52%2FyzVtIcJX3iru0TGn4qhiXbP3Vdo2nQPH3d1OP5Eonv%2B%2F023d7VezafnnzEsL%2Bbn9CR%2FBGJsRYXlA8OMmW7AVxO%2BXvd9Pzit5G4Xm2tRvWa3FjXSf%2F%2FQEVWDBNs0na4KoKhHhS2CE2sSGv7vHQQE8xY5APj8zP048%2BaX7wB&SigAlg=http%3A%2F%2Fwww.w3.org%2F2001%2F04%2Fxmldsig-more%23rsa-sha256&Signature=4VlDuiTyuychAG1PEfIags8tFA5YgTnX%2Bnxh67Im2ejsaBfFXgb7XOf5RNBEkl3qhpOZy83ii7PPGQ5%2Fdvv7ZTCJ7GsVk%2BoKc2y6m0LlSb89aXS%2BBL4zw63%2FLTupmVJATpvP%2FSpRMEM6SP7zAn8NBB6j7FTmkzpyxTqtzaK7tlN9EQh5mlq3QV1eJg76ddCwm4%2BqM7JTVTaHOJ0PMZqjXKWflGMJzmN%2FPpKgBdsvFiAUDQQ5Sn7Jf2YU7YRgWx7xJATcpHtYmR6wnPJ5oMo%2FP%2FmE8HkZempmzhAenlbnHSQ6gHPR01Wi1Tn70bOli6msFiUzFsYwmXNUy2NJq8MQdA%3D%3D,Central Login | Illinois State University - Loading Session Information,2025-12-03 05:35:02
https://sso.illinoisstate.edu/idp/profile/SAML2/Redirect/SSO?execution=e1s1,Central Login | Illinois State University - Loading Session Information,2025-12-03 05:35:02
https://docs.google.com/document/u/0/,Google Docs,2025-12-03 05:35:02
https://sso.illinoisstate.edu/idp/profile/SAML2/Redirect/SSO?execution=e1s2,Working...,2025-12-03 05:35:02
https://sso.illinoisstate.edu/idp/profile/Authn/SAML2/POST/SSO/start?conversation=e1s2,Working...,2025-12-03 05:35:02
https://login.microsoftonline.com/085f983a-0b69-4270-b71d-10695076bafe/saml2?SAMLRequest=hZLLbtswEEV%2FReBeIiVFL8Jy4MYoaiBtjEjpopuCEkcxAYp0OVTa%2Fn0ZP4p0k67nzpmZe2d1%2B2vW0Qs4VNa0JE0YicCMVirz3JKn%2FmNck9v1CsWssyPfLP5gHuHHAuij0GiQnystWZzhVqBCbsQMyP3Iu83ne54ljB%2Bd9Xa0mkQbRHA%2BjLqzBpcZXAfuRY3w9HjfkoP3R%2BSUItpEaa2MVYheeEhALlTJIw2gSWmgpz3oKz%2Bj%2B4eup133QKJt2EoZ4U%2BXXGHaPiuTzGp0Fu3krQlcSEY7U1YXU1PnImZD2cQ3WcXioUplnLKyKVhVDmICejqPRLttS75PaTXKqc5vqnKqhmbMM5GClLIUQyWbFIIMcYGdCUsb35KMZUWcZjHLe1bwvOAsTYqi%2Fkai%2FcWQD8qcjX7PveEsQv6p7%2Ffx67kk%2BnoNLAjIJR5%2Bmu7e5vI%2BWFzDIOv%2FW48HNQxWgz%2Bs6Ntxf3%2FjS%2BDvtnur1fg72mhtf945CISWeLcAoetL379ftP4D&RelayState=e1s2,Working...,2025-12-03 05:35:02
https://www.google.com/,Google,2025-12-03 05:34:49
https://github.com/zcdvs/IT360-Sect-2-Project-Browser-Forensics,zcdvs/IT360-Sect-2-Project-Browser-Forensics,2025-12-02 07:23:39
https://github.com/zcdvs/IT360-Sect-2-Project-Browser-Forensics/tree/cody-test/Browser%20Data,IT360-Sect-2-Project-Browser-Forensics/Browser Data at cody-test · zcdvs/IT360-Sect-2-Project-Browser-Forensics,2025-12-02 07:23:38
https://github.com/zcdvs/IT360-Sect-2-Project-Browser-Forensics/tree/cody-test/Browser%20Data/Chrome,IT360-Sect-2-Project-Browser-Forensics/Browser Data/Chrome at cody-test · zcdvs/IT360-Sect-2-Project-Browser-Forensics,2025-12-02 07:23:37
https://github.com/zcdvs/IT360-Sect-2-Project-Browser-Forensics/tree/cody-test/Browser%20Data/Firefox,IT360-Sect-2-Project-Browser-Forensics/Browser Data/Firefox at cody-test · zcdvs/IT360-Sect-2-Project-Browser-Forensics,2025-12-02 07:23:34
https://github.com/zcdvs/IT360-Sect-2-Project-Browser-Forensics/tree/cody-test/Browser%20Data/Chrome,IT360-Sect-2-Project-Browser-Forensics/Browser Data/Chrome at cody-test · zcdvs/IT360-Sect-2-Project-Browser-Forensics,2025-12-02 07:23:32
https://github.com/zcdvs/IT360-Sect-2-Project-Browser-Forensics/tree/cody-test/Browser%20Data,IT360-Sect-2-Project-Browser-Forensics/Browser Data at cody-test · zcdvs/IT360-Sect-2-Project-Browser-Forensics,2025-12-02 07:23:31
https://github.com/zcdvs/IT360-Sect-2-Project-Browser-Forensics/tree/cody-test,zcdvs/IT360-Sect-2-Project-Browser-Forensics at cody-test,2025-12-02 07:23:29
https://github.com/zcdvs/IT360-Sect-2-Project-Browser-Forensics/commit/e6b532b48b51943c037227efeca61a9b1c0b1902,"Added file that fetches saved autofill information in Chrome, display… · zcdvs/IT360-Sect-2-Project-Browser-Forensics@e6b532b",2025-12-02 07:23:26
https://github.com/zcdvs/IT360-Sect-2-Project-Browser-Forensics/commit/e6b532b48b51943c037227efeca61a9b1c0b1902,"Added file that fetches saved autofill information in Chrome, display… · zcdvs/IT360-Sect-2-Project-Browser-Forensics@e6b532b",2025-12-02 07:23:26
https://github.com/zcdvs/IT360-Sect-2-Project-Browser-Forensics/commit/e6b532b48b51943c037227efeca61a9b1c0b1902,"Added file that fetches saved autofill information in Chrome, display… · zcdvs/IT360-Sect-2-Project-Browser-Forensics@e6b532b",2025-12-02 07:23:26
https://github.com/zcdvs/IT360-Sect-2-Project-Browser-Forensics/commit/e6b532b48b51943c037227efeca61a9b1c0b1902,"Added file that fetches saved autofill information in Chrome, display… · zcdvs/IT360-Sect-2-Project-Browser-Forensics@e6b532b",2025-12-02 07:23:26
https://github.com/zcdvs/IT360-Sect-2-Project-Browser-Forensics/tree/cody-test,zcdvs/IT360-Sect-2-Project-Browser-Forensics at cody-test,2025-12-02 07:20:06
https://github.com/zcdvs/IT360-Sect-2-Project-Browser-Forensics/tree/cody-test,zcdvs/IT360-Sect-2-Project-Browser-Forensics at cody-test,2025-12-02 07:20:06
https://github.com/zcdvs/IT360-Sect-2-Project-Browser-Forensics,zcdvs/IT360-Sect-2-Project-Browser-Forensics,2025-12-02 07:20:01
https://github.com/dashboard,GitHub Dashboard,2025-12-02 07:19:47
https://github.com/settings/education/benefits?locale=en-US,GitHub · Where software is built,2025-12-02 07:19:45
https://github.com/settings/emails,Email settings,2025-12-02 07:18:43
https://github.com/settings/education/benefits?locale=en-US,GitHub · Where software is built,2025-12-02 07:18:43
https://github.com/settings/emails,Email settings,2025-12-02 07:18:42
https://github.com/settings/copilot/features,Copilot,2025-12-02 07:18:34
https://github.com/settings/copilot/features,Copilot,2025-12-02 07:18:34
https://github.com/settings/emails,Email settings,2025-12-02 07:18:18
https://github.com/settings/education/benefits?locale=en-US,GitHub · Where software is built,2025-12-02 07:18:17
https://github.com/settings/education/benefits?locale=en-US,GitHub · Where software is built,2025-12-02 07:17:13
https://www.google.com/,Google,2025-12-02 07:17:07
https://github.com/search?q=chrome+decryptor&type=repositories&s=updated&o=desc,Repository search results,2025-12-02 05:23:14
https://github.com/abatsakidis/PassGhost-Browsers-Passwords-Decryptor,abatsakidis/PassGhost-Browsers-Passwords-Decryptor: A simple set of tools to decrypt saved passwords from Mozilla Firefox and Google Chrome browsers on Windows.,2025-12-02 05:22:44
https://github.com/abatsakidis/PassGhost-Browsers-Passwords-Decryptor/tree/main/PassGhostDecryptor,PassGhost-Browsers-Passwords-Decryptor/PassGhostDecryptor at main · abatsakidis/PassGhost-Browsers-Passwords-Decryptor,2025-12-02 05:22:42
https://github.com/abatsakidis/PassGhost-Browsers-Passwords-Decryptor,abatsakidis/PassGhost-Browsers-Passwords-Decryptor: A simple set of tools to decrypt saved passwords from Mozilla Firefox and Google Chrome browsers on Windows.,2025-12-02 05:22:36
https://github.com/search?q=chrome+decryptor&type=repositories&s=updated&o=desc,Repository search results,2025-12-02 05:22:23
https://github.com/golub-kirill/chrome_decryptor,golub-kirill/chrome_decryptor,2025-12-02 05:22:22
https://github.com/golub-kirill/chrome_decryptor/blob/master/decryptor.py,chrome_decryptor/decryptor.py at master · golub-kirill/chrome_decryptor,2025-12-02 05:20:21
https://github.com/golub-kirill/chrome_decryptor,golub-kirill/chrome_decryptor,2025-12-02 05:20:14
https://github.com/search?q=chrome+decryptor&type=repositories&s=updated&o=desc,Repository search results,2025-12-02 05:19:57
https://github.com/search?q=chrome%20decryptor&type=repositories,Repository search results,2025-12-02 05:19:52
https://github.com/simpleperson123/ChromeDecryptor/tree/master/ChromeDecryptorV2,ChromeDecryptor/ChromeDecryptorV2 at master · simpleperson123/ChromeDecryptor,2025-12-02 05:17:50
https://github.com/simpleperson123/ChromeDecryptor,simpleperson123/ChromeDecryptor: Decryptor for Chrome login data. Supports older Chrome versions (below 80) and (>80),2025-12-02 05:17:50
https://github.com/simpleperson123/ChromeDecryptor/blob/master/ChromeDecryptorV2/Program.cs,ChromeDecryptor/ChromeDecryptorV2/Program.cs at master · simpleperson123/ChromeDecryptor,2025-12-02 05:17:49
https://github.com/simpleperson123/ChromeDecryptor/blob/master/ChromeDecryptorV2/ChromeDecryptorV2.csproj,ChromeDecryptor/ChromeDecryptorV2/ChromeDecryptorV2.csproj at master · simpleperson123/ChromeDecryptor,2025-12-02 05:17:49
https://github.com/simpleperson123/ChromeDecryptor/blob/master/ChromeDecryptorV2.sln,ChromeDecryptor/ChromeDecryptorV2.sln at master · simpleperson123/ChromeDecryptor,2025-12-02 05:17:48
https://github.com/simpleperson123/ChromeDecryptor/blob/master/ChromeDecryptorV2/Program.cs,ChromeDecryptor/ChromeDecryptorV2/Program.cs at master · simpleperson123/ChromeDecryptor,2025-12-02 05:17:12
https://github.com/simpleperson123/ChromeDecryptor/blob/master/ChromeDecryptorV2.sln,ChromeDecryptor/ChromeDecryptorV2.sln at master · simpleperson123/ChromeDecryptor,2025-12-02 05:17:11
https://github.com/simpleperson123/ChromeDecryptor/blob/master/ChromeDecryptorV2/Program.cs,ChromeDecryptor/ChromeDecryptorV2/Program.cs at master · simpleperson123/ChromeDecryptor,2025-12-02 05:17:09
https://www.google.com/search?q=what+version+chrome+am+i+on&rlz=1C1AVFC_enUS1164US1164&oq=what+version+chrome+am+i+on&gs_lcrp=EgZjaHJvbWUyBggAEEUYOTIICAEQABgWGB4yCAgCEAAYFhgeMggIAxAAGBYYHjIICAQQABgWGB4yCAgFEAAYFhgeMggIBhAAGBYYHjIICAcQABgWGB4yCAgIEAAYFhgeMg0ICRAAGIYDGIAEGIoF0gEINDIzMWowajeoAgCwAgA&sourceid=chrome&ie=UTF-8,what version chrome am i on - Google Search,2025-12-02 05:16:42
https://github.com/simpleperson123/ChromeDecryptor/blob/master/ChromeDecryptorV2/ChromeDecryptorV2.csproj,ChromeDecryptor/ChromeDecryptorV2/ChromeDecryptorV2.csproj at master · simpleperson123/ChromeDecryptor,2025-12-02 05:16:35
https://github.com/simpleperson123/ChromeDecryptor/blob/master/ChromeDecryptorV2/Program.cs,ChromeDecryptor/ChromeDecryptorV2/Program.cs at master · simpleperson123/ChromeDecryptor,2025-12-02 05:16:23
https://github.com/simpleperson123/ChromeDecryptor/blob/master/ChromeDecryptorV2/ChromeDecryptorV2.csproj,ChromeDecryptor/ChromeDecryptorV2/ChromeDecryptorV2.csproj at master · simpleperson123/ChromeDecryptor,2025-12-02 05:16:19
https://github.com/simpleperson123/ChromeDecryptor/tree/master/ChromeDecryptorV2,ChromeDecryptor/ChromeDecryptorV2 at master · simpleperson123/ChromeDecryptor,2025-12-02 05:16:17
https://github.com/simpleperson123/ChromeDecryptor,simpleperson123/ChromeDecryptor: Decryptor for Chrome login data. Supports older Chrome versions (below 80) and (>80),2025-12-02 05:16:10
https://github.com/search?q=chrome%20decryptor&type=repositories,Repository search results,2025-12-02 05:16:03
https://github.com/NABEGHEHACOM/ChromeDecryptor,NABEGHEHACOM/ChromeDecryptor: demonstrate how easy it is for hackers to extract every username and password saved on your Chrome profile.,2025-12-02 05:15:44
https://github.com/search?q=chrome%20decryptor&type=repositories,Repository search results,2025-12-02 05:15:25
https://github.com/,GitHub,2025-12-02 05:15:16
https://www.google.com/search?q=github&sca_esv=e0aabfe7adf79f39&sxsrf=AE3TifPy3vCKVDAPv8Gly_KEFAlAcGtDkQ%3A1764652506034&source=hp&ei=2XUuaaX3PKWiptQP3oeziQk&iflsig=AOw8s4IAAAAAaS6D6oNCcuK-BDBGKpqOH-3_k-ivNYRR&ved=0ahUKEwjlx5bukp6RAxUlkYkEHd7DLJEQ4dUDCBs&uact=5&oq=github&gs_lp=Egdnd3Mtd2l6IgZnaXRodWIyChAjGIAEGCcYigUyERAuGIAEGLEDGNEDGIMBGMcBMggQABiABBixAzIIEAAYgAQYsQMyCBAAGIAEGLEDMggQABiABBixAzIIEAAYgAQYsQMyCxAAGIAEGLEDGIMBMggQABiABBixAzIIEAAYgAQYsQNIoAhQAFjaBnAAeACQAQCYAUWgAesCqgEBNrgBA8gBAPgBAZgCBqAC_wLCAgcQIxjwBRgnwgIEECMYJ8ICCxAuGIAEGLEDGIMBwgIFEC4YgATCAg4QABiABBixAxiDARiKBcICCxAuGIAEGMcBGK8BwgIIEC4YgAQYsQPCAhEQLhiABBixAxiDARjHARivAZgDAJIHATagB4JDsgcBNrgH_wLCBwUwLjUuMcgHDw&sclient=gws-wiz,github - Google Search,2025-12-02 05:15:13
https://www.google.com/,Google,2025-12-02 05:15:06
https://www.google.com/?zx=1764652506538&no_sw_cr=1,Google,2025-12-02 05:15:06
https://www.google.com/search?sa=X&sca_esv=c302aaa6c87d965b&rlz=1C1AVFC_enUS1164US1164&sxsrf=AE3TifOHGzI3cxMWJeAwAtoXErN_6Ix0LA:1764628733183&udm=2&fbs=AIIjpHxU7SXXniUZfeShr2fp4giZjSkgYzz5-5RrRWAIniWd7oS2acQmjlbnmSjnfgHYYvTUBHcHTgOHUT-4czafcOf4lSRANYA23guBi9BsPpgnIDIm1dsxn0ABXhTmnh-c9-BFsUdADNyvd6ug9J91qjFQA6Ve_y5_Tq8aMrGVOhld4zcmczCpkbVRYyA8vLUB2wEqs7vdzvZuAH39a879H2ReA0hH3w&q=golf+apple+watch+app+swing+path&ved=2ahUKEwjU7bSmup2RAxWzGtAFHdzODjsQtKgLegQIDhAB&biw=2560&bih=1271&dpr=1#vhid=1GvqhP3aDTbPAM&vssid=mosaic,golf apple watch app swing path - Google Search,2025-12-01 22:39:14
https://www.google.com/search?sa=X&sca_esv=c302aaa6c87d965b&rlz=1C1AVFC_enUS1164US1164&sxsrf=AE3TifOHGzI3cxMWJeAwAtoXErN_6Ix0LA:1764628733183&udm=2&fbs=AIIjpHxU7SXXniUZfeShr2fp4giZjSkgYzz5-5RrRWAIniWd7oS2acQmjlbnmSjnfgHYYvTUBHcHTgOHUT-4czafcOf4lSRANYA23guBi9BsPpgnIDIm1dsxn0ABXhTmnh-c9-BFsUdADNyvd6ug9J91qjFQA6Ve_y5_Tq8aMrGVOhld4zcmczCpkbVRYyA8vLUB2wEqs7vdzvZuAH39a879H2ReA0hH3w&q=golf+apple+watch+app+swing+path&ved=2ahUKEwjU7bSmup2RAxWzGtAFHdzODjsQtKgLegQIDhAB&biw=2560&bih=1271&dpr=1,golf apple watch app swing path - Google Search,2025-12-01 22:39:09
https://www.google.com/search?sa=X&sca_esv=c302aaa6c87d965b&rlz=1C1AVFC_enUS1164US1164&sxsrf=AE3TifOHGzI3cxMWJeAwAtoXErN_6Ix0LA:1764628733183&udm=2&fbs=AIIjpHxU7SXXniUZfeShr2fp4giZjSkgYzz5-5RrRWAIniWd7oS2acQmjlbnmSjnfgHYYvTUBHcHTgOHUT-4czafcOf4lSRANYA23guBi9BsPpgnIDIm1dsxn0ABXhTmnh-c9-BFsUdADNyvd6ug9J91qjFQA6Ve_y5_Tq8aMrGVOhld4zcmczCpkbVRYyA8vLUB2wEqs7vdzvZuAH39a879H2ReA0hH3w&q=golf+apple+watch+app+swing+path&ved=2ahUKEwjU7bSmup2RAxWzGtAFHdzODjsQtKgLegQIDhAB&biw=2560&bih=1271&dpr=1#vhid=HIlt5Ni2s58bRM&vssid=mosaic,golf apple watch app swing path - Google Search,2025-12-01 22:39:08
https://www.google.com/search?sa=X&sca_esv=c302aaa6c87d965b&rlz=1C1AVFC_enUS1164US1164&sxsrf=AE3TifOHGzI3cxMWJeAwAtoXErN_6Ix0LA:1764628733183&udm=2&fbs=AIIjpHxU7SXXniUZfeShr2fp4giZjSkgYzz5-5RrRWAIniWd7oS2acQmjlbnmSjnfgHYYvTUBHcHTgOHUT-4czafcOf4lSRANYA23guBi9BsPpgnIDIm1dsxn0ABXhTmnh-c9-BFsUdADNyvd6ug9J91qjFQA6Ve_y5_Tq8aMrGVOhld4zcmczCpkbVRYyA8vLUB2wEqs7vdzvZuAH39a879H2ReA0hH3w&q=golf+apple+watch+app+swing+path&ved=2ahUKEwjU7bSmup2RAxWzGtAFHdzODjsQtKgLegQIDhAB&biw=2560&bih=1271&dpr=1#vhid=1GvqhP3aDTbPAM&vssid=mosaic,golf apple watch app swing path - Google Search,2025-12-01 22:39:01
https://www.google.com/search?sa=X&sca_esv=c302aaa6c87d965b&rlz=1C1AVFC_enUS1164US1164&sxsrf=AE3TifOHGzI3cxMWJeAwAtoXErN_6Ix0LA:1764628733183&udm=2&fbs=AIIjpHxU7SXXniUZfeShr2fp4giZjSkgYzz5-5RrRWAIniWd7oS2acQmjlbnmSjnfgHYYvTUBHcHTgOHUT-4czafcOf4lSRANYA23guBi9BsPpgnIDIm1dsxn0ABXhTmnh-c9-BFsUdADNyvd6ug9J91qjFQA6Ve_y5_Tq8aMrGVOhld4zcmczCpkbVRYyA8vLUB2wEqs7vdzvZuAH39a879H2ReA0hH3w&q=golf+apple+watch+app+swing+path&ved=2ahUKEwjU7bSmup2RAxWzGtAFHdzODjsQtKgLegQIDhAB&biw=2560&bih=1271&dpr=1,golf apple watch app swing path - Google Search,2025-12-01 22:38:54
https://www.google.com/search?sca_esv=c302aaa6c87d965b&rlz=1C1AVFC_enUS1164US1164&sxsrf=AE3TifMin7v1BJngvgP3NyR9capZwlHHYA:1764628730035&udm=7&fbs=AIIjpHxU7SXXniUZfeShr2fp4giZjSkgYzz5-5RrRWAIniWd7oS2acQmjlbnmSjnfgHYYvTUBHcHTgOHUT-4czafcOf415Jw-l8LSxTPOZibYMc1nJJ4NtlXYtYNyX5Cx2LLtK8gw7mKtfyMGbKNrAIHIIS0MG00-T9eFxEGX_s99gIFk0Lbnr9dYagl7RzxNxI_NJTYRSXAnfQ_5iK6m8ZyHAhkLj6dUA&q=golf+apple+watch+app+swing+path&sa=X&ved=2ahUKEwiE2PSkup2RAxUY38kDHR7VDqoQtKgLegQIFRAB&biw=2560&bih=1271&dpr=1,golf apple watch app swing path - Google Search,2025-12-01 22:38:53
https://www.google.com/search?q=golf+apple+watch+app+swing+path&rlz=1C1AVFC_enUS1164US1164&oq=golf+apple+watch+app+swing+path&gs_lcrp=EgZjaHJvbWUyBggAEEUYOTIICAEQABgWGB4yCAgCEAAYFhgeMggIAxAAGBYYHjIICAQQABgWGB4yCAgFEAAYFhgeMggIBhAAGBYYHjIICAcQABgWGB4yCAgIEAAYFhgeMg0ICRAAGIYDGIAEGIoF0gEINTIyOWowajeoAgCwAgA&sourceid=chrome&ie=UTF-8,golf apple watch app swing path - Google Search,2025-12-01 22:38:50
https://docs.google.com/presentation/d/1X7UNoLhg3lFQwRu24WbfUc8KvmnwDzpAU0O3aNlL7xs/edit?slide=id.g3ac79df5e6a_1_26#slide=id.g3ac79df5e6a_1_26,Bowling Stat Tracker - Google Slides,2025-12-01 22:37:36
https://docs.google.com/presentation/d/1X7UNoLhg3lFQwRu24WbfUc8KvmnwDzpAU0O3aNlL7xs/edit?slide=id.g3ac79df5e6a_1_21#slide=id.g3ac79df5e6a_1_21,Bowling Stat Tracker - Google Slides,2025-12-01 22:37:20
https://www.google.com/search?q=swiftui&rlz=1C1AVFC_enUS1164US1164&oq=swiftui&gs_lcrp=EgZjaHJvbWUyDwgAEEUYORiDARixAxiABDIMCAEQABhDGIAEGIoFMgwIAhAAGBQYhwIYgAQyDAgDEAAYQxiABBiKBTIMCAQQABhDGIAEGIoFMgwIBRAAGEMYgAQYigUyBwgGEAAYgAQyDAgHEAAYQxiABBiKBTIMCAgQABhDGIAEGIoFMgwICRAAGEMYgAQYigXSAQgyNzc3ajBqOagCALACAfEFnYkXWvcidlE&sourceid=chrome&ie=UTF-8,swiftui - Google Search,2025-12-01 22:36:59
https://docs.google.com/presentation/d/1X7UNoLhg3lFQwRu24WbfUc8KvmnwDzpAU0O3aNlL7xs/edit?slide=id.g3ac79df5e6a_1_16#slide=id.g3ac79df5e6a_1_16,Bowling Stat Tracker - Google Slides,2025-12-01 22:36:41
https://docs.google.com/presentation/d/1X7UNoLhg3lFQwRu24WbfUc8KvmnwDzpAU0O3aNlL7xs/edit?slide=id.g3ac79df5e6a_1_11#slide=id.g3ac79df5e6a_1_11,Bowling Stat Tracker - Google Slides,2025-12-01 22:35:12
https://docs.google.com/presentation/d/1X7UNoLhg3lFQwRu24WbfUc8KvmnwDzpAU0O3aNlL7xs/edit?slide=id.g3ac79df5e6a_1_5#slide=id.g3ac79df5e6a_1_5,Bowling Stat Tracker - Google Slides,2025-12-01 22:34:24
https://docs.google.com/presentation/d/1X7UNoLhg3lFQwRu24WbfUc8KvmnwDzpAU0O3aNlL7xs/edit?slide=id.g3ac79df5e6a_1_0#slide=id.g3ac79df5e6a_1_0,Bowling Stat Tracker - Google Slides,2025-12-01 22:33:26
https://docs.google.com/presentation/d/1X7UNoLhg3lFQwRu24WbfUc8KvmnwDzpAU0O3aNlL7xs/edit?slide=id.g3ac79df5e6a_0_131#slide=id.g3ac79df5e6a_0_131,Bowling Stat Tracker - Google Slides,2025-12-01 22:33:05
https://docs.google.com/presentation/d/1X7UNoLhg3lFQwRu24WbfUc8KvmnwDzpAU0O3aNlL7xs/edit?slide=id.g3ac79df5e6a_1_51#slide=id.g3ac79df5e6a_1_51,Bowling Stat Tracker - Google Slides,2025-12-01 22:31:58
https://docs.google.com/presentation/d/1X7UNoLhg3lFQwRu24WbfUc8KvmnwDzpAU0O3aNlL7xs/edit?slide=id.g3ac79df5e6a_0_125#slide=id.g3ac79df5e6a_0_125,Bowling Stat Tracker - Google Slides,2025-12-01 22:31:30
https://docs.google.com/presentation/d/1X7UNoLhg3lFQwRu24WbfUc8KvmnwDzpAU0O3aNlL7xs/edit?slide=id.p#slide=id.p,Bowling Stat Tracker - Google Slides,2025-12-01 22:30:42
https://docs.google.com/presentation/d/1X7UNoLhg3lFQwRu24WbfUc8KvmnwDzpAU0O3aNlL7xs/edit?slide=id.g3ac79df5e6a_1_26#slide=id.g3ac79df5e6a_1_26,Bowling Stat Tracker - Google Slides,2025-12-01 22:28:48
https://www.google.com/search?sa=X&sca_esv=c302aaa6c87d965b&rlz=1C1AVFC_enUS1164US1164&sxsrf=AE3TifOM8FXo_sVfnv-R3OPCAQm7hF2aWA:1764628068822&uds=AOm0WdE2fekQnsyfYEw8JPYozOKzPiMYiw3mkUw3bpTCzNmBKDPPkGNkKSV0p-KVnZT1Ll4tju_PkYkxLwCTMvyiunHc_xLqxV4l1YnWY4DEtroclpeKHnRramWgOzEjFSSTGBbLQKnKb5h7YMvgiFaXW18mv8fJ7jwdrrFCfhnOKstUaaHpocA&udm=2&fbs=AIIjpHxU7SXXniUZfeShr2fp4giZ1Y6MJ25_tmWITc7uy4KIeoJTKjrFjVxydQWqI2NcOhZVmrJB8DQUK5IzxA2fZbQF4YL5sNSRJGgx0e9Z9AxExzjE4_ynshmXB4KOs3cwRUeWWsKhEolaqKblYfDXcX8o44lrMqH67kppK0pOExd7q2yJDRQQKlpEBHmw6_MVnVB63-D4QfZ_FNhtd2-sQaouA4jq5w&q=transparent+background+money+signs&ved=2ahUKEwjzo8_pt52RAxVC2BoGHaT-PEsQtKgLegQIGRAB&biw=2560&bih=1271&dpr=1#vhid=o4evNOObQ1StfM&vssid=mosaic,transparent background money signs - Google Search,2025-12-01 22:28:08
https://www.google.com/search?sa=X&sca_esv=c302aaa6c87d965b&rlz=1C1AVFC_enUS1164US1164&sxsrf=AE3TifOM8FXo_sVfnv-R3OPCAQm7hF2aWA:1764628068822&uds=AOm0WdE2fekQnsyfYEw8JPYozOKzPiMYiw3mkUw3bpTCzNmBKDPPkGNkKSV0p-KVnZT1Ll4tju_PkYkxLwCTMvyiunHc_xLqxV4l1YnWY4DEtroclpeKHnRramWgOzEjFSSTGBbLQKnKb5h7YMvgiFaXW18mv8fJ7jwdrrFCfhnOKstUaaHpocA&udm=2&fbs=AIIjpHxU7SXXniUZfeShr2fp4giZ1Y6MJ25_tmWITc7uy4KIeoJTKjrFjVxydQWqI2NcOhZVmrJB8DQUK5IzxA2fZbQF4YL5sNSRJGgx0e9Z9AxExzjE4_ynshmXB4KOs3cwRUeWWsKhEolaqKblYfDXcX8o44lrMqH67kppK0pOExd7q2yJDRQQKlpEBHmw6_MVnVB63-D4QfZ_FNhtd2-sQaouA4jq5w&q=transparent+background+money+signs&ved=2ahUKEwjzo8_pt52RAxVC2BoGHaT-PEsQtKgLegQIGRAB&biw=2560&bih=1271&dpr=1#vhid=IvYrxJMPxLpfhM&vssid=mosaic,transparent background money signs - Google Search,2025-12-01 22:28:04
https://www.google.com/search?sa=X&sca_esv=c302aaa6c87d965b&rlz=1C1AVFC_enUS1164US1164&sxsrf=AE3TifOM8FXo_sVfnv-R3OPCAQm7hF2aWA:1764628068822&uds=AOm0WdE2fekQnsyfYEw8JPYozOKzPiMYiw3mkUw3bpTCzNmBKDPPkGNkKSV0p-KVnZT1Ll4tju_PkYkxLwCTMvyiunHc_xLqxV4l1YnWY4DEtroclpeKHnRramWgOzEjFSSTGBbLQKnKb5h7YMvgiFaXW18mv8fJ7jwdrrFCfhnOKstUaaHpocA&udm=2&fbs=AIIjpHxU7SXXniUZfeShr2fp4giZ1Y6MJ25_tmWITc7uy4KIeoJTKjrFjVxydQWqI2NcOhZVmrJB8DQUK5IzxA2fZbQF4YL5sNSRJGgx0e9Z9AxExzjE4_ynshmXB4KOs3cwRUeWWsKhEolaqKblYfDXcX8o44lrMqH67kppK0pOExd7q2yJDRQQKlpEBHmw6_MVnVB63-D4QfZ_FNhtd2-sQaouA4jq5w&q=transparent+background+money+signs&ved=2ahUKEwjzo8_pt52RAxVC2BoGHaT-PEsQtKgLegQIGRAB&biw=2560&bih=1271&dpr=1#vhid=qq9dq6bwiCDY1M&vssid=mosaic,transparent background money signs - Google Search,2025-12-01 22:28:01
https://www.google.com/search?sa=X&sca_esv=c302aaa6c87d965b&rlz=1C1AVFC_enUS1164US1164&sxsrf=AE3TifOM8FXo_sVfnv-R3OPCAQm7hF2aWA:1764628068822&uds=AOm0WdE2fekQnsyfYEw8JPYozOKzPiMYiw3mkUw3bpTCzNmBKDPPkGNkKSV0p-KVnZT1Ll4tju_PkYkxLwCTMvyiunHc_xLqxV4l1YnWY4DEtroclpeKHnRramWgOzEjFSSTGBbLQKnKb5h7YMvgiFaXW18mv8fJ7jwdrrFCfhnOKstUaaHpocA&udm=2&fbs=AIIjpHxU7SXXniUZfeShr2fp4giZ1Y6MJ25_tmWITc7uy4KIeoJTKjrFjVxydQWqI2NcOhZVmrJB8DQUK5IzxA2fZbQF4YL5sNSRJGgx0e9Z9AxExzjE4_ynshmXB4KOs3cwRUeWWsKhEolaqKblYfDXcX8o44lrMqH67kppK0pOExd7q2yJDRQQKlpEBHmw6_MVnVB63-D4QfZ_FNhtd2-sQaouA4jq5w&q=transparent+background+money+signs&ved=2ahUKEwjzo8_pt52RAxVC2BoGHaT-PEsQtKgLegQIGRAB&biw=2560&bih=1271&dpr=1#vhid=y3YOSBnHTo2TdM&vssid=mosaic,transparent background money signs - Google Search,2025-12-01 22:27:59
https://www.google.com/search?sa=X&sca_esv=c302aaa6c87d965b&rlz=1C1AVFC_enUS1164US1164&sxsrf=AE3TifOM8FXo_sVfnv-R3OPCAQm7hF2aWA:1764628068822&uds=AOm0WdE2fekQnsyfYEw8JPYozOKzPiMYiw3mkUw3bpTCzNmBKDPPkGNkKSV0p-KVnZT1Ll4tju_PkYkxLwCTMvyiunHc_xLqxV4l1YnWY4DEtroclpeKHnRramWgOzEjFSSTGBbLQKnKb5h7YMvgiFaXW18mv8fJ7jwdrrFCfhnOKstUaaHpocA&udm=2&fbs=AIIjpHxU7SXXniUZfeShr2fp4giZ1Y6MJ25_tmWITc7uy4KIeoJTKjrFjVxydQWqI2NcOhZVmrJB8DQUK5IzxA2fZbQF4YL5sNSRJGgx0e9Z9AxExzjE4_ynshmXB4KOs3cwRUeWWsKhEolaqKblYfDXcX8o44lrMqH67kppK0pOExd7q2yJDRQQKlpEBHmw6_MVnVB63-D4QfZ_FNhtd2-sQaouA4jq5w&q=transparent+background+money+signs&ved=2ahUKEwjzo8_pt52RAxVC2BoGHaT-PEsQtKgLegQIGRAB&biw=2560&bih=1271&dpr=1#vhid=gE6EK8rg_kUxwM&vssid=mosaic,transparent background money signs - Google Search,2025-12-01 22:27:56
https://www.google.com/search?sa=X&sca_esv=c302aaa6c87d965b&rlz=1C1AVFC_enUS1164US1164&sxsrf=AE3TifOM8FXo_sVfnv-R3OPCAQm7hF2aWA:1764628068822&uds=AOm0WdE2fekQnsyfYEw8JPYozOKzPiMYiw3mkUw3bpTCzNmBKDPPkGNkKSV0p-KVnZT1Ll4tju_PkYkxLwCTMvyiunHc_xLqxV4l1YnWY4DEtroclpeKHnRramWgOzEjFSSTGBbLQKnKb5h7YMvgiFaXW18mv8fJ7jwdrrFCfhnOKstUaaHpocA&udm=2&fbs=AIIjpHxU7SXXniUZfeShr2fp4giZ1Y6MJ25_tmWITc7uy4KIeoJTKjrFjVxydQWqI2NcOhZVmrJB8DQUK5IzxA2fZbQF4YL5sNSRJGgx0e9Z9AxExzjE4_ynshmXB4KOs3cwRUeWWsKhEolaqKblYfDXcX8o44lrMqH67kppK0pOExd7q2yJDRQQKlpEBHmw6_MVnVB63-D4QfZ_FNhtd2-sQaouA4jq5w&q=transparent+background+money+signs&ved=2ahUKEwjzo8_pt52RAxVC2BoGHaT-PEsQtKgLegQIGRAB&biw=2560&bih=1271&dpr=1,transparent background money signs - Google Search,2025-12-01 22:27:54
https://www.google.com/search?sca_esv=c302aaa6c87d965b&rlz=1C1AVFC_enUS1164US1164&sxsrf=AE3TifMoF98l1CghJWTtxzaA01DFTl5WfA:1764628065858&q=transparent+background+money+signs&uds=AOm0WdE2fekQnsyfYEw8JPYozOKzPiMYiw3mkUw3bpTCzNmBKDPPkGNkKSV0p-KVnZT1Ll4tju_PkYkxLwCTMvyiunHc_xLqxV4l1YnWY4DEtroclpeKHnRramWgOzEjFSSTGBbLQKnKb5h7YMvgiFaXW18mv8fJ7jwdrrFCfhnOKstUaaHpocA&sa=X&sqi=2&ved=2ahUKEwjsx5rot52RAxXBjYkEHYSqN6EQxKsJKAB6BAgPEAE&ictx=0&biw=2560&bih=1271&dpr=1#vhid=gE6EK8rg_kUxwM&vssid=_ZBYuafPhMcKw6-APpP3z2QQ_79,transparent background money signs - Google Search,2025-12-01 22:27:51
https://www.google.com/search?sca_esv=c302aaa6c87d965b&rlz=1C1AVFC_enUS1164US1164&sxsrf=AE3TifMoF98l1CghJWTtxzaA01DFTl5WfA:1764628065858&q=transparent+background+money+signs&uds=AOm0WdE2fekQnsyfYEw8JPYozOKzPiMYiw3mkUw3bpTCzNmBKDPPkGNkKSV0p-KVnZT1Ll4tju_PkYkxLwCTMvyiunHc_xLqxV4l1YnWY4DEtroclpeKHnRramWgOzEjFSSTGBbLQKnKb5h7YMvgiFaXW18mv8fJ7jwdrrFCfhnOKstUaaHpocA&sa=X&sqi=2&ved=2ahUKEwjsx5rot52RAxXBjYkEHYSqN6EQxKsJKAB6BAgPEAE&ictx=0&biw=2560&bih=1271&dpr=1#vhid=IvYrxJMPxLpfhM&vssid=_ZBYuafPhMcKw6-APpP3z2QQ_79,transparent background money signs - Google Search,2025-12-01 22:27:50
https://www.google.com/search?sca_esv=c302aaa6c87d965b&rlz=1C1AVFC_enUS1164US1164&sxsrf=AE3TifMoF98l1CghJWTtxzaA01DFTl5WfA:1764628065858&q=transparent+background+money+signs&uds=AOm0WdE2fekQnsyfYEw8JPYozOKzPiMYiw3mkUw3bpTCzNmBKDPPkGNkKSV0p-KVnZT1Ll4tju_PkYkxLwCTMvyiunHc_xLqxV4l1YnWY4DEtroclpeKHnRramWgOzEjFSSTGBbLQKnKb5h7YMvgiFaXW18mv8fJ7jwdrrFCfhnOKstUaaHpocA&sa=X&sqi=2&ved=2ahUKEwjsx5rot52RAxXBjYkEHYSqN6EQxKsJKAB6BAgPEAE&ictx=0&biw=2560&bih=1271&dpr=1,transparent background money signs - Google Search,2025-12-01 22:27:48
https://www.google.com/search?q=money+sign+icon&rlz=1C1AVFC_enUS1164US1164&oq=money+sign+icon&gs_lcrp=EgZjaHJvbWUyCQgAEEUYORiABDIHCAEQABiABDIICAIQABgWGB4yCAgDEAAYFhgeMggIBBAAGBYYHjIICAUQABgWGB4yCAgGEAAYFhgeMggIBxAAGBYYHjIICAgQABgWGB4yCAgJEAAYFhge0gEIMjUyN2owajeoAgCwAgA&sourceid=chrome&ie=UTF-8,money sign icon - Google Search,2025-12-01 22:27:46
https://docs.google.com/presentation/d/1X7UNoLhg3lFQwRu24WbfUc8KvmnwDzpAU0O3aNlL7xs/edit?slide=id.g3ac79df5e6a_1_21#slide=id.g3ac79df5e6a_1_21,Bowling Stat Tracker - Google Slides,2025-12-01 22:27:40
https://docs.google.com/presentation/d/1X7UNoLhg3lFQwRu24WbfUc8KvmnwDzpAU0O3aNlL7xs/edit?slide=id.g3ac79df5e6a_1_16#slide=id.g3ac79df5e6a_1_16,Bowling Stat Tracker - Google Slides,2025-12-01 22:26:41
https://docs.google.com/presentation/d/1X7UNoLhg3lFQwRu24WbfUc8KvmnwDzpAU0O3aNlL7xs/edit?slide=id.g3ac79df5e6a_1_11#slide=id.g3ac79df5e6a_1_11,Bowling Stat Tracker - Google Slides,2025-12-01 22:25:40
https://docs.google.com/presentation/d/1X7UNoLhg3lFQwRu24WbfUc8KvmnwDzpAU0O3aNlL7xs/edit?slide=id.g3ac79df5e6a_1_11#slide=id.g3ac79df5e6a_1_11,Bowling Stat Tracker - Google Slides,2025-12-01 22:25:27
https://docs.google.com/presentation/d/1X7UNoLhg3lFQwRu24WbfUc8KvmnwDzpAU0O3aNlL7xs/edit?slide=id.g3ac79df5e6a_1_5#slide=id.g3ac79df5e6a_1_5,Bowling Stat Tracker - Google Slides,2025-12-01 22:25:27
https://docs.google.com/presentation/d/1X7UNoLhg3lFQwRu24WbfUc8KvmnwDzpAU0O3aNlL7xs/edit?slide=id.g3ac79df5e6a_1_16#slide=id.g3ac79df5e6a_1_16,Bowling Stat Tracker - Google Slides,2025-12-01 22:25:05
https://docs.google.com/presentation/d/1X7UNoLhg3lFQwRu24WbfUc8KvmnwDzpAU0O3aNlL7xs/edit?slide=id.g3ac79df5e6a_1_11#slide=id.g3ac79df5e6a_1_11,Bowling Stat Tracker - Google Slides,2025-12-01 22:24:32
https://docs.google.com/presentation/d/1X7UNoLhg3lFQwRu24WbfUc8KvmnwDzpAU0O3aNlL7xs/edit?slide=id.g3ac79df5e6a_0_131#slide=id.g3ac79df5e6a_0_131,Bowling Stat Tracker - Google Slides,2025-12-01 22:24:29
https://docs.google.com/presentation/d/1X7UNoLhg3lFQwRu24WbfUc8KvmnwDzpAU0O3aNlL7xs/edit?slide=id.g3ac79df5e6a_1_11#slide=id.g3ac79df5e6a_1_11,Bowling Stat Tracker - Google Slides,2025-12-01 22:22:30
https://docs.google.com/presentation/d/1X7UNoLhg3lFQwRu24WbfUc8KvmnwDzpAU0O3aNlL7xs/edit?slide=id.g3ac79df5e6a_1_5#slide=id.g3ac79df5e6a_1_5,Bowling Stat Tracker - Google Slides,2025-12-01 22:18:09
https://docs.google.com/presentation/d/1X7UNoLhg3lFQwRu24WbfUc8KvmnwDzpAU0O3aNlL7xs/edit?slide=id.g3ac79df5e6a_1_0#slide=id.g3ac79df5e6a_1_0,Bowling Stat Tracker - Google Slides,2025-12-01 22:16:02
https://docs.google.com/presentation/d/1X7UNoLhg3lFQwRu24WbfUc8KvmnwDzpAU0O3aNlL7xs/edit?slide=id.g3ac79df5e6a_0_131#slide=id.g3ac79df5e6a_0_131,Bowling Stat Tracker - Google Slides,2025-12-01 22:14:58
https://docs.google.com/presentation/d/1X7UNoLhg3lFQwRu24WbfUc8KvmnwDzpAU0O3aNlL7xs/edit?slide=id.g3ac79df5e6a_1_51#slide=id.g3ac79df5e6a_1_51,Bowling Stat Tracker - Google Slides,2025-12-01 22:12:39
https://docs.google.com/presentation/d/1X7UNoLhg3lFQwRu24WbfUc8KvmnwDzpAU0O3aNlL7xs/edit?slide=id.g3ac79df5e6a_0_125#slide=id.g3ac79df5e6a_0_125,Bowling Stat Tracker - Google Slides,2025-12-01 22:11:22
https://docs.google.com/presentation/d/1X7UNoLhg3lFQwRu24WbfUc8KvmnwDzpAU0O3aNlL7xs/edit?slide=id.p#slide=id.p,Bowling Stat Tracker - Google Slides,2025-12-01 22:11:05
https://docs.google.com/presentation/d/1X7UNoLhg3lFQwRu24WbfUc8KvmnwDzpAU0O3aNlL7xs/edit?ouid=107711590924735763390&usp=slides_home&ths=true,Untitled presentation - Google Slides,2025-12-01 22:11:04
https://docs.google.com/presentation/d/1X7UNoLhg3lFQwRu24WbfUc8KvmnwDzpAU0O3aNlL7xs/edit,Untitled presentation - Google Slides,2025-12-01 22:11:04
https://slides.google.com/,Google Slides,2025-12-01 22:10:54
https://docs.google.com/presentation?usp=direct_url,Google Slides,2025-12-01 22:10:54
https://docs.google.com/presentation/?usp=direct_url,Google Slides,2025-12-01 22:10:54
https://docs.google.com/presentation/u/0/?usp=direct_url,Google Slides,2025-12-01 22:10:54
https://docs.google.com/presentation/u/0/,Google Slides,2025-12-01 22:10:54
https://docs.google.com/document/u/0/create?usp=docs_home&ths=true,Untitled document - Google Docs,2025-12-01 06:44:25
https://docs.google.com/document/d/1mQEmyKKDUQu7xcKAyP3fjEfF5tUzT9vVCOEQcthhYuc/edit?tab=t.0,Untitled document - Google Docs,2025-12-01 06:44:25
https://docs.google.com/document/u/0/,Google Docs,2025-12-01 06:44:23
https://docs.google.com/presentation/d/1f4T5rBGFdISe2Xj85EWo_fTzRvZbJP8ngAKqD7svrms/edit?slide=id.g3a54e7c3858_0_1#slide=id.g3a54e7c3858_0_1,CloudFlare LavaRand - Google Slides,2025-12-01 06:39:50
https://docs.google.com/presentation/d/1f4T5rBGFdISe2Xj85EWo_fTzRvZbJP8ngAKqD7svrms/edit?slide=id.g3a54e7c3858_1_152#slide=id.g3a54e7c3858_1_152,CloudFlare LavaRand - Google Slides,2025-12-01 06:39:35
https://www.google.com/search?sca_esv=ce954c2cf051adce&rlz=1C1AVFC_enUS1164US1164&sxsrf=AE3TifMl0xWcaJIGsDRdNzAug-hp82zpew:1764571164304&udm=2&fbs=AIIjpHxU7SXXniUZfeShr2fp4giZ1Y6MJ25_tmWITc7uy4KIeioyp3OhN11EY0n5qfq-zEMZldv_eRjZ2XLYc5GnVnME7glWodDcaQwvGYJtospyF4hao4VocMoniUVvlzzwRcCLYvfsjPeiuln4CZ9mxRNzMJl71rp-WEM_b89yTboF0wE9FSbwRYrSVuB6YHexvLk_d7r_74zDurdYUrhSbdL5TbQGiA&q=transparent+icon+arrow&sa=X&ved=2ahUKEwj-r7fr45uRAxWAv4kEHR8ANjMQtKgLegQIFRAB&biw=2560&bih=1271&dpr=1#vhid=yWyU3ET3nw2HSM&vssid=mosaic,transparent icon arrow - Google Search,2025-12-01 06:39:29
https://www.google.com/search?sca_esv=ce954c2cf051adce&rlz=1C1AVFC_enUS1164US1164&sxsrf=AE3TifMl0xWcaJIGsDRdNzAug-hp82zpew:1764571164304&udm=2&fbs=AIIjpHxU7SXXniUZfeShr2fp4giZ1Y6MJ25_tmWITc7uy4KIeioyp3OhN11EY0n5qfq-zEMZldv_eRjZ2XLYc5GnVnME7glWodDcaQwvGYJtospyF4hao4VocMoniUVvlzzwRcCLYvfsjPeiuln4CZ9mxRNzMJl71rp-WEM_b89yTboF0wE9FSbwRYrSVuB6YHexvLk_d7r_74zDurdYUrhSbdL5TbQGiA&q=transparent+icon+arrow&sa=X&ved=2ahUKEwj-r7fr45uRAxWAv4kEHR8ANjMQtKgLegQIFRAB&biw=2560&bih=1271&dpr=1,transparent icon arrow - Google Search,2025-12-01 06:39:27
https://www.google.com/search?q=transparent+icon+arrow&rlz=1C1AVFC_enUS1164US1164&oq=transparent+icon+arrow&gs_lcrp=EgZjaHJvbWUyBggAEEUYOTIICAEQABgWGB4yCAgCEAAYFhgeMggIAxAAGBYYHjIICAQQABgWGB4yCAgFEAAYFhgeMggIBhAAGBYYHjIICAcQABgWGB4yCAgIEAAYFhgeMggICRAAGBYYHtIBCDY2NzhqMGo3qAIAsAIA&sourceid=chrome&ie=UTF-8,transparent icon arrow - Google Search,2025-12-01 06:39:25
https://www.google.com/search?q=sha256+hash+funtion+icon&sca_esv=ce954c2cf051adce&rlz=1C1AVFC_enUS1164US1164&udm=2&biw=2560&bih=1271&sxsrf=AE3TifMt9m9B7AHE_TW4Skq25BQ0LXFnvg%3A1764571117995&ei=7TctaebDPJupptQPx6y7oQU&ved=0ahUKEwim7qzV45uRAxWblIkEHUfWLlQQ4dUDCBI&uact=5&oq=sha256+hash+funtion+icon&gs_lp=Egtnd3Mtd2l6LWltZyIYc2hhMjU2IGhhc2ggZnVudGlvbiBpY29uSKEZUOgIWJ8XcAJ4AJABAJgBiAGgAaMGqgEEMTEuMrgBA8gBAPgBAZgCAqACBMICBBAAGB6YAwCIBgGSBwEyoAfJBLIHALgHAMIHAzAuMsgHAg&sclient=gws-wiz-img,sha256 hash funtion icon - Google Search,2025-12-01 06:38:49
https://www.google.com/search?sca_esv=ce954c2cf051adce&rlz=1C1AVFC_enUS1164US1164&sxsrf=AE3TifM2BnfJ8LPuHgXvcSFztD80SRNY9A:1764571115966&udm=2&fbs=AIIjpHxU7SXXniUZfeShr2fp4giZ1Y6MJ25_tmWITc7uy4KIeioyp3OhN11EY0n5qfq-zEMZldv_eRjZ2XLYc5GnVnME7glWodDcaQwvGYJtospyF_uruQDVLsevQBN0z1-JPB-Kw1TgTTbbZKkLyjzwEG9wpR3rGrFeotwteSjuPzqd9-Kmc6-0ipBWdoGeAv7fsyuKzzkU0_JVwUG1FeyOsLdpPkXZ6g&q=sha256+icon&sa=X&ved=2ahUKEwi3gLHU45uRAxVTmYkEHVd9J70QtKgLegQIDhAB&biw=2560&bih=1271&dpr=1,sha256 icon - Google Search,2025-12-01 06:38:38
https://www.google.com/search?q=sha256+icon&rlz=1C1AVFC_enUS1164US1164&oq=sha256+icon&gs_lcrp=EgZjaHJvbWUyBggAEEUYOTINCAEQABiGAxiABBiKBTINCAIQABiGAxiABBiKBTIKCAMQABiABBiiBDIKCAQQABiABBiiBDIKCAUQABiABBiiBDIKCAYQABiABBiiBNIBCDMwMTVqMGo5qAIAsAIA&sourceid=chrome&ie=UTF-8,sha256 icon - Google Search,2025-12-01 06:38:36
https://docs.google.com/presentation/d/1f4T5rBGFdISe2Xj85EWo_fTzRvZbJP8ngAKqD7svrms/edit?slide=id.g3a54e7c3858_0_1#slide=id.g3a54e7c3858_0_1,CloudFlare LavaRand - Google Slides,2025-12-01 06:37:44
https://docs.google.com/presentation/d/1f4T5rBGFdISe2Xj85EWo_fTzRvZbJP8ngAKqD7svrms/edit?slide=id.g3abbb89aa3c_0_1#slide=id.g3abbb89aa3c_0_1,CloudFlare LavaRand - Google Slides,2025-12-01 06:37:43
https://docs.google.com/presentation/d/1f4T5rBGFdISe2Xj85EWo_fTzRvZbJP8ngAKqD7svrms/edit?slide=id.g3a54e7c3858_1_165#slide=id.g3a54e7c3858_1_165,CloudFlare LavaRand - Google Slides,2025-12-01 06:37:42
https://docs.google.com/presentation/d/1f4T5rBGFdISe2Xj85EWo_fTzRvZbJP8ngAKqD7svrms/edit?slide=id.g3a54e7c3858_1_158#slide=id.g3a54e7c3858_1_158,CloudFlare LavaRand - Google Slides,2025-12-01 06:37:42
https://docs.google.com/presentation/d/1f4T5rBGFdISe2Xj85EWo_fTzRvZbJP8ngAKqD7svrms/edit?slide=id.g3a54e7c3858_0_7#slide=id.g3a54e7c3858_0_7,CloudFlare LavaRand - Google Slides,2025-12-01 06:37:39
https://docs.google.com/presentation/d/1f4T5rBGFdISe2Xj85EWo_fTzRvZbJP8ngAKqD7svrms/edit?slide=id.g3a54e7c3858_1_176#slide=id.g3a54e7c3858_1_176,CloudFlare LavaRand - Google Slides,2025-12-01 06:37:38
https://docs.google.com/presentation/d/1f4T5rBGFdISe2Xj85EWo_fTzRvZbJP8ngAKqD7svrms/edit?slide=id.g3abbb89aa3c_0_15#slide=id.g3abbb89aa3c_0_15,CloudFlare LavaRand - Google Slides,2025-12-01 06:37:37
https://docs.google.com/presentation/d/1f4T5rBGFdISe2Xj85EWo_fTzRvZbJP8ngAKqD7svrms/edit?slide=id.g3a54e7c3858_0_7#slide=id.g3a54e7c3858_0_7,CloudFlare LavaRand - Google Slides,2025-12-01 06:36:36
https://docs.google.com/presentation/d/1f4T5rBGFdISe2Xj85EWo_fTzRvZbJP8ngAKqD7svrms/edit?slide=id.g3a54e7c3858_1_176#slide=id.g3a54e7c3858_1_176,CloudFlare LavaRand - Google Slides,2025-12-01 06:36:36
https://docs.google.com/presentation/d/1f4T5rBGFdISe2Xj85EWo_fTzRvZbJP8ngAKqD7svrms/edit?slide=id.g3a54e7c3858_1_165#slide=id.g3a54e7c3858_1_165,CloudFlare LavaRand - Google Slides,2025-12-01 06:36:35
https://docs.google.com/presentation/d/1f4T5rBGFdISe2Xj85EWo_fTzRvZbJP8ngAKqD7svrms/edit?slide=id.g3a54e7c3858_1_158#slide=id.g3a54e7c3858_1_158,CloudFlare LavaRand - Google Slides,2025-12-01 06:36:34
https://docs.google.com/presentation/d/1f4T5rBGFdISe2Xj85EWo_fTzRvZbJP8ngAKqD7svrms/edit?slide=id.g3abbb89aa3c_0_1#slide=id.g3abbb89aa3c_0_1,CloudFlare LavaRand - Google Slides,2025-12-01 06:36:28
https://docs.google.com/presentation/d/1f4T5rBGFdISe2Xj85EWo_fTzRvZbJP8ngAKqD7svrms/edit?slide=id.g3a54e7c3858_0_1#slide=id.g3a54e7c3858_0_1,CloudFlare LavaRand - Google Slides,2025-12-01 06:36:28
https://docs.google.com/presentation/d/1f4T5rBGFdISe2Xj85EWo_fTzRvZbJP8ngAKqD7svrms/edit?slide=id.g3a54e7c3858_1_176#slide=id.g3a54e7c3858_1_176,CloudFlare LavaRand - Google Slides,2025-12-01 06:36:25
https://docs.google.com/presentation/d/1f4T5rBGFdISe2Xj85EWo_fTzRvZbJP8ngAKqD7svrms/edit?slide=id.g3a54e7c3858_0_7#slide=id.g3a54e7c3858_0_7,CloudFlare LavaRand - Google Slides,2025-12-01 06:35:21
https://docs.google.com/presentation/d/1f4T5rBGFdISe2Xj85EWo_fTzRvZbJP8ngAKqD7svrms/edit?slide=id.g3a54e7c3858_1_171#slide=id.g3a54e7c3858_1_171,CloudFlare LavaRand - Google Slides,2025-12-01 06:35:14
https://docs.google.com/presentation/d/1f4T5rBGFdISe2Xj85EWo_fTzRvZbJP8ngAKqD7svrms/edit?slide=id.g3a54e7c3858_0_7#slide=id.g3a54e7c3858_0_7,CloudFlare LavaRand - Google Slides,2025-12-01 06:34:33
https://docs.google.com/presentation/d/1f4T5rBGFdISe2Xj85EWo_fTzRvZbJP8ngAKqD7svrms/edit?slide=id.g3a54e7c3858_1_165#slide=id.g3a54e7c3858_1_165,CloudFlare LavaRand - Google Slides,2025-12-01 06:34:32
https://docs.google.com/presentation/d/1f4T5rBGFdISe2Xj85EWo_fTzRvZbJP8ngAKqD7svrms/edit?slide=id.g3a54e7c3858_1_171#slide=id.g3a54e7c3858_1_171,CloudFlare LavaRand - Google Slides,2025-12-01 06:34:28
https://docs.google.com/presentation/d/1f4T5rBGFdISe2Xj85EWo_fTzRvZbJP8ngAKqD7svrms/edit?slide=id.g3a54e7c3858_1_171#slide=id.g3a54e7c3858_1_171,CloudFlare LavaRand - Google Slides,2025-12-01 06:34:26
https://docs.google.com/presentation/d/1f4T5rBGFdISe2Xj85EWo_fTzRvZbJP8ngAKqD7svrms/edit?slide=id.g3a54e7c3858_0_7#slide=id.g3a54e7c3858_0_7,CloudFlare LavaRand - Google Slides,2025-12-01 06:34:26
https://docs.google.com/presentation/d/1f4T5rBGFdISe2Xj85EWo_fTzRvZbJP8ngAKqD7svrms/edit?slide=id.g3a54e7c3858_0_7#slide=id.g3a54e7c3858_0_7,CloudFlare LavaRand - Google Slides,2025-12-01 06:34:25
https://docs.google.com/presentation/d/1f4T5rBGFdISe2Xj85EWo_fTzRvZbJP8ngAKqD7svrms/edit?slide=id.g3a54e7c3858_1_165#slide=id.g3a54e7c3858_1_165,CloudFlare LavaRand - Google Slides,2025-12-01 06:34:24
https://docs.google.com/presentation/d/1f4T5rBGFdISe2Xj85EWo_fTzRvZbJP8ngAKqD7svrms/edit?slide=id.g3a54e7c3858_1_171#slide=id.g3a54e7c3858_1_171,CloudFlare LavaRand - Google Slides,2025-12-01 06:34:23
https://docs.google.com/presentation/d/1f4T5rBGFdISe2Xj85EWo_fTzRvZbJP8ngAKqD7svrms/edit?slide=id.g3a54e7c3858_1_165#slide=id.g3a54e7c3858_1_165,CloudFlare LavaRand - Google Slides,2025-12-01 06:34:22
https://docs.google.com/presentation/d/1f4T5rBGFdISe2Xj85EWo_fTzRvZbJP8ngAKqD7svrms/edit?slide=id.g3a54e7c3858_0_7#slide=id.g3a54e7c3858_0_7,CloudFlare LavaRand - Google Slides,2025-12-01 06:34:22
https://docs.google.com/presentation/d/1f4T5rBGFdISe2Xj85EWo_fTzRvZbJP8ngAKqD7svrms/edit?slide=id.g3a54e7c3858_1_176#slide=id.g3a54e7c3858_1_176,CloudFlare LavaRand - Google Slides,2025-12-01 06:34:15
https://docs.google.com/presentation/d/1f4T5rBGFdISe2Xj85EWo_fTzRvZbJP8ngAKqD7svrms/edit?slide=id.g3a54e7c3858_1_171#slide=id.g3a54e7c3858_1_171,CloudFlare LavaRand - Google Slides,2025-12-01 06:34:15
https://docs.google.com/presentation/d/1f4T5rBGFdISe2Xj85EWo_fTzRvZbJP8ngAKqD7svrms/edit?slide=id.g3a54e7c3858_0_7#slide=id.g3a54e7c3858_0_7,CloudFlare LavaRand - Google Slides,2025-12-01 06:34:14
https://docs.google.com/presentation/d/1f4T5rBGFdISe2Xj85EWo_fTzRvZbJP8ngAKqD7svrms/edit?slide=id.g3a54e7c3858_1_171#slide=id.g3a54e7c3858_1_171,CloudFlare LavaRand - Google Slides,2025-12-01 06:34:14
https://docs.google.com/presentation/d/1f4T5rBGFdISe2Xj85EWo_fTzRvZbJP8ngAKqD7svrms/edit?slide=id.g3a54e7c3858_1_176#slide=id.g3a54e7c3858_1_176,CloudFlare LavaRand - Google Slides,2025-12-01 06:34:13
https://docs.google.com/presentation/d/1f4T5rBGFdISe2Xj85EWo_fTzRvZbJP8ngAKqD7svrms/edit?slide=id.g3a54e7c3858_1_171#slide=id.g3a54e7c3858_1_171,CloudFlare LavaRand - Google Slides,2025-12-01 06:34:11
https://docs.google.com/presentation/d/1f4T5rBGFdISe2Xj85EWo_fTzRvZbJP8ngAKqD7svrms/edit?slide=id.g3a54e7c3858_0_7#slide=id.g3a54e7c3858_0_7,CloudFlare LavaRand - Google Slides,2025-12-01 06:31:55
https://www.google.com/search?sca_esv=ce954c2cf051adce&rlz=1C1AVFC_enUS1164US1164&sxsrf=AE3TifOdksxi8KGEbuPYMGrY5kYrFZlYCA:1764570691990&udm=2&fbs=AIIjpHxU7SXXniUZfeShr2fp4giZ1Y6MJ25_tmWITc7uy4KIeioyp3OhN11EY0n5qfq-zENyQuF3_WaPI4Qgb6AZzy-etFjo9fqZ_m1LmwOk0Tw7NlugVBqJ2aYQkP3knYTQiMAm7VMYCShUYFAjfab01LRPu7T6r7JLyXh4g10wM4MIuhgmcw9MWBeBQodDsJvoIkm6a8gjQ8MCeXyHrPcd-p2hF-AVnA&q=ssl+tls&sa=X&sqi=2&ved=2ahUKEwigzJuK4puRAxXTmokEHQ8JLcAQtKgLegQIEBAB&biw=2560&bih=1271&dpr=1,ssl tls - Google Search,2025-12-01 06:31:35
https://www.google.com/search?q=ssl+tls&rlz=1C1AVFC_enUS1164US1164&oq=ssl+tls&gs_lcrp=EgZjaHJvbWUyCQgAEEUYORiABDIHCAEQABiABDIHCAIQABiABDIHCAMQABiABDIHCAQQABiABDIHCAUQABiABDIHCAYQABiABDIHCAcQABiABDIHCAgQABiABDIHCAkQABiABNIBCDE2NDNqMGo3qAIAsAIA&sourceid=chrome&ie=UTF-8,ssl tls - Google Search,2025-12-01 06:31:32
https://docs.google.com/presentation/d/1f4T5rBGFdISe2Xj85EWo_fTzRvZbJP8ngAKqD7svrms/edit?slide=id.g3a54e7c3858_1_165#slide=id.g3a54e7c3858_1_165,CloudFlare LavaRand - Google Slides,2025-12-01 06:28:04
https://docs.google.com/presentation/d/1f4T5rBGFdISe2Xj85EWo_fTzRvZbJP8ngAKqD7svrms/edit?slide=id.g3a54e7c3858_1_158#slide=id.g3a54e7c3858_1_158,CloudFlare LavaRand - Google Slides,2025-12-01 06:28:02
https://docs.google.com/presentation/d/1f4T5rBGFdISe2Xj85EWo_fTzRvZbJP8ngAKqD7svrms/edit?slide=id.g3a54e7c3858_1_165#slide=id.g3a54e7c3858_1_165,CloudFlare LavaRand - Google Slides,2025-12-01 06:27:38
https://www.google.com/search?sca_esv=ce954c2cf051adce&rlz=1C1AVFC_enUS1164US1164&sxsrf=AE3TifPlO64D0hT98Wbc1sLA4KjchZQZVQ:1764570280125&udm=2&fbs=AIIjpHxU7SXXniUZfeShr2fp4giZ1Y6MJ25_tmWITc7uy4KIeiAkWG4OlBE2zyCTMjPbGmPgfe_7ak8LUsonpWCvT6w6csnyTymMQ2XHqFKxVhyiTuzROK67muxAMQmr62rPBqmvjVXYpCSCgXVwJuceh93EMa6MxrU51NDaXEL92pDOeLi0iPMjLp86N6eiV6ID0Kj-x5kqYp09Yz6l6HC_hoekckcUXA&q=cloudflare+pendulum&sa=X&sqi=2&ved=2ahUKEwjDsenF4JuRAxWKlYkEHWynNZEQtKgLegQIFxAB&biw=2560&bih=1271&dpr=1#vhid=RHXndK3NHNwTEM&vssid=mosaic,cloudflare pendulum - Google Search,2025-12-01 06:27:08
https://www.google.com/search?sca_esv=ce954c2cf051adce&rlz=1C1AVFC_enUS1164US1164&sxsrf=AE3TifPlO64D0hT98Wbc1sLA4KjchZQZVQ:1764570280125&udm=2&fbs=AIIjpHxU7SXXniUZfeShr2fp4giZ1Y6MJ25_tmWITc7uy4KIeiAkWG4OlBE2zyCTMjPbGmPgfe_7ak8LUsonpWCvT6w6csnyTymMQ2XHqFKxVhyiTuzROK67muxAMQmr62rPBqmvjVXYpCSCgXVwJuceh93EMa6MxrU51NDaXEL92pDOeLi0iPMjLp86N6eiV6ID0Kj-x5kqYp09Yz6l6HC_hoekckcUXA&q=cloudflare+pendulum&sa=X&sqi=2&ved=2ahUKEwjDsenF4JuRAxWKlYkEHWynNZEQtKgLegQIFxAB&biw=2560&bih=1271&dpr=1#vhid=gL5vdxsZLSTY9M&vssid=mosaic,cloudflare pendulum - Google Search,2025-12-01 06:27:05
https://www.google.com/search?sca_esv=ce954c2cf051adce&rlz=1C1AVFC_enUS1164US1164&sxsrf=AE3TifPlO64D0hT98Wbc1sLA4KjchZQZVQ:1764570280125&udm=2&fbs=AIIjpHxU7SXXniUZfeShr2fp4giZ1Y6MJ25_tmWITc7uy4KIeiAkWG4OlBE2zyCTMjPbGmPgfe_7ak8LUsonpWCvT6w6csnyTymMQ2XHqFKxVhyiTuzROK67muxAMQmr62rPBqmvjVXYpCSCgXVwJuceh93EMa6MxrU51NDaXEL92pDOeLi0iPMjLp86N6eiV6ID0Kj-x5kqYp09Yz6l6HC_hoekckcUXA&q=cloudflare+pendulum&sa=X&sqi=2&ved=2ahUKEwjDsenF4JuRAxWKlYkEHWynNZEQtKgLegQIFxAB&biw=2560&bih=1271&dpr=1#vhid=-oLpEPGO5ekG9M&vssid=mosaic,cloudflare pendulum - Google Search,2025-12-01 06:26:07
https://www.google.com/search?sca_esv=ce954c2cf051adce&rlz=1C1AVFC_enUS1164US1164&sxsrf=AE3TifPlO64D0hT98Wbc1sLA4KjchZQZVQ:1764570280125&udm=2&fbs=AIIjpHxU7SXXniUZfeShr2fp4giZ1Y6MJ25_tmWITc7uy4KIeiAkWG4OlBE2zyCTMjPbGmPgfe_7ak8LUsonpWCvT6w6csnyTymMQ2XHqFKxVhyiTuzROK67muxAMQmr62rPBqmvjVXYpCSCgXVwJuceh93EMa6MxrU51NDaXEL92pDOeLi0iPMjLp86N6eiV6ID0Kj-x5kqYp09Yz6l6HC_hoekckcUXA&q=cloudflare+pendulum&sa=X&sqi=2&ved=2ahUKEwjDsenF4JuRAxWKlYkEHWynNZEQtKgLegQIFxAB&biw=2560&bih=1271&dpr=1#vhid=gL5vdxsZLSTY9M&vssid=mosaic,cloudflare pendulum - Google Search,2025-12-01 06:26:00
https://www.google.com/search?sca_esv=ce954c2cf051adce&rlz=1C1AVFC_enUS1164US1164&sxsrf=AE3TifPlO64D0hT98Wbc1sLA4KjchZQZVQ:1764570280125&udm=2&fbs=AIIjpHxU7SXXniUZfeShr2fp4giZ1Y6MJ25_tmWITc7uy4KIeiAkWG4OlBE2zyCTMjPbGmPgfe_7ak8LUsonpWCvT6w6csnyTymMQ2XHqFKxVhyiTuzROK67muxAMQmr62rPBqmvjVXYpCSCgXVwJuceh93EMa6MxrU51NDaXEL92pDOeLi0iPMjLp86N6eiV6ID0Kj-x5kqYp09Yz6l6HC_hoekckcUXA&q=cloudflare+pendulum&sa=X&sqi=2&ved=2ahUKEwjDsenF4JuRAxWKlYkEHWynNZEQtKgLegQIFxAB&biw=2560&bih=1271&dpr=1#vhid=WYj-O6maJNkr8M&vssid=mosaic,cloudflare pendulum - Google Search,2025-12-01 06:25:57
https://www.google.com/search?sca_esv=ce954c2cf051adce&rlz=1C1AVFC_enUS1164US1164&sxsrf=AE3TifPlO64D0hT98Wbc1sLA4KjchZQZVQ:1764570280125&udm=2&fbs=AIIjpHxU7SXXniUZfeShr2fp4giZ1Y6MJ25_tmWITc7uy4KIeiAkWG4OlBE2zyCTMjPbGmPgfe_7ak8LUsonpWCvT6w6csnyTymMQ2XHqFKxVhyiTuzROK67muxAMQmr62rPBqmvjVXYpCSCgXVwJuceh93EMa6MxrU51NDaXEL92pDOeLi0iPMjLp86N6eiV6ID0Kj-x5kqYp09Yz6l6HC_hoekckcUXA&q=cloudflare+pendulum&sa=X&sqi=2&ved=2ahUKEwjDsenF4JuRAxWKlYkEHWynNZEQtKgLegQIFxAB&biw=2560&bih=1271&dpr=1#vhid=a1H57MJG__OuCM&vssid=mosaic,cloudflare pendulum - Google Search,2025-12-01 06:24:48
https://www.google.com/search?sca_esv=ce954c2cf051adce&rlz=1C1AVFC_enUS1164US1164&sxsrf=AE3TifPlO64D0hT98Wbc1sLA4KjchZQZVQ:1764570280125&udm=2&fbs=AIIjpHxU7SXXniUZfeShr2fp4giZ1Y6MJ25_tmWITc7uy4KIeiAkWG4OlBE2zyCTMjPbGmPgfe_7ak8LUsonpWCvT6w6csnyTymMQ2XHqFKxVhyiTuzROK67muxAMQmr62rPBqmvjVXYpCSCgXVwJuceh93EMa6MxrU51NDaXEL92pDOeLi0iPMjLp86N6eiV6ID0Kj-x5kqYp09Yz6l6HC_hoekckcUXA&q=cloudflare+pendulum&sa=X&sqi=2&ved=2ahUKEwjDsenF4JuRAxWKlYkEHWynNZEQtKgLegQIFxAB&biw=2560&bih=1271&dpr=1,cloudflare pendulum - Google Search,2025-12-01 06:24:45
https://www.google.com/search?q=cloudflare+pendulum&rlz=1C1AVFC_enUS1164US1164&oq=cloudflare+pendulum&gs_lcrp=EgZjaHJvbWUyCQgAEEUYORiABDIICAEQABgWGB4yCAgCEAAYFhgeMgoIAxAAGIAEGKIEMgoIBBAAGIAEGKIEMgoIBRAAGIAEGKIE0gEIMzk4MWowajSoAgCwAgE&sourceid=chrome&ie=UTF-8,cloudflare pendulum - Google Search,2025-12-01 06:24:42
https://cf-assets.www.cloudflare.com/zkvhlag99gkb/2JWrKSqoaPJQC2VSbHygj/e87c2936282e55730a1db4af7d4f7e7f/Screenshot-2024-03-08-at-13.13.12.png,,2025-12-01 06:23:55
https://cf-assets.www.cloudflare.com/zkvhlag99gkb/5mfXP2V8pX0C0CoheE369Q/83fe1b4bdba232b8c8c722bc49987bfe/Screenshot-2024-03-08-at-13.14.22.png,,2025-12-01 06:23:50
https://blog.cloudflare.com/harnessing-office-chaos/,Harnessing chaos in Cloudflare offices,2025-12-01 06:22:48
https://docs.google.com/presentation/d/1f4T5rBGFdISe2Xj85EWo_fTzRvZbJP8ngAKqD7svrms/edit?slide=id.g3a54e7c3858_0_1#slide=id.g3a54e7c3858_0_1,CloudFlare LavaRand - Google Slides,2025-12-01 06:22:36
https://docs.google.com/presentation/d/1f4T5rBGFdISe2Xj85EWo_fTzRvZbJP8ngAKqD7svrms/edit?slide=id.g3a54e7c3858_1_158#slide=id.g3a54e7c3858_1_158,CloudFlare LavaRand - Google Slides,2025-12-01 06:22:36
https://docs.google.com/presentation/d/1f4T5rBGFdISe2Xj85EWo_fTzRvZbJP8ngAKqD7svrms/edit?slide=id.g3abbb89aa3c_0_1#slide=id.g3abbb89aa3c_0_1,CloudFlare LavaRand - Google Slides,2025-12-01 06:22:35
https://docs.google.com/presentation/d/1f4T5rBGFdISe2Xj85EWo_fTzRvZbJP8ngAKqD7svrms/edit?slide=id.g3a54e7c3858_1_158#slide=id.g3a54e7c3858_1_158,CloudFlare LavaRand - Google Slides,2025-12-01 06:22:34
https://www.google.com/search?sca_esv=ce954c2cf051adce&rlz=1C1AVFC_enUS1164US1164&sxsrf=AE3TifPQGKOddpylbr8Dv2OjCSf8JzaTEA:1764570094049&udm=2&fbs=AIIjpHxU7SXXniUZfeShr2fp4giZ1Y6MJ25_tmWITc7uy4KIeioyp3OhN11EY0n5qfq-zEMZldv_eRjZ2XLYc5GnVnMEIxC4WQfoNDH7FwchyAayyomVtyMIlwCjX48LT0TrXSNU5mLhW4DIlZIt3-gwG8mMeXC-Y0JFzx5GBuU59za0o5XLXRovSVas40d3y4gTUxobLZ8-C-h3aNfCXmcENPvCZqzMdA&q=arrow+clipart+icon+transparent&sa=X&ved=2ahUKEwiDkYzt35uRAxXdlokEHdE4FQ4QtKgLegQIGxAB&biw=2560&bih=1271&dpr=1#vhid=B7tlpe-SEqCeLM&vssid=mosaic,arrow clipart icon transparent - Google Search,2025-12-01 06:21:49
https://www.google.com/search?sca_esv=ce954c2cf051adce&rlz=1C1AVFC_enUS1164US1164&sxsrf=AE3TifPQGKOddpylbr8Dv2OjCSf8JzaTEA:1764570094049&udm=2&fbs=AIIjpHxU7SXXniUZfeShr2fp4giZ1Y6MJ25_tmWITc7uy4KIeioyp3OhN11EY0n5qfq-zEMZldv_eRjZ2XLYc5GnVnMEIxC4WQfoNDH7FwchyAayyomVtyMIlwCjX48LT0TrXSNU5mLhW4DIlZIt3-gwG8mMeXC-Y0JFzx5GBuU59za0o5XLXRovSVas40d3y4gTUxobLZ8-C-h3aNfCXmcENPvCZqzMdA&q=arrow+clipart+icon+transparent&sa=X&ved=2ahUKEwiDkYzt35uRAxXdlokEHdE4FQ4QtKgLegQIGxAB&biw=2560&bih=1271&dpr=1#vhid=m3TefNkaVIPJkM&vssid=mosaic,arrow clipart icon transparent - Google Search,2025-12-01 06:21:44
https://www.google.com/search?sca_esv=ce954c2cf051adce&rlz=1C1AVFC_enUS1164US1164&sxsrf=AE3TifPQGKOddpylbr8Dv2OjCSf8JzaTEA:1764570094049&udm=2&fbs=AIIjpHxU7SXXniUZfeShr2fp4giZ1Y6MJ25_tmWITc7uy4KIeioyp3OhN11EY0n5qfq-zEMZldv_eRjZ2XLYc5GnVnMEIxC4WQfoNDH7FwchyAayyomVtyMIlwCjX48LT0TrXSNU5mLhW4DIlZIt3-gwG8mMeXC-Y0JFzx5GBuU59za0o5XLXRovSVas40d3y4gTUxobLZ8-C-h3aNfCXmcENPvCZqzMdA&q=arrow+clipart+icon+transparent&sa=X&ved=2ahUKEwiDkYzt35uRAxXdlokEHdE4FQ4QtKgLegQIGxAB&biw=2560&bih=1271&dpr=1#vhid=ChgwF2TNihbV1M&vssid=mosaic,arrow clipart icon transparent - Google Search,2025-12-01 06:21:43
https://www.google.com/search?sca_esv=ce954c2cf051adce&rlz=1C1AVFC_enUS1164US1164&sxsrf=AE3TifPQGKOddpylbr8Dv2OjCSf8JzaTEA:1764570094049&udm=2&fbs=AIIjpHxU7SXXniUZfeShr2fp4giZ1Y6MJ25_tmWITc7uy4KIeioyp3OhN11EY0n5qfq-zEMZldv_eRjZ2XLYc5GnVnMEIxC4WQfoNDH7FwchyAayyomVtyMIlwCjX48LT0TrXSNU5mLhW4DIlZIt3-gwG8mMeXC-Y0JFzx5GBuU59za0o5XLXRovSVas40d3y4gTUxobLZ8-C-h3aNfCXmcENPvCZqzMdA&q=arrow+clipart+icon+transparent&sa=X&ved=2ahUKEwiDkYzt35uRAxXdlokEHdE4FQ4QtKgLegQIGxAB&biw=2560&bih=1271&dpr=1,arrow clipart icon transparent - Google Search,2025-12-01 06:21:37
https://www.google.com/search?q=arrow+clipart+icon+transparent&rlz=1C1AVFC_enUS1164US1164&oq=arrow+clipart+icon+trans&gs_lcrp=EgZjaHJvbWUqBwgBECEYoAEyBggAEEUYOTIHCAEQIRigATIHCAIQIRigATIHCAMQIRigATIHCAQQIRiPAjIHCAUQIRiPAtIBCDU2MjVqMGo5qAIAsAIB8QWsZpwok6-nCA&sourceid=chrome&ie=UTF-8,arrow clipart icon transparent - Google Search,2025-12-01 06:21:34
https://www.google.com/search?q=padlock+secure+lock+icon&sca_esv=ce954c2cf051adce&rlz=1C1AVFC_enUS1164US1164&udm=2&biw=2560&bih=1271&sxsrf=AE3TifOoaI-ftK-oftpAks6YhKtwPJW5aQ%3A1764569826839&ei=4jItaZaGM_7_ptQP3u6YwAo&ved=0ahUKEwiW_9bt3puRAxX-v4kEHV43BqgQ4dUDCBI&uact=5&oq=padlock+secure+lock+icon&gs_lp=Egtnd3Mtd2l6LWltZyIYcGFkbG9jayBzZWN1cmUgbG9jayBpY29uSN_uA1CG2wNY_O0DcAJ4AJABAJgBigGgAccIqgEEMTMuM7gBA8gBAPgBAZgCCaAC9ATCAgYQABgHGB7CAggQABgHGAoYHsICCRAAGIAEGAoYC8ICCBAAGAcYCBgewgIEEAAYHsICBhAAGAgYHpgDAIgGAZIHAzcuMqAHzh6yBwM2LjK4B-0EwgcFMi4zLjTIBxg&sclient=gws-wiz-img,padlock secure lock icon - Google Search,2025-12-01 06:20:22
https://www.vectorstock.com/royalty-free-vector/broken-lock-icon-security-failure-vector-25609766,Broken Lock Icon - Security Failure – Royalty-Free Vector | VectorStock,2025-12-01 06:19:53
https://www.shutterstock.com/image-vector/broken-lock-icon-security-breach-access-2659573595?dd_referrer=https%3A%2F%2Fwww.google.com%2F,Broken Lock Icon Security Breach Access Stock Vector (Royalty Free) 2659573595 | Shutterstock,2025-12-01 06:18:55
https://www.shutterstock.com/image-vector/broken-lock-icon-security-breach-access-2659573595?dd_referrer=https%3A%2F%2Fwww.google.com%2F,Broken Lock Icon Security Breach Access Stock Vector (Royalty Free) 2659573595 | Shutterstock,2025-12-01 06:18:54
https://www.google.com/url?sa=i&url=https%3A%2F%2Fwww.shutterstock.com%2Fimage-vector%2Fbroken-lock-icon-security-breach-access-2659573595&psig=AOvVaw1L8NlAn87Ttqlf02eS8P3R&ust=1764656227766000&source=images&cd=vfe&opi=89978449&ved=0CBYQjRxqFwoTCNja057fm5EDFQAAAAAdAAAAABAE,shutterstock.com,2025-12-01 06:18:52
https://www.shutterstock.com/image-vector/broken-lock-icon-security-breach-access-2659573595,shutterstock.com,2025-12-01 06:18:52
https://www.google.com/search?sca_esv=ce954c2cf051adce&rlz=1C1AVFC_enUS1164US1164&sxsrf=AE3TifOs4HCsbkyCv4PIv26MMs3eo0zwXw:1764569824804&udm=2&fbs=AIIjpHxU7SXXniUZfeShr2fp4giZ1Y6MJ25_tmWITc7uy4KIeioyp3OhN11EY0n5qfq-zENwnGygERInUV_0g0XKeHGJRAdFPaX_SSIJt7xYUfpm-4pJ4rSrJsA7MBee_PJqNW0B7E04ZKvUxtdyWmZI2r5AULE9tQUZjWV8XZg0HrfMW7nmECVk0r_iHim2O705lnQ20zR1YpF5H-By3MsmMKPmqD0Wdw&q=broken+ensecure+lock+icon&sa=X&ved=2ahUKEwjw29rs3puRAxWdAHkGHUuoOVwQtKgLegQICxAB&biw=2560&bih=1271&dpr=1#vhid=bgDzR1Uvb-OmiM&vssid=mosaic,broken ensecure lock icon - Google Search,2025-12-01 06:18:49
https://www.google.com/search?sca_esv=ce954c2cf051adce&rlz=1C1AVFC_enUS1164US1164&sxsrf=AE3TifOs4HCsbkyCv4PIv26MMs3eo0zwXw:1764569824804&udm=2&fbs=AIIjpHxU7SXXniUZfeShr2fp4giZ1Y6MJ25_tmWITc7uy4KIeioyp3OhN11EY0n5qfq-zENwnGygERInUV_0g0XKeHGJRAdFPaX_SSIJt7xYUfpm-4pJ4rSrJsA7MBee_PJqNW0B7E04ZKvUxtdyWmZI2r5AULE9tQUZjWV8XZg0HrfMW7nmECVk0r_iHim2O705lnQ20zR1YpF5H-By3MsmMKPmqD0Wdw&q=broken+ensecure+lock+icon&sa=X&ved=2ahUKEwjw29rs3puRAxWdAHkGHUuoOVwQtKgLegQICxAB&biw=2560&bih=1271&dpr=1,broken ensecure lock icon - Google Search,2025-12-01 06:18:46
https://thenounproject.com/browse/icons/term/broken-lock/,Broken Lock Icons - Free SVG & PNG Broken Lock Images - Noun Project,2025-12-01 06:18:34
https://thenounproject.com/search/icons/?q=lock+padlock,Search Icons | Noun Project,2025-12-01 06:18:07
https://thenounproject.com/browse/icons/term/broken-lock/,Broken Lock Icons - Free SVG & PNG Broken Lock Images - Noun Project,2025-12-01 06:17:46
https://www.google.com/search?q=broken+ensecure+lock+icon&sca_esv=ce954c2cf051adce&rlz=1C1AVFC_enUS1164US1164&udm=2&sxsrf=AE3TifOoaI-ftK-oftpAks6YhKtwPJW5aQ:1764569826839&source=lnt&tbs=ic:trans&sa=X&ved=2ahUKEwiW_9bt3puRAxX-v4kEHV43BqgQpwV6BAgEEA0&biw=2560&bih=1271&dpr=1,broken ensecure lock icon - Google Search,2025-12-01 06:17:24
https://www.google.com/search?sca_esv=ce954c2cf051adce&rlz=1C1AVFC_enUS1164US1164&sxsrf=AE3TifOs4HCsbkyCv4PIv26MMs3eo0zwXw:1764569824804&udm=2&fbs=AIIjpHxU7SXXniUZfeShr2fp4giZ1Y6MJ25_tmWITc7uy4KIeioyp3OhN11EY0n5qfq-zENwnGygERInUV_0g0XKeHGJRAdFPaX_SSIJt7xYUfpm-4pJ4rSrJsA7MBee_PJqNW0B7E04ZKvUxtdyWmZI2r5AULE9tQUZjWV8XZg0HrfMW7nmECVk0r_iHim2O705lnQ20zR1YpF5H-By3MsmMKPmqD0Wdw&q=broken+ensecure+lock+icon&sa=X&ved=2ahUKEwjw29rs3puRAxWdAHkGHUuoOVwQtKgLegQICxAB&biw=2560&bih=1271&dpr=1,broken ensecure lock icon - Google Search,2025-12-01 06:17:07
https://www.google.com/search?q=broken+ensecure+lock+icon&rlz=1C1AVFC_enUS1164US1164&oq=broken+ensecure+lock+icon&gs_lcrp=EgZjaHJvbWUyBggAEEUYOTIJCAEQIRgKGKABMgkIAhAhGAoYoAEyCQgDECEYChigATIJCAQQIRgKGKABMgcIBRAhGKsC0gEINTIxMmowajeoAgCwAgA&sourceid=chrome&ie=UTF-8,broken ensecure lock icon - Google Search,2025-12-01 06:17:05
https://docs.google.com/presentation/d/1f4T5rBGFdISe2Xj85EWo_fTzRvZbJP8ngAKqD7svrms/edit?slide=id.g3a54e7c3858_1_152#slide=id.g3a54e7c3858_1_152,CloudFlare LavaRand - Google Slides,2025-12-01 06:14:30
https://docs.google.com/presentation/d/1f4T5rBGFdISe2Xj85EWo_fTzRvZbJP8ngAKqD7svrms/edit?slide=id.g3abbb89aa3c_0_15#slide=id.g3abbb89aa3c_0_15,CloudFlare LavaRand - Google Slides,2025-12-01 06:11:06
https://docs.google.com/presentation/d/1f4T5rBGFdISe2Xj85EWo_fTzRvZbJP8ngAKqD7svrms/edit?slide=id.g3a54e7c3858_1_176#slide=id.g3a54e7c3858_1_176,CloudFlare LavaRand - Google Slides,2025-12-01 06:10:14
https://docs.google.com/presentation/d/1f4T5rBGFdISe2Xj85EWo_fTzRvZbJP8ngAKqD7svrms/edit?slide=id.g3a54e7c3858_1_171#slide=id.g3a54e7c3858_1_171,CloudFlare LavaRand - Google Slides,2025-12-01 06:10:13
https://docs.google.com/presentation/d/1f4T5rBGFdISe2Xj85EWo_fTzRvZbJP8ngAKqD7svrms/edit?slide=id.g3a54e7c3858_1_165#slide=id.g3a54e7c3858_1_165,CloudFlare LavaRand - Google Slides,2025-12-01 06:10:12
https://docs.google.com/presentation/d/1f4T5rBGFdISe2Xj85EWo_fTzRvZbJP8ngAKqD7svrms/edit?slide=id.g3a54e7c3858_0_7#slide=id.g3a54e7c3858_0_7,CloudFlare LavaRand - Google Slides,2025-12-01 06:10:12
https://docs.google.com/presentation/d/1f4T5rBGFdISe2Xj85EWo_fTzRvZbJP8ngAKqD7svrms/edit?slide=id.g3a54e7c3858_1_158#slide=id.g3a54e7c3858_1_158,CloudFlare LavaRand - Google Slides,2025-12-01 06:10:11
https://docs.google.com/presentation/d/1f4T5rBGFdISe2Xj85EWo_fTzRvZbJP8ngAKqD7svrms/edit?slide=id.g3a54e7c3858_0_1#slide=id.g3a54e7c3858_0_1,CloudFlare LavaRand - Google Slides,2025-12-01 06:10:08
https://docs.google.com/presentation/d/1f4T5rBGFdISe2Xj85EWo_fTzRvZbJP8ngAKqD7svrms/edit?slide=id.g3a54e7c3858_1_158#slide=id.g3a54e7c3858_1_158,CloudFlare LavaRand - Google Slides,2025-12-01 06:10:02
https://docs.google.com/presentation/d/1f4T5rBGFdISe2Xj85EWo_fTzRvZbJP8ngAKqD7svrms/edit?slide=id.g3a54e7c3858_1_158#slide=id.g3a54e7c3858_1_158,CloudFlare LavaRand - Google Slides,2025-12-01 06:10:01
https://docs.google.com/presentation/d/1f4T5rBGFdISe2Xj85EWo_fTzRvZbJP8ngAKqD7svrms/edit?slide=id.g3a54e7c3858_1_165#slide=id.g3a54e7c3858_1_165,CloudFlare LavaRand - Google Slides,2025-12-01 06:10:01
https://docs.google.com/presentation/d/1f4T5rBGFdISe2Xj85EWo_fTzRvZbJP8ngAKqD7svrms/edit?slide=id.g3a54e7c3858_1_165#slide=id.g3a54e7c3858_1_165,CloudFlare LavaRand - Google Slides,2025-12-01 06:09:59
https://docs.google.com/presentation/d/1f4T5rBGFdISe2Xj85EWo_fTzRvZbJP8ngAKqD7svrms/edit?slide=id.g3a54e7c3858_1_171#slide=id.g3a54e7c3858_1_171,CloudFlare LavaRand - Google Slides,2025-12-01 06:09:58
https://docs.google.com/presentation/d/1f4T5rBGFdISe2Xj85EWo_fTzRvZbJP8ngAKqD7svrms/edit?slide=id.g3a54e7c3858_0_7#slide=id.g3a54e7c3858_0_7,CloudFlare LavaRand - Google Slides,2025-12-01 06:09:58
https://docs.google.com/presentation/d/1f4T5rBGFdISe2Xj85EWo_fTzRvZbJP8ngAKqD7svrms/edit?slide=id.g3a54e7c3858_1_165#slide=id.g3a54e7c3858_1_165,CloudFlare LavaRand - Google Slides,2025-12-01 06:09:57
https://docs.google.com/presentation/d/1f4T5rBGFdISe2Xj85EWo_fTzRvZbJP8ngAKqD7svrms/edit?slide=id.g3a54e7c3858_0_7#slide=id.g3a54e7c3858_0_7,CloudFlare LavaRand - Google Slides,2025-12-01 06:09:57
https://docs.google.com/presentation/d/1f4T5rBGFdISe2Xj85EWo_fTzRvZbJP8ngAKqD7svrms/edit?slide=id.g3a54e7c3858_1_165#slide=id.g3a54e7c3858_1_165,CloudFlare LavaRand - Google Slides,2025-12-01 06:09:55
https://docs.google.com/presentation/d/1f4T5rBGFdISe2Xj85EWo_fTzRvZbJP8ngAKqD7svrms/edit?slide=id.g3a54e7c3858_0_7#slide=id.g3a54e7c3858_0_7,CloudFlare LavaRand - Google Slides,2025-12-01 06:09:55
https://docs.google.com/presentation/d/1f4T5rBGFdISe2Xj85EWo_fTzRvZbJP8ngAKqD7svrms/edit?slide=id.g3a54e7c3858_0_7#slide=id.g3a54e7c3858_0_7,CloudFlare LavaRand - Google Slides,2025-12-01 06:09:54
https://docs.google.com/presentation/d/1f4T5rBGFdISe2Xj85EWo_fTzRvZbJP8ngAKqD7svrms/edit?slide=id.g3a54e7c3858_1_171#slide=id.g3a54e7c3858_1_171,CloudFlare LavaRand - Google Slides,2025-12-01 06:09:05
https://docs.google.com/presentation/d/1f4T5rBGFdISe2Xj85EWo_fTzRvZbJP8ngAKqD7svrms/edit?slide=id.g3a54e7c3858_0_7#slide=id.g3a54e7c3858_0_7,CloudFlare LavaRand - Google Slides,2025-12-01 06:08:56
https://docs.google.com/presentation/d/1f4T5rBGFdISe2Xj85EWo_fTzRvZbJP8ngAKqD7svrms/edit?slide=id.g3a54e7c3858_1_165#slide=id.g3a54e7c3858_1_165,CloudFlare LavaRand - Google Slides,2025-12-01 06:08:54
https://docs.google.com/presentation/d/1f4T5rBGFdISe2Xj85EWo_fTzRvZbJP8ngAKqD7svrms/edit?slide=id.g3a54e7c3858_0_7#slide=id.g3a54e7c3858_0_7,CloudFlare LavaRand - Google Slides,2025-12-01 06:08:51
https://docs.google.com/presentation/d/1f4T5rBGFdISe2Xj85EWo_fTzRvZbJP8ngAKqD7svrms/edit?slide=id.g3a54e7c3858_1_158#slide=id.g3a54e7c3858_1_158,CloudFlare LavaRand - Google Slides,2025-12-01 06:08:49
https://docs.google.com/presentation/d/1f4T5rBGFdISe2Xj85EWo_fTzRvZbJP8ngAKqD7svrms/edit?slide=id.g3a54e7c3858_1_165#slide=id.g3a54e7c3858_1_165,CloudFlare LavaRand - Google Slides,2025-12-01 06:08:49
https://docs.google.com/presentation/d/1f4T5rBGFdISe2Xj85EWo_fTzRvZbJP8ngAKqD7svrms/edit?slide=id.g3a54e7c3858_1_165#slide=id.g3a54e7c3858_1_165,CloudFlare LavaRand - Google Slides,2025-12-01 06:08:48
https://docs.google.com/presentation/d/1f4T5rBGFdISe2Xj85EWo_fTzRvZbJP8ngAKqD7svrms/edit?slide=id.g3a54e7c3858_1_158#slide=id.g3a54e7c3858_1_158,CloudFlare LavaRand - Google Slides,2025-12-01 06:08:44
https://docs.google.com/presentation/d/1f4T5rBGFdISe2Xj85EWo_fTzRvZbJP8ngAKqD7svrms/edit?slide=id.g3a54e7c3858_0_7#slide=id.g3a54e7c3858_0_7,CloudFlare LavaRand - Google Slides,2025-12-01 06:08:43
https://docs.google.com/presentation/d/1f4T5rBGFdISe2Xj85EWo_fTzRvZbJP8ngAKqD7svrms/edit?slide=id.g3a54e7c3858_0_7#slide=id.g3a54e7c3858_0_7,CloudFlare LavaRand - Google Slides,2025-12-01 06:08:42
https://docs.google.com/presentation/d/1f4T5rBGFdISe2Xj85EWo_fTzRvZbJP8ngAKqD7svrms/edit?slide=id.g3a54e7c3858_1_165#slide=id.g3a54e7c3858_1_165,CloudFlare LavaRand - Google Slides,2025-12-01 06:08:42
https://docs.google.com/presentation/d/1f4T5rBGFdISe2Xj85EWo_fTzRvZbJP8ngAKqD7svrms/edit?slide=id.g3a54e7c3858_0_7#slide=id.g3a54e7c3858_0_7,CloudFlare LavaRand - Google Slides,2025-12-01 06:08:41
https://docs.google.com/presentation/d/1f4T5rBGFdISe2Xj85EWo_fTzRvZbJP8ngAKqD7svrms/edit?slide=id.g3a54e7c3858_1_165#slide=id.g3a54e7c3858_1_165,CloudFlare LavaRand - Google Slides,2025-12-01 06:08:41
https://docs.google.com/presentation/d/1f4T5rBGFdISe2Xj85EWo_fTzRvZbJP8ngAKqD7svrms/edit?slide=id.g3a54e7c3858_1_171#slide=id.g3a54e7c3858_1_171,CloudFlare LavaRand - Google Slides,2025-12-01 06:08:40
https://docs.google.com/presentation/d/1f4T5rBGFdISe2Xj85EWo_fTzRvZbJP8ngAKqD7svrms/edit?slide=id.g3a54e7c3858_0_7#slide=id.g3a54e7c3858_0_7,CloudFlare LavaRand - Google Slides,2025-12-01 06:08:38
https://docs.google.com/presentation/d/1f4T5rBGFdISe2Xj85EWo_fTzRvZbJP8ngAKqD7svrms/edit?slide=id.g3a54e7c3858_1_165#slide=id.g3a54e7c3858_1_165,CloudFlare LavaRand - Google Slides,2025-12-01 06:08:36
https://docs.google.com/presentation/d/1f4T5rBGFdISe2Xj85EWo_fTzRvZbJP8ngAKqD7svrms/edit?slide=id.g3a54e7c3858_1_165#slide=id.g3a54e7c3858_1_165,CloudFlare LavaRand - Google Slides,2025-12-01 06:08:29
https://docs.google.com/presentation/d/1f4T5rBGFdISe2Xj85EWo_fTzRvZbJP8ngAKqD7svrms/edit?slide=id.g3a54e7c3858_0_7#slide=id.g3a54e7c3858_0_7,CloudFlare LavaRand - Google Slides,2025-12-01 06:08:29
https://docs.google.com/presentation/d/1f4T5rBGFdISe2Xj85EWo_fTzRvZbJP8ngAKqD7svrms/edit?slide=id.g3a54e7c3858_1_158#slide=id.g3a54e7c3858_1_158,CloudFlare LavaRand - Google Slides,2025-12-01 06:08:24
https://docs.google.com/presentation/d/1f4T5rBGFdISe2Xj85EWo_fTzRvZbJP8ngAKqD7svrms/edit?slide=id.g3a54e7c3858_1_165#slide=id.g3a54e7c3858_1_165,CloudFlare LavaRand - Google Slides,2025-12-01 06:08:10
https://docs.google.com/presentation/d/1f4T5rBGFdISe2Xj85EWo_fTzRvZbJP8ngAKqD7svrms/edit?slide=id.g3a54e7c3858_0_7#slide=id.g3a54e7c3858_0_7,CloudFlare LavaRand - Google Slides,2025-12-01 06:07:36
https://docs.google.com/presentation/d/1f4T5rBGFdISe2Xj85EWo_fTzRvZbJP8ngAKqD7svrms/edit?slide=id.g3a54e7c3858_1_165#slide=id.g3a54e7c3858_1_165,CloudFlare LavaRand - Google Slides,2025-12-01 06:07:35
https://docs.google.com/presentation/d/1f4T5rBGFdISe2Xj85EWo_fTzRvZbJP8ngAKqD7svrms/edit?slide=id.g3a54e7c3858_1_158#slide=id.g3a54e7c3858_1_158,CloudFlare LavaRand - Google Slides,2025-12-01 06:07:34
https://docs.google.com/presentation/d/1f4T5rBGFdISe2Xj85EWo_fTzRvZbJP8ngAKqD7svrms/edit?slide=id.g3a54e7c3858_0_7#slide=id.g3a54e7c3858_0_7,CloudFlare LavaRand - Google Slides,2025-12-01 06:07:33
https://docs.google.com/presentation/d/1f4T5rBGFdISe2Xj85EWo_fTzRvZbJP8ngAKqD7svrms/edit?slide=id.g3a54e7c3858_1_158#slide=id.g3a54e7c3858_1_158,CloudFlare LavaRand - Google Slides,2025-12-01 06:07:32
https://docs.google.com/presentation/d/1f4T5rBGFdISe2Xj85EWo_fTzRvZbJP8ngAKqD7svrms/edit?slide=id.g3a54e7c3858_1_165#slide=id.g3a54e7c3858_1_165,CloudFlare LavaRand - Google Slides,2025-12-01 06:07:32
https://docs.google.com/presentation/d/1f4T5rBGFdISe2Xj85EWo_fTzRvZbJP8ngAKqD7svrms/edit?slide=id.g3a54e7c3858_0_7#slide=id.g3a54e7c3858_0_7,CloudFlare LavaRand - Google Slides,2025-12-01 06:07:31
https://docs.google.com/presentation/d/1f4T5rBGFdISe2Xj85EWo_fTzRvZbJP8ngAKqD7svrms/edit?slide=id.g3a54e7c3858_1_165#slide=id.g3a54e7c3858_1_165,CloudFlare LavaRand - Google Slides,2025-12-01 06:07:29
https://docs.google.com/presentation/d/1f4T5rBGFdISe2Xj85EWo_fTzRvZbJP8ngAKqD7svrms/edit?slide=id.g3abbb89aa3c_0_1#slide=id.g3abbb89aa3c_0_1,CloudFlare LavaRand - Google Slides,2025-12-01 06:07:28
https://docs.google.com/presentation/d/1f4T5rBGFdISe2Xj85EWo_fTzRvZbJP8ngAKqD7svrms/edit?slide=id.g3a54e7c3858_0_1#slide=id.g3a54e7c3858_0_1,CloudFlare LavaRand - Google Slides,2025-12-01 06:07:26
https://docs.google.com/presentation/d/1f4T5rBGFdISe2Xj85EWo_fTzRvZbJP8ngAKqD7svrms/edit?slide=id.g3a54e7c3858_0_1#slide=id.g3a54e7c3858_0_1,CloudFlare LavaRand - Google Slides,2025-12-01 06:07:25
https://docs.google.com/presentation/d/1f4T5rBGFdISe2Xj85EWo_fTzRvZbJP8ngAKqD7svrms/edit?slide=id.g3a54e7c3858_1_158#slide=id.g3a54e7c3858_1_158,CloudFlare LavaRand - Google Slides,2025-12-01 06:07:25
https://docs.google.com/presentation/d/1f4T5rBGFdISe2Xj85EWo_fTzRvZbJP8ngAKqD7svrms/edit?slide=id.g3a54e7c3858_1_165#slide=id.g3a54e7c3858_1_165,CloudFlare LavaRand - Google Slides,2025-12-01 06:07:12
https://docs.google.com/presentation/d/1f4T5rBGFdISe2Xj85EWo_fTzRvZbJP8ngAKqD7svrms/edit?slide=id.g3a54e7c3858_1_158#slide=id.g3a54e7c3858_1_158,CloudFlare LavaRand - Google Slides,2025-12-01 06:05:53
https://docs.google.com/presentation/d/1f4T5rBGFdISe2Xj85EWo_fTzRvZbJP8ngAKqD7svrms/edit?slide=id.g3a54e7c3858_0_1#slide=id.g3a54e7c3858_0_1,CloudFlare LavaRand - Google Slides,2025-12-01 06:05:52
https://docs.google.com/presentation/d/1f4T5rBGFdISe2Xj85EWo_fTzRvZbJP8ngAKqD7svrms/edit?slide=id.g3abbb89aa3c_0_1#slide=id.g3abbb89aa3c_0_1,CloudFlare LavaRand - Google Slides,2025-12-01 06:05:17
https://docs.google.com/presentation/d/1f4T5rBGFdISe2Xj85EWo_fTzRvZbJP8ngAKqD7svrms/edit?slide=id.g3a54e7c3858_1_152#slide=id.g3a54e7c3858_1_152,CloudFlare LavaRand - Google Slides,2025-12-01 06:05:00
https://en.wikipedia.org/wiki/Lavarand,Lavarand - Wikipedia,2025-12-01 06:04:52
https://en.wikipedia.org/wiki/Silicon_Graphics,Silicon Graphics - Wikipedia,2025-12-01 06:04:48
https://en.wikipedia.org/wiki/Silicon_Graphics_International,Silicon Graphics International - Wikipedia,2025-12-01 06:04:45
https://docs.google.com/presentation/d/1f4T5rBGFdISe2Xj85EWo_fTzRvZbJP8ngAKqD7svrms/edit?slide=id.g3abbb89aa3c_0_1#slide=id.g3abbb89aa3c_0_1,CloudFlare LavaRand - Google Slides,2025-12-01 06:04:12
https://en.wikipedia.org/wiki/Silicon_Graphics,Silicon Graphics - Wikipedia,2025-12-01 06:03:21
https://en.wikipedia.org/wiki/Silicon_Graphics_International,Silicon Graphics International - Wikipedia,2025-12-01 06:02:38
https://en.wikipedia.org/wiki/Silicon_Graphics,Silicon Graphics - Wikipedia,2025-12-01 06:02:25
https://docs.google.com/presentation/d/1f4T5rBGFdISe2Xj85EWo_fTzRvZbJP8ngAKqD7svrms/edit?slide=id.g3a54e7c3858_0_1#slide=id.g3a54e7c3858_0_1,CloudFlare LavaRand - Google Slides,2025-12-01 05:59:31
https://docs.google.com/presentation/d/1f4T5rBGFdISe2Xj85EWo_fTzRvZbJP8ngAKqD7svrms/edit?slide=id.g3abbb89aa3c_0_1#slide=id.g3abbb89aa3c_0_1,CloudFlare LavaRand - Google Slides,2025-12-01 05:59:29
https://docs.google.com/presentation/d/1f4T5rBGFdISe2Xj85EWo_fTzRvZbJP8ngAKqD7svrms/edit?slide=id.g3a54e7c3858_0_1#slide=id.g3a54e7c3858_0_1,CloudFlare LavaRand - Google Slides,2025-12-01 05:59:28
https://docs.google.com/presentation/d/1f4T5rBGFdISe2Xj85EWo_fTzRvZbJP8ngAKqD7svrms/edit?slide=id.g3abbb89aa3c_0_1#slide=id.g3abbb89aa3c_0_1,CloudFlare LavaRand - Google Slides,2025-12-01 05:59:21
https://docs.google.com/presentation/d/1f4T5rBGFdISe2Xj85EWo_fTzRvZbJP8ngAKqD7svrms/edit?slide=id.g3a54e7c3858_0_1#slide=id.g3a54e7c3858_0_1,CloudFlare LavaRand - Google Slides,2025-12-01 05:59:20
https://docs.google.com/presentation/d/1f4T5rBGFdISe2Xj85EWo_fTzRvZbJP8ngAKqD7svrms/edit?slide=id.g3a54e7c3858_1_158#slide=id.g3a54e7c3858_1_158,CloudFlare LavaRand - Google Slides,2025-12-01 05:59:18
https://docs.google.com/presentation/d/1f4T5rBGFdISe2Xj85EWo_fTzRvZbJP8ngAKqD7svrms/edit?slide=id.g3a54e7c3858_1_165#slide=id.g3a54e7c3858_1_165,CloudFlare LavaRand - Google Slides,2025-12-01 05:59:18
https://docs.google.com/presentation/d/1f4T5rBGFdISe2Xj85EWo_fTzRvZbJP8ngAKqD7svrms/edit?slide=id.g3a54e7c3858_1_158#slide=id.g3a54e7c3858_1_158,CloudFlare LavaRand - Google Slides,2025-12-01 05:59:18
https://docs.google.com/presentation/d/1f4T5rBGFdISe2Xj85EWo_fTzRvZbJP8ngAKqD7svrms/edit?slide=id.g3a54e7c3858_1_152#slide=id.g3a54e7c3858_1_152,CloudFlare LavaRand - Google Slides,2025-12-01 05:59:12
https://docs.google.com/presentation/d/1f4T5rBGFdISe2Xj85EWo_fTzRvZbJP8ngAKqD7svrms/edit?slide=id.g3a54e7c3858_1_158#slide=id.g3a54e7c3858_1_158,CloudFlare LavaRand - Google Slides,2025-12-01 05:59:11
https://docs.google.com/presentation/d/1f4T5rBGFdISe2Xj85EWo_fTzRvZbJP8ngAKqD7svrms/edit?slide=id.g3a54e7c3858_1_152#slide=id.g3a54e7c3858_1_152,CloudFlare LavaRand - Google Slides,2025-12-01 05:59:04
https://docs.google.com/presentation/d/1f4T5rBGFdISe2Xj85EWo_fTzRvZbJP8ngAKqD7svrms/edit?slide=id.g3abbb89aa3c_0_1#slide=id.g3abbb89aa3c_0_1,CloudFlare LavaRand - Google Slides,2025-12-01 05:59:03
https://docs.google.com/presentation/d/1f4T5rBGFdISe2Xj85EWo_fTzRvZbJP8ngAKqD7svrms/edit?slide=id.g3abbb89aa3c_0_1#slide=id.g3abbb89aa3c_0_1,CloudFlare LavaRand - Google Slides,2025-12-01 05:59:02
https://docs.google.com/presentation/d/1f4T5rBGFdISe2Xj85EWo_fTzRvZbJP8ngAKqD7svrms/edit?slide=id.g3a54e7c3858_0_1#slide=id.g3a54e7c3858_0_1,CloudFlare LavaRand - Google Slides,2025-12-01 05:59:02
https://docs.google.com/presentation/d/1f4T5rBGFdISe2Xj85EWo_fTzRvZbJP8ngAKqD7svrms/edit?slide=id.g3a54e7c3858_1_152#slide=id.g3a54e7c3858_1_152,CloudFlare LavaRand - Google Slides,2025-12-01 05:58:40
https://docs.google.com/presentation/d/1f4T5rBGFdISe2Xj85EWo_fTzRvZbJP8ngAKqD7svrms/edit?slide=id.g3abbb89aa3c_0_1#slide=id.g3abbb89aa3c_0_1,CloudFlare LavaRand - Google Slides,2025-12-01 05:58:39
https://docs.google.com/presentation/d/1f4T5rBGFdISe2Xj85EWo_fTzRvZbJP8ngAKqD7svrms/edit?slide=id.g3a54e7c3858_1_152#slide=id.g3a54e7c3858_1_152,CloudFlare LavaRand - Google Slides,2025-12-01 05:58:38
https://docs.google.com/presentation/d/1f4T5rBGFdISe2Xj85EWo_fTzRvZbJP8ngAKqD7svrms/edit?slide=id.g3abbb89aa3c_0_1#slide=id.g3abbb89aa3c_0_1,CloudFlare LavaRand - Google Slides,2025-12-01 05:58:37
https://docs.google.com/presentation/d/1f4T5rBGFdISe2Xj85EWo_fTzRvZbJP8ngAKqD7svrms/edit?slide=id.g3a54e7c3858_0_1#slide=id.g3a54e7c3858_0_1,CloudFlare LavaRand - Google Slides,2025-12-01 05:58:30
https://en.wikipedia.org/wiki/Lavarand,Lavarand - Wikipedia,2025-12-01 05:58:14
https://www.google.com/search?q=lavarand+wiki&rlz=1C1AVFC_enUS1164US1164&oq=lavarand+wiki&gs_lcrp=EgZjaHJvbWUyBggAEEUYOTIGCAEQRRhAMgoIAhAAGIAEGKIEMgoIAxAAGIAEGKIEMgoIBBAAGIAEGKIEMgoIBRAAGIAEGKIEMgcIBhAAGO8F0gEIMjEwM2owajeoAgCwAgA&sourceid=chrome&ie=UTF-8,lavarand wiki - Google Search,2025-12-01 05:58:12
https://docs.google.com/presentation/d/1f4T5rBGFdISe2Xj85EWo_fTzRvZbJP8ngAKqD7svrms/edit?slide=id.g3abbb89aa3c_0_1#slide=id.g3abbb89aa3c_0_1,CloudFlare LavaRand - Google Slides,2025-12-01 05:57:20
https://docs.google.com/presentation/d/1f4T5rBGFdISe2Xj85EWo_fTzRvZbJP8ngAKqD7svrms/edit?slide=id.g3a54e7c3858_1_152#slide=id.g3a54e7c3858_1_152,CloudFlare LavaRand - Google Slides,2025-12-01 05:57:19
https://docs.google.com/presentation/d/1f4T5rBGFdISe2Xj85EWo_fTzRvZbJP8ngAKqD7svrms/edit?slide=id.g3abbb89aa3c_0_1#slide=id.g3abbb89aa3c_0_1,CloudFlare LavaRand - Google Slides,2025-12-01 05:56:43
https://docs.google.com/presentation/d/1f4T5rBGFdISe2Xj85EWo_fTzRvZbJP8ngAKqD7svrms/edit?slide=id.g3a54e7c3858_1_152#slide=id.g3a54e7c3858_1_152,CloudFlare LavaRand - Google Slides,2025-12-01 05:56:42
https://docs.google.com/presentation/d/1f4T5rBGFdISe2Xj85EWo_fTzRvZbJP8ngAKqD7svrms/edit?slide=id.g3a54e7c3858_0_1#slide=id.g3a54e7c3858_0_1,CloudFlare LavaRand - Google Slides,2025-12-01 05:56:32
https://docs.google.com/presentation/d/1f4T5rBGFdISe2Xj85EWo_fTzRvZbJP8ngAKqD7svrms/edit?slide=id.g3a54e7c3858_1_152#slide=id.g3a54e7c3858_1_152,CloudFlare LavaRand - Google Slides,2025-12-01 05:56:21
https://docs.google.com/presentation/d/1f4T5rBGFdISe2Xj85EWo_fTzRvZbJP8ngAKqD7svrms/edit?slide=id.g3a54e7c3858_0_1#slide=id.g3a54e7c3858_0_1,CloudFlare LavaRand - Google Slides,2025-12-01 05:56:20
https://docs.google.com/presentation/d/1f4T5rBGFdISe2Xj85EWo_fTzRvZbJP8ngAKqD7svrms/edit?slide=id.g3a54e7c3858_0_1#slide=id.g3a54e7c3858_0_1,CloudFlare LavaRand - Google Slides,2025-12-01 05:55:42
https://docs.google.com/presentation/d/1f4T5rBGFdISe2Xj85EWo_fTzRvZbJP8ngAKqD7svrms/edit?slide=id.g3a54e7c3858_1_152#slide=id.g3a54e7c3858_1_152,CloudFlare LavaRand - Google Slides,2025-12-01 05:55:42
https://docs.google.com/presentation/d/1f4T5rBGFdISe2Xj85EWo_fTzRvZbJP8ngAKqD7svrms/edit?slide=id.g3a54e7c3858_1_158#slide=id.g3a54e7c3858_1_158,CloudFlare LavaRand - Google Slides,2025-12-01 05:55:41
https://docs.google.com/presentation/d/1f4T5rBGFdISe2Xj85EWo_fTzRvZbJP8ngAKqD7svrms/edit?slide=id.g3a54e7c3858_1_165#slide=id.g3a54e7c3858_1_165,CloudFlare LavaRand - Google Slides,2025-12-01 05:55:41
https://docs.google.com/presentation/d/1f4T5rBGFdISe2Xj85EWo_fTzRvZbJP8ngAKqD7svrms/edit?slide=id.g3a54e7c3858_1_158#slide=id.g3a54e7c3858_1_158,CloudFlare LavaRand - Google Slides,2025-12-01 05:55:40
https://docs.google.com/presentation/d/1f4T5rBGFdISe2Xj85EWo_fTzRvZbJP8ngAKqD7svrms/edit?slide=id.g3a54e7c3858_0_1#slide=id.g3a54e7c3858_0_1,CloudFlare LavaRand - Google Slides,2025-12-01 05:55:40
https://docs.google.com/presentation/d/1f4T5rBGFdISe2Xj85EWo_fTzRvZbJP8ngAKqD7svrms/edit?slide=id.g3a54e7c3858_0_1#slide=id.g3a54e7c3858_0_1,CloudFlare LavaRand - Google Slides,2025-12-01 05:55:39
https://docs.google.com/presentation/d/1f4T5rBGFdISe2Xj85EWo_fTzRvZbJP8ngAKqD7svrms/edit?slide=id.g3a54e7c3858_1_152#slide=id.g3a54e7c3858_1_152,CloudFlare LavaRand - Google Slides,2025-12-01 05:54:59
https://gemini.google.com/app/a15c34a44905ee51,Google Gemini,2025-12-01 05:53:30
https://gemini.google.com/app,Google Gemini,2025-12-01 05:52:51
https://gemini.google.com/app/b4e9345d050e5c69,Google Gemini,2025-12-01 05:52:50
https://gemini.google.com/app/b4e9345d050e5c69,Google Gemini,2025-12-01 05:52:45
https://canvas.illinoisstate.edu/,Dashboard,2025-12-01 05:51:56
https://canvas.illinoisstate.edu/,Dashboard,2025-12-01 05:51:45
https://canvas.illinoisstate.edu/,Dashboard,2025-12-01 05:51:35
https://gemini.google.com/,‎Google Gemini,2025-12-01 05:51:25
https://gemini.google.com/app,Google Gemini,2025-12-01 05:51:25
file:///C:/Users/Zac/Downloads/CloudFlare%20LavaRand%20-%20Zac%20Davis%20&%20Bailey%20Noonan%20(2).pdf,CloudFlare LavaRand - Zac Davis & Bailey Noonan,2025-12-01 05:50:38
https://docs.google.com/presentation/d/1f4T5rBGFdISe2Xj85EWo_fTzRvZbJP8ngAKqD7svrms/edit?slide=id.g3a54e7c3858_0_7#slide=id.g3a54e7c3858_0_7,CloudFlare LavaRand - Google Slides,2025-12-01 05:50:11
https://docs.google.com/presentation/d/1f4T5rBGFdISe2Xj85EWo_fTzRvZbJP8ngAKqD7svrms/edit?slide=id.g3a54e7c3858_1_165#slide=id.g3a54e7c3858_1_165,CloudFlare LavaRand - Google Slides,2025-12-01 05:49:44
https://docs.google.com/presentation/d/1f4T5rBGFdISe2Xj85EWo_fTzRvZbJP8ngAKqD7svrms/edit?slide=id.g3a54e7c3858_0_1#slide=id.g3a54e7c3858_0_1,CloudFlare LavaRand - Google Slides,2025-12-01 05:49:41
https://docs.google.com/presentation/d/1f4T5rBGFdISe2Xj85EWo_fTzRvZbJP8ngAKqD7svrms/edit?slide=id.g3a54e7c3858_1_158#slide=id.g3a54e7c3858_1_158,CloudFlare LavaRand - Google Slides,2025-12-01 05:49:41
https://docs.google.com/presentation/d/1f4T5rBGFdISe2Xj85EWo_fTzRvZbJP8ngAKqD7svrms/edit?slide=id.g3a54e7c3858_1_152#slide=id.g3a54e7c3858_1_152,CloudFlare LavaRand - Google Slides,2025-12-01 05:49:40
https://docs.google.com/presentation/d/1f4T5rBGFdISe2Xj85EWo_fTzRvZbJP8ngAKqD7svrms/edit?slide=id.g3a54e7c3858_1_158#slide=id.g3a54e7c3858_1_158,CloudFlare LavaRand - Google Slides,2025-12-01 05:49:38
https://docs.google.com/presentation/d/1f4T5rBGFdISe2Xj85EWo_fTzRvZbJP8ngAKqD7svrms/edit?slide=id.g3a54e7c3858_0_1#slide=id.g3a54e7c3858_0_1,CloudFlare LavaRand - Google Slides,2025-12-01 05:49:38
https://docs.google.com/presentation/d/1f4T5rBGFdISe2Xj85EWo_fTzRvZbJP8ngAKqD7svrms/edit?slide=id.g3a54e7c3858_0_1#slide=id.g3a54e7c3858_0_1,CloudFlare LavaRand - Google Slides,2025-12-01 05:49:37
https://docs.google.com/presentation/d/1f4T5rBGFdISe2Xj85EWo_fTzRvZbJP8ngAKqD7svrms/edit?slide=id.g3a54e7c3858_1_152#slide=id.g3a54e7c3858_1_152,CloudFlare LavaRand - Google Slides,2025-12-01 05:49:11
https://docs.google.com/presentation/d/1f4T5rBGFdISe2Xj85EWo_fTzRvZbJP8ngAKqD7svrms/edit?slide=id.p#slide=id.p,CloudFlare LavaRand - Google Slides,2025-12-01 05:49:07
https://canvas.illinoisstate.edu/courses/38385/assignments/661244,Topic Presentation,2025-12-01 05:48:32
https://canvas.illinoisstate.edu/courses/38385/assignments,Assignments: IT 351 002 Fall 2025 - Practical Cryptography and Trusted Systems,2025-12-01 05:48:28
https://canvas.illinoisstate.edu/courses/38385/modules,Course Modules: IT 351 002 Fall 2025 - Practical Cryptography and Trusted Systems,2025-12-01 05:48:08
https://canvas.illinoisstate.edu/courses/38385/assignments/661241/submissions/34840,Topic Presentation Report: Zac Davis,2025-12-01 05:48:03
https://canvas.illinoisstate.edu/courses/38385/grades,Grades for Zac Davis: IT 351 002 Fall 2025 - Practical Cryptography and Trusted Systems,2025-12-01 05:47:58
https://canvas.illinoisstate.edu/courses/38385,IT 351 002 Fall 2025 - Practical Cryptography and Trusted Systems,2025-12-01 05:47:55
https://canvas.illinoisstate.edu/courses/38385/assignments/661244/submissions/34840,Topic Presentation: Zac Davis,2025-12-01 05:47:52
https://canvas.illinoisstate.edu/courses/38385/grades,Grades for Zac Davis: IT 351 002 Fall 2025 - Practical Cryptography and Trusted Systems,2025-12-01 05:47:19
https://canvas.illinoisstate.edu/courses/38385/assignments/707328/submissions/34840,Quiz 4: Zac Davis,2025-12-01 05:47:18
https://canvas.illinoisstate.edu/courses/38385/grades,Grades for Zac Davis: IT 351 002 Fall 2025 - Practical Cryptography and Trusted Systems,2025-12-01 05:47:14
https://canvas.illinoisstate.edu/courses/38385,IT 351 002 Fall 2025 - Practical Cryptography and Trusted Systems,2025-12-01 05:47:06
https://canvas.illinoisstate.edu/,Dashboard,2025-12-01 05:46:54
https://docs.google.com/presentation/d/1f4T5rBGFdISe2Xj85EWo_fTzRvZbJP8ngAKqD7svrms/edit?slide=id.g3a54e7c3858_1_158#slide=id.g3a54e7c3858_1_158,CloudFlare LavaRand - Google Slides,2025-12-01 05:46:42
https://docs.google.com/presentation/d/1f4T5rBGFdISe2Xj85EWo_fTzRvZbJP8ngAKqD7svrms/edit?slide=id.g3a54e7c3858_1_158#slide=id.g3a54e7c3858_1_158,CloudFlare LavaRand - Google Slides,2025-12-01 05:46:15
https://docs.google.com/presentation/d/1f4T5rBGFdISe2Xj85EWo_fTzRvZbJP8ngAKqD7svrms/edit?slide=id.g3a54e7c3858_0_1#slide=id.g3a54e7c3858_0_1,CloudFlare LavaRand - Google Slides,2025-12-01 05:46:15
https://docs.google.com/presentation/d/1f4T5rBGFdISe2Xj85EWo_fTzRvZbJP8ngAKqD7svrms/edit?slide=id.g3a54e7c3858_0_1#slide=id.g3a54e7c3858_0_1,CloudFlare LavaRand - Google Slides,2025-12-01 05:46:14
https://docs.google.com/presentation/d/1f4T5rBGFdISe2Xj85EWo_fTzRvZbJP8ngAKqD7svrms/edit?slide=id.g3a54e7c3858_1_152#slide=id.g3a54e7c3858_1_152,CloudFlare LavaRand - Google Slides,2025-12-01 05:35:11
https://docs.google.com/presentation/d/1f4T5rBGFdISe2Xj85EWo_fTzRvZbJP8ngAKqD7svrms/edit?slide=id.g3a54e7c3858_1_158#slide=id.g3a54e7c3858_1_158,CloudFlare LavaRand - Google Slides,2025-12-01 05:35:03
https://docs.google.com/presentation/d/1f4T5rBGFdISe2Xj85EWo_fTzRvZbJP8ngAKqD7svrms/edit?slide=id.g3a54e7c3858_1_171#slide=id.g3a54e7c3858_1_171,CloudFlare LavaRand - Google Slides,2025-12-01 05:35:02
https://docs.google.com/presentation/d/1f4T5rBGFdISe2Xj85EWo_fTzRvZbJP8ngAKqD7svrms/edit?slide=id.g3a54e7c3858_0_7#slide=id.g3a54e7c3858_0_7,CloudFlare LavaRand - Google Slides,2025-12-01 05:35:02
https://docs.google.com/presentation/d/1f4T5rBGFdISe2Xj85EWo_fTzRvZbJP8ngAKqD7svrms/edit?slide=id.g3a54e7c3858_1_165#slide=id.g3a54e7c3858_1_165,CloudFlare LavaRand - Google Slides,2025-12-01 05:35:02
https://docs.google.com/presentation/d/1f4T5rBGFdISe2Xj85EWo_fTzRvZbJP8ngAKqD7svrms/edit?slide=id.g3a54e7c3858_1_176#slide=id.g3a54e7c3858_1_176,CloudFlare LavaRand - Google Slides,2025-12-01 05:34:45
https://docs.google.com/presentation/d/1f4T5rBGFdISe2Xj85EWo_fTzRvZbJP8ngAKqD7svrms/edit?slide=id.g3a54e7c3858_1_171#slide=id.g3a54e7c3858_1_171,CloudFlare LavaRand - Google Slides,2025-12-01 05:34:31
https://docs.google.com/presentation/d/1f4T5rBGFdISe2Xj85EWo_fTzRvZbJP8ngAKqD7svrms/edit?slide=id.g3a54e7c3858_0_7#slide=id.g3a54e7c3858_0_7,CloudFlare LavaRand - Google Slides,2025-12-01 05:34:16
https://docs.google.com/presentation/d/1f4T5rBGFdISe2Xj85EWo_fTzRvZbJP8ngAKqD7svrms/edit?slide=id.g3a54e7c3858_1_165#slide=id.g3a54e7c3858_1_165,CloudFlare LavaRand - Google Slides,2025-12-01 05:34:04
https://docs.google.com/presentation/d/1f4T5rBGFdISe2Xj85EWo_fTzRvZbJP8ngAKqD7svrms/edit?slide=id.g3a54e7c3858_0_1#slide=id.g3a54e7c3858_0_1,CloudFlare LavaRand - Google Slides,2025-12-01 05:33:50
https://docs.google.com/presentation/d/1f4T5rBGFdISe2Xj85EWo_fTzRvZbJP8ngAKqD7svrms/edit?slide=id.g3a54e7c3858_1_158#slide=id.g3a54e7c3858_1_158,CloudFlare LavaRand - Google Slides,2025-12-01 05:33:50
https://docs.google.com/presentation/d/1f4T5rBGFdISe2Xj85EWo_fTzRvZbJP8ngAKqD7svrms/edit?slide=id.g3a54e7c3858_1_152#slide=id.g3a54e7c3858_1_152,CloudFlare LavaRand - Google Slides,2025-12-01 05:33:26
https://docs.google.com/presentation/d/1f4T5rBGFdISe2Xj85EWo_fTzRvZbJP8ngAKqD7svrms/edit?ouid=107711590924735763390&usp=slides_home&ths=true,CloudFlare LavaRand - Google Slides,2025-12-01 05:33:25
https://docs.google.com/presentation/d/1f4T5rBGFdISe2Xj85EWo_fTzRvZbJP8ngAKqD7svrms/edit,CloudFlare LavaRand - Google Slides,2025-12-01 05:33:25
https://docs.google.com/presentation/d/1f4T5rBGFdISe2Xj85EWo_fTzRvZbJP8ngAKqD7svrms/edit?slide=id.p#slide=id.p,CloudFlare LavaRand - Google Slides,2025-12-01 05:33:25
https://docs.google.com/presentation/u/0/?ec=wgc-slides-[module]-goto,Google Slides,2025-12-01 05:33:22
https://docs.google.com/presentation/d/1I9xYwlI9rh7q_Om-tHC25jZOHjGRVoYxxIFGYRerJb0/edit,IT 360 Project: Browser Forensics Suite - Google Slides,2025-12-01 05:33:21
https://docs.google.com/presentation/d/1I9xYwlI9rh7q_Om-tHC25jZOHjGRVoYxxIFGYRerJb0/edit?slide=id.p#slide=id.p,IT 360 Project: Browser Forensics Suite - Google Slides,2025-12-01 05:33:21
https://docs.google.com/presentation/d/1I9xYwlI9rh7q_Om-tHC25jZOHjGRVoYxxIFGYRerJb0/edit?ouid=107711590924735763390&usp=slides_home&ths=true,IT 360 Project: Browser Forensics Suite - Google Slides,2025-12-01 05:33:20
https://docs.google.com/presentation/u/0/?ec=wgc-slides-[module]-goto,Google Slides,2025-12-01 05:33:17
https://workspace.google.com/products/slides/,Google Slides: Presentation Slideshow Maker | Google Workspace,2025-12-01 05:33:16
https://www.google.com/search?q=slideds&rlz=1C1AVFC_enUS1164US1164&oq=slideds&gs_lcrp=EgZjaHJvbWUyBggAEEUYOTIRCAEQABgKGAsYgwEYsQMYgAQyEQgCEAAYChgLGIMBGLEDGIAEMg4IAxAAGAoYCxixAxiABDIRCAQQABgKGAsYgwEYsQMYgAQyEQgFEAAYChgLGIMBGLEDGIAEMhEIBhAAGAoYCxiDARixAxiABDIOCAcQABgKGAsYsQMYgAQyEQgIEAAYChgLGIMBGLEDGIAEMhEICRAAGAoYCxiDARixAxiABNIBBzU3N2owajeoAgCwAgA&sourceid=chrome&ie=UTF-8,slideds - Google Search,2025-12-01 05:33:14
https://gemini.google.com/app/a2b7e64678f5e6de,Google Gemini,2025-12-01 05:31:02
https://gemini.google.com/app,Google Gemini,2025-12-01 05:30:54
https://canvas.illinoisstate.edu/,Dashboard,2025-12-01 05:30:23
https://canvas.illinoisstate.edu/courses/40105/assignments/627231?confetti=true,Outline 41 Week 14 F,2025-12-01 05:30:21
https://docs.google.com/document/d/1-wy4AZCm0aeowzhj-7f7arpwo4bkyQCx32TVwZUGC1M/edit?tab=t.0#heading=h.iny5kwa3kpdp,Outline 41 - Zac Davis - Google Docs,2025-12-01 05:30:07
https://docs.google.com/document/d/1-wy4AZCm0aeowzhj-7f7arpwo4bkyQCx32TVwZUGC1M/edit?tab=t.0,Preparing for the Review - Google Docs,2025-12-01 05:30:05
https://docs.google.com/document/d/1-wy4AZCm0aeowzhj-7f7arpwo4bkyQCx32TVwZUGC1M/edit?tab=t.0#heading=h.iny5kwa3kpdp,Outline 41 - Zac Davis - Google Docs,2025-12-01 05:29:57
https://docs.google.com/document/d/1-wy4AZCm0aeowzhj-7f7arpwo4bkyQCx32TVwZUGC1M/edit?tab=t.0,Preparing for the Review - Google Docs,2025-12-01 05:24:48
https://docs.google.com/document/d/1-wy4AZCm0aeowzhj-7f7arpwo4bkyQCx32TVwZUGC1M/edit?tab=t.0#heading=h.iny5kwa3kpdp,Outline 41 - Zac Davis - Google Docs,2025-12-01 05:24:46
https://docs.google.com/document/d/1-wy4AZCm0aeowzhj-7f7arpwo4bkyQCx32TVwZUGC1M/edit?tab=t.0,Preparing for the Review - Google Docs,2025-12-01 05:24:45
https://docs.google.com/document/d/1-wy4AZCm0aeowzhj-7f7arpwo4bkyQCx32TVwZUGC1M/edit?tab=t.0#heading=h.iny5kwa3kpdp,Outline 41 - Zac Davis - Google Docs,2025-12-01 05:24:32
https://docs.google.com/document/u/0/create?usp=docs_home&ths=true,Untitled document - Google Docs,2025-12-01 05:24:17
https://docs.google.com/document/d/1-wy4AZCm0aeowzhj-7f7arpwo4bkyQCx32TVwZUGC1M/edit?tab=t.0,Preparing for the Review - Google Docs,2025-12-01 05:24:17
https://canvas.illinoisstate.edu/courses/40105/assignments/627231,Outline 41 Week 14 F,2025-12-01 05:24:14
https://sso.canvaslms.com/delegated_auth_pass_through?target=https%3A%2F%2Fcanvas.illinoisstate.edu%2F,Dashboard,2025-12-01 05:21:08
https://canvas.illinoisstate.edu/,Dashboard,2025-12-01 05:21:08
https://sso.illinoisstate.edu/idp/profile/SAML2/Redirect/SSO?execution=e1s2,Working...,2025-12-01 05:21:06
https://sso.illinoisstate.edu/idp/profile/Authn/SAML2/POST/SSO/start?conversation=e1s2,Working...,2025-12-01 05:21:06
https://login.microsoftonline.com/085f983a-0b69-4270-b71d-10695076bafe/saml2?SAMLRequest=hZJPb9swDMW%2FiqG7LVm141iIU2QNhgVo16B2e9hlkBW6ESBLmSi327efmj9Dd2nPfPyRfI%2BL69%2BjSV7Ao3a2IXnGSAJWuZ22zw157L6mc3K9XKAcDT%2BI1RT29gF%2BTYAhiY0WxanSkMlb4SRqFFaOgCIo0a7ubgXPmDh4F5xyhiQrRPAhjrpxFqcRfAv%2BRSt4fLhtyD6EAwpKEV2mjdHWacQgA2Swm6jeHWgEDdoAPe5B3%2Ficbu%2FbjrbtPUnWcSttZThecoEZ96xtNmrlHbohOBu5kCk3UjYvh3p%2BJVPWz%2Bq04BVL%2ByrfpTmb1SWrZr0cgB7PI8lm3ZCfVa6quZJc8qqoSlmUAxsgr4diKGqpZirKECfY2Li0DQ3hjJdpzlOWd6wUPBeszFh59YMk27MhX7Q9Gf2Re%2F1JhOJb123Tt3NJ8nQJLArIOR5xnO7f5%2FIxWF7CIMvPrce97ntnIOwX9P24f7%2FxPfI3660zWv1JVsa41xsPkdCQ4CcgdHnu%2B%2F%2BLln8B&RelayState=e1s2,Working...,2025-12-01 05:21:06
https://docs.google.com/document/u/0/?usp=direct_url,Google Docs,2025-12-01 05:21:06
https://login.microsoftonline.com/085f983a-0b69-4270-b71d-10695076bafe/saml2?SAMLRequest=hZJPb9swDMW%2FiqG7LVm141iIU2QNhgVo16B2e9hlkBW6ESBLmSi327efmj9Dd2nPfPyRfI%2BL69%2BjSV7Ao3a2IXnGSAJWuZ22zw157L6mc3K9XKAcDT%2BI1RT29gF%2BTYAhiY0WxanSkMlb4SRqFFaOgCIo0a7ubgXPmDh4F5xyhiQrRPAhjrpxFqcRfAv%2BRSt4fLhtyD6EAwpKEV2mjdHWacQgA2Swm6jeHWgEDdoAPe5B3%2Ficbu%2FbjrbtPUnWcSttZThecoEZ96xtNmrlHbohOBu5kCk3UjYvh3p%2BJVPWz%2Bq04BVL%2ByrfpTmb1SWrZr0cgB7PI8lm3ZCfVa6quZJc8qqoSlmUAxsgr4diKGqpZirKECfY2Li0DQ3hjJdpzlOWd6wUPBeszFh59YMk27MhX7Q9Gf2Re%2F1JhOJb123Tt3NJ8nQJLArIOR5xnO7f5%2FIxWF7CIMvPrce97ntnIOwX9P24f7%2FxPfI3660zWv1JVsa41xsPkdCQ4CcgdHnu%2B%2F%2BLln8B&RelayState=e1s2&sso_reload=true,Working...,2025-12-01 05:21:06
https://docs.google.com/document/u/0/,Google Docs,2025-12-01 05:21:06
https://sso.illinoisstate.edu/idp/profile/SAML2/Redirect/SSO?execution=e1s2&_eventId_proceed=1,Central Login | Illinois State University - Saving Session Information...,2025-12-01 05:21:06
https://sso.illinoisstate.edu/idp/profile/SAML2/Redirect/SSO?execution=e1s3,Central Login | Illinois State University - Saving Session Information...,2025-12-01 05:21:06
https://sso.illinoisstate.edu/idp/profile/SAML2/Redirect/SSO?execution=e1s3,Central Login | Illinois State University - Saving Session Information...,2025-12-01 05:21:06
http://canvas.illinoisstate.edu/,Central Login | Illinois State University - Loading Session Information,2025-12-01 05:21:05
https://canvas.illinoisstate.edu/,Dashboard,2025-12-01 05:21:05
https://canvas.illinoisstate.edu/login,Central Login | Illinois State University - Loading Session Information,2025-12-01 05:21:05
https://canvas.illinoisstate.edu/login/saml,Central Login | Illinois State University - Loading Session Information,2025-12-01 05:21:05
https://sso.illinoisstate.edu/idp/profile/SAML2/Redirect/SSO?SAMLRequest=fZJLT8MwEITv%2FIrI98RJmvKw2kqFClGJR9UUDlyQ62xhJccOXpvHv8dNQRQJuK49882OPSLZ6k5Mg38yS3gOQD55a7Uh0R%2BMWXBGWElIwsgWSHgl6unVpSizXHTOequsZnuS%2FxWSCJxHa1gyn43ZQyWbajA4lGkzPDlKK3m0TuVaHafHgyI%2FLGGYb6o1S%2B7AUdSMWbSIQqIAc0NeGh9HeTlMizLNi1U%2BFGUh8uqeJbO4Bxrpe9WT9x0JzolshlqjsUhR7SGDJnBsOh4X2aAGvs1Z8iU06EB5Xtc3LJl%2BRT6zhkILrgb3ggpul5ff1kqaF0m%2FuGv7iIZvi2HJ4rOuUzQNmsf%2Fm1rvLpG4WK0W6eKmXrHJaOsj%2Bv3dZIuO5J9IjLW4oHxwkCnb9uByxPd1o92LX0fifLawGtV7cm5dK%2F3fgYqs6CfYpJv%2BqgiGOlC4QWhiRVrb1zMHMcGYRT4wPtlBf%2F6sycEH&SigAlg=http%3A%2F%2Fwww.w3.org%2F2001%2F04%2Fxmldsig-more%23rsa-sha256&Signature=8qvCBYV%2Fh66dnrRcjuIJAhAH2UEzXNT4Flow0mD6xCmHFschXu1fl194Az3jCMvIk5cj7g9q7AivenTbXRdw4ogjWSrz4inqva%2FiUSTw4PmNFAm6oMPnW7faOQVMsucJjKZDkaTLSnYEnJhKsCNQ0URXiue0pNzHZp9bLu1uPslu2ObTFKNKP7OIJockOAHL17GHfXwZjjb8V%2FLleNRKtF7%2FFg2oTog3JZcPP%2FHR6oWWdRdT2UOvMuqFgnJZHBMrIqOWp%2FqqwMYzvaHqIhts0SX8SEJM2iNdtiuOve%2F%2Fo%2B433XxkTkS2%2BVjde5Wuk0x%2FuEh0PAZ4sj20cRpB5NQtjA%3D%3D,Central Login | Illinois State University - Loading Session Information,2025-12-01 05:21:05
https://sso.illinoisstate.edu/idp/profile/SAML2/Redirect/SSO?execution=e1s1,Central Login | Illinois State University - Loading Session Information,2025-12-01 05:21:05
https://gemini.google.com/app/a2b7e64678f5e6de,Google Gemini,2025-12-01 05:18:57
https://gemini.google.com/app,Google Gemini,2025-12-01 03:15:28
https://gemini.google.com/,‎Google Gemini,2025-12-01 03:15:23
https://www.google.com/,Google,2025-12-01 01:58:51
https://github.com/moonD4rk/HackBrowserData/blob/2f3f4a908a45dab8cf64f72c5c3ddf28dc4dc2f8/browser/chromium/chromium_windows.go#L20,HackBrowserData/browser/chromium/chromium_windows.go at 2f3f4a908a45dab8cf64f72c5c3ddf28dc4dc2f8 · moonD4rk/HackBrowserData,2025-11-30 06:08:28
https://github.com/moonD4rk/HackBrowserData/blob/2f3f4a908a45dab8cf64f72c5c3ddf28dc4dc2f8/browser/chromium/chromium_windows.go#L20,HackBrowserData/browser/chromium/chromium_windows.go at 2f3f4a908a45dab8cf64f72c5c3ddf28dc4dc2f8 · moonD4rk/HackBrowserData,2025-11-30 06:08:28
https://github.com/moonD4rk/HackBrowserData/blob/2f3f4a908a45dab8cf64f72c5c3ddf28dc4dc2f8/browser/chromium/chromium_windows.go#L20,HackBrowserData/browser/chromium/chromium_windows.go at 2f3f4a908a45dab8cf64f72c5c3ddf28dc4dc2f8 · moonD4rk/HackBrowserData,2025-11-30 06:08:28
https://github.com/moonD4rk/HackBrowserData/blob/2f3f4a908a45dab8cf64f72c5c3ddf28dc4dc2f8/browser/chromium/chromium_windows.go#L20,HackBrowserData/browser/chromium/chromium_windows.go at 2f3f4a908a45dab8cf64f72c5c3ddf28dc4dc2f8 · moonD4rk/HackBrowserData,2025-11-30 06:08:28
https://github.com/search?q=repo%3AmoonD4rk%2FHackBrowserData%20masterkey&type=code,Code search results,2025-11-30 06:07:56
https://github.com/moonD4rk/HackBrowserData/blob/2f3f4a908a45dab8cf64f72c5c3ddf28dc4dc2f8/browser/chromium/chromium_linux.go#L17,HackBrowserData/browser/chromium/chromium_linux.go at 2f3f4a908a45dab8cf64f72c5c3ddf28dc4dc2f8 · moonD4rk/HackBrowserData,2025-11-30 06:06:37
https://github.com/moonD4rk/HackBrowserData/blob/2f3f4a908a45dab8cf64f72c5c3ddf28dc4dc2f8/browser/chromium/chromium_linux.go#L17,HackBrowserData/browser/chromium/chromium_linux.go at 2f3f4a908a45dab8cf64f72c5c3ddf28dc4dc2f8 · moonD4rk/HackBrowserData,2025-11-30 06:06:37
https://github.com/moonD4rk/HackBrowserData/blob/2f3f4a908a45dab8cf64f72c5c3ddf28dc4dc2f8/browser/chromium/chromium_linux.go#L17,HackBrowserData/browser/chromium/chromium_linux.go at 2f3f4a908a45dab8cf64f72c5c3ddf28dc4dc2f8 · moonD4rk/HackBrowserData,2025-11-30 06:06:37
https://github.com/moonD4rk/HackBrowserData/blob/2f3f4a908a45dab8cf64f72c5c3ddf28dc4dc2f8/browser/chromium/chromium_linux.go#L17,HackBrowserData/browser/chromium/chromium_linux.go at 2f3f4a908a45dab8cf64f72c5c3ddf28dc4dc2f8 · moonD4rk/HackBrowserData,2025-11-30 06:06:37
https://github.com/search?q=repo%3AmoonD4rk%2FHackBrowserData%20masterkey&type=code,Code search results,2025-11-30 06:06:29
https://github.com/search?q=repo%3AmoonD4rk%2FHackBrowserData%20masterkey&type=code,Code search results,2025-11-30 06:06:29
https://github.com/search?q=repo%3AmoonD4rk%2FHackBrowserData%20masterkey&type=code,Code search results,2025-11-30 06:06:29
https://github.com/search?q=repo%3AmoonD4rk%2FHackBrowserData%20masterkey&type=code,Code search results,2025-11-30 06:06:29
https://github.com/moonD4rk/HackBrowserData/blob/main/crypto/crypto_windows.go,HackBrowserData/crypto/crypto_windows.go at main · moonD4rk/HackBrowserData,2025-11-30 06:02:13
https://github.com/moonD4rk/HackBrowserData/blob/main/crypto/crypto.go,HackBrowserData/crypto/crypto.go at main · moonD4rk/HackBrowserData,2025-11-30 06:01:55
https://github.com/moonD4rk/HackBrowserData/blob/main/crypto/asn1pbe.go,HackBrowserData/crypto/asn1pbe.go at main · moonD4rk/HackBrowserData,2025-11-30 06:01:53
https://github.com/moonD4rk/HackBrowserData/blob/main/browserdata/localstorage/localstorage.go,HackBrowserData/browserdata/localstorage/localstorage.go at main · moonD4rk/HackBrowserData,2025-11-30 06:01:44
https://github.com/moonD4rk/HackBrowserData/blob/main/browserdata/browserdata.go,HackBrowserData/browserdata/browserdata.go at main · moonD4rk/HackBrowserData,2025-11-30 06:01:36
https://github.com/moonD4rk/HackBrowserData/blob/main/browserdata/password/password.go,HackBrowserData/browserdata/password/password.go at main · moonD4rk/HackBrowserData,2025-11-30 06:01:23
https://github.com/moonD4rk/HackBrowserData/blob/main/browserdata/outputter.go,HackBrowserData/browserdata/outputter.go at main · moonD4rk/HackBrowserData,2025-11-30 06:01:19
https://github.com/moonD4rk/HackBrowserData/blob/main/browserdata/imports.go,HackBrowserData/browserdata/imports.go at main · moonD4rk/HackBrowserData,2025-11-30 06:01:17
https://github.com/moonD4rk/HackBrowserData/blob/main/browserdata/outputter.go,HackBrowserData/browserdata/outputter.go at main · moonD4rk/HackBrowserData,2025-11-30 06:01:16
https://github.com/moonD4rk/HackBrowserData/blob/main/crypto/crypto.go,HackBrowserData/crypto/crypto.go at main · moonD4rk/HackBrowserData,2025-11-30 06:01:06
https://github.com/moonD4rk/HackBrowserData/blob/main/crypto/asn1pbe_test.go,HackBrowserData/crypto/asn1pbe_test.go at main · moonD4rk/HackBrowserData,2025-11-30 06:00:59
https://github.com/moonD4rk/HackBrowserData/blob/main/crypto/asn1pbe.go,HackBrowserData/crypto/asn1pbe.go at main · moonD4rk/HackBrowserData,2025-11-30 06:00:51
https://github.com/moonD4rk/HackBrowserData/blob/main/browserdata/password/password.go,HackBrowserData/browserdata/password/password.go at main · moonD4rk/HackBrowserData,2025-11-30 05:55:08
https://github.com/moonD4rk/HackBrowserData/blob/main/browserdata/download/download.go,HackBrowserData/browserdata/download/download.go at main · moonD4rk/HackBrowserData,2025-11-30 05:55:04
https://github.com/moonD4rk/HackBrowserData/blob/main/browserdata/password/password.go,HackBrowserData/browserdata/password/password.go at main · moonD4rk/HackBrowserData,2025-11-30 05:55:03
https://github.com/moonD4rk/HackBrowserData/blob/main/browserdata/localstorage/localstorage.go,HackBrowserData/browserdata/localstorage/localstorage.go at main · moonD4rk/HackBrowserData,2025-11-30 05:55:03
https://github.com/moonD4rk/HackBrowserData/blob/main/crypto/crypto_windows.go,HackBrowserData/crypto/crypto_windows.go at main · moonD4rk/HackBrowserData,2025-11-30 05:55:02
https://github.com/moonD4rk/HackBrowserData/blob/main/crypto/crypto.go#L92,HackBrowserData/crypto/crypto.go at main · moonD4rk/HackBrowserData,2025-11-30 05:51:05
https://github.com/moonD4rk/HackBrowserData/blob/main/crypto/crypto_windows.go,HackBrowserData/crypto/crypto_windows.go at main · moonD4rk/HackBrowserData,2025-11-30 05:50:05
https://github.com/moonD4rk/HackBrowserData/blob/main/browserdata/password/password.go,HackBrowserData/browserdata/password/password.go at main · moonD4rk/HackBrowserData,2025-11-30 05:46:50
https://github.com/moonD4rk/HackBrowserData/blob/main/browserdata/localstorage/localstorage.go,HackBrowserData/browserdata/localstorage/localstorage.go at main · moonD4rk/HackBrowserData,2025-11-30 05:46:47
https://github.com/moonD4rk/HackBrowserData/blob/main/browserdata/download/download.go,HackBrowserData/browserdata/download/download.go at main · moonD4rk/HackBrowserData,2025-11-30 05:46:31
https://github.com/moonD4rk/HackBrowserData/blob/main/browserdata/history/history.go,HackBrowserData/browserdata/history/history.go at main · moonD4rk/HackBrowserData,2025-11-30 05:46:22
https://github.com/moonD4rk/HackBrowserData/tree/main/browserdata/history,HackBrowserData/browserdata/history at main · moonD4rk/HackBrowserData,2025-11-30 05:46:21
https://github.com/moonD4rk/HackBrowserData/blob/main/browser/chromium/chromium.go,HackBrowserData/browser/chromium/chromium.go at main · moonD4rk/HackBrowserData,2025-11-30 05:46:02
https://github.com/moonD4rk/HackBrowserData/tree/main/browser,HackBrowserData/browser at main · moonD4rk/HackBrowserData,2025-11-30 05:45:59
https://github.com/moonD4rk/HackBrowserData/blob/main/browserdata/bookmark/bookmark.go,HackBrowserData/browserdata/bookmark/bookmark.go at main · moonD4rk/HackBrowserData,2025-11-30 05:45:57
https://github.com/moonD4rk/HackBrowserData/tree/main/browserdata,HackBrowserData/browserdata at main · moonD4rk/HackBrowserData,2025-11-30 05:45:50
https://github.com/moonD4rk/HackBrowserData/tree/main/browserdata/cookie,HackBrowserData/browserdata/cookie at main · moonD4rk/HackBrowserData,2025-11-30 05:45:49
https://github.com/moonD4rk/HackBrowserData/blob/main/browserdata/cookie/cookie.go,HackBrowserData/browserdata/cookie/cookie.go at main · moonD4rk/HackBrowserData,2025-11-30 05:45:37
https://github.com/moonD4rk/HackBrowserData/tree/main/browserdata/cookie,HackBrowserData/browserdata/cookie at main · moonD4rk/HackBrowserData,2025-11-30 05:45:36
https://github.com/moonD4rk/HackBrowserData/tree/main/browserdata,HackBrowserData/browserdata at main · moonD4rk/HackBrowserData,2025-11-30 05:45:30
https://github.com/moonD4rk/HackBrowserData/tree/main/browserdata/password,HackBrowserData/browserdata/password at main · moonD4rk/HackBrowserData,2025-11-30 05:45:29
https://github.com/moonD4rk/HackBrowserData/blob/main/browserdata/password/password.go,HackBrowserData/browserdata/password/password.go at main · moonD4rk/HackBrowserData,2025-11-30 05:45:13
https://github.com/moonD4rk/HackBrowserData/tree/main/browserdata/password,HackBrowserData/browserdata/password at main · moonD4rk/HackBrowserData,2025-11-30 05:45:12
https://github.com/moonD4rk/HackBrowserData/tree/main/browserdata,HackBrowserData/browserdata at main · moonD4rk/HackBrowserData,2025-11-30 05:45:09
https://github.com/moonD4rk/HackBrowserData/tree/main/browserdata/creditcard,HackBrowserData/browserdata/creditcard at main · moonD4rk/HackBrowserData,2025-11-30 05:45:07
https://github.com/moonD4rk/HackBrowserData/blob/main/browserdata/creditcard/creditcard.go,HackBrowserData/browserdata/creditcard/creditcard.go at main · moonD4rk/HackBrowserData,2025-11-30 05:45:02
https://github.com/moonD4rk/HackBrowserData/tree/main/browserdata/creditcard,HackBrowserData/browserdata/creditcard at main · moonD4rk/HackBrowserData,2025-11-30 05:44:59
https://github.com/moonD4rk/HackBrowserData/tree/main/browserdata,HackBrowserData/browserdata at main · moonD4rk/HackBrowserData,2025-11-30 05:44:57
https://github.com/moonD4rk/HackBrowserData/tree/main/browserdata,HackBrowserData/browserdata at main · moonD4rk/HackBrowserData,2025-11-30 05:44:57
https://github.com/moonD4rk/HackBrowserData/tree/main/browserdata,HackBrowserData/browserdata at main · moonD4rk/HackBrowserData,2025-11-30 05:44:57
https://github.com/moonD4rk/HackBrowserData/tree/main/browserdata,HackBrowserData/browserdata at main · moonD4rk/HackBrowserData,2025-11-30 05:44:57
https://github.com/moonD4rk/HackBrowserData,"moonD4rk/HackBrowserData: Extract and decrypt browser data, supporting multiple data types, runnable on various operating systems (macOS, Windows, Linux).",2025-11-30 05:44:18
https://github.com/moonD4rk/HackBrowserData,"moonD4rk/HackBrowserData: Extract and decrypt browser data, supporting multiple data types, runnable on various operating systems (macOS, Windows, Linux).",2025-11-30 05:44:18
https://github.com/search?q=chrome%20decrypt&type=repositories,Repository search results,2025-11-30 05:44:04
https://github.com/byt3bl33d3r/chrome-decrypter,byt3bl33d3r/chrome-decrypter: Python script to decrypt saved Chrome usernames and passwords on windows,2025-11-30 05:43:58
https://github.com/byt3bl33d3r/chrome-decrypter,byt3bl33d3r/chrome-decrypter: Python script to decrypt saved Chrome usernames and passwords on windows,2025-11-30 05:43:58
https://github.com/search?q=chrome%20decrypt&type=repositories,Repository search results,2025-11-30 05:43:43
https://github.com/ohyicong/decrypt-chrome-passwords,ohyicong/decrypt-chrome-passwords,2025-11-30 05:43:41
https://github.com/ohyicong/decrypt-chrome-passwords/blob/main/decrypt_chrome_password.py,decrypt-chrome-passwords/decrypt_chrome_password.py at main · ohyicong/decrypt-chrome-passwords,2025-11-30 05:43:23
https://github.com/ohyicong/decrypt-chrome-passwords/blob/main/decrypt_chrome_password.py,decrypt-chrome-passwords/decrypt_chrome_password.py at main · ohyicong/decrypt-chrome-passwords,2025-11-30 05:43:23
https://github.com/ohyicong/decrypt-chrome-passwords,ohyicong/decrypt-chrome-passwords,2025-11-30 05:42:39
https://github.com/ohyicong/decrypt-chrome-passwords,ohyicong/decrypt-chrome-passwords,2025-11-30 05:42:19
https://github.com/ohyicong/decrypt-chrome-passwords,ohyicong/decrypt-chrome-passwords,2025-11-30 05:42:19
https://github.com/search?q=chrome%20decrypt&type=repositories,Repository search results,2025-11-30 05:42:16
https://github.com/xaitax/Chrome-App-Bound-Encryption-Decryption,"xaitax/Chrome-App-Bound-Encryption-Decryption: Fully decrypt App-Bound Encrypted (ABE) cookies, passwords & payment methods from Chromium-based browsers (Chrome, Brave, Edge) - all in user mode, no admin rights required.",2025-11-30 05:42:15
https://github.com/xaitax/Chrome-App-Bound-Encryption-Decryption/tree/main/src,Chrome-App-Bound-Encryption-Decryption/src at main · xaitax/Chrome-App-Bound-Encryption-Decryption,2025-11-30 05:42:09
https://github.com/xaitax/Chrome-App-Bound-Encryption-Decryption/tree/main/src,Chrome-App-Bound-Encryption-Decryption/src at main · xaitax/Chrome-App-Bound-Encryption-Decryption,2025-11-30 05:42:09
https://github.com/xaitax/Chrome-App-Bound-Encryption-Decryption/tree/main/src,Chrome-App-Bound-Encryption-Decryption/src at main · xaitax/Chrome-App-Bound-Encryption-Decryption,2025-11-30 05:42:09
https://github.com/xaitax/Chrome-App-Bound-Encryption-Decryption/tree/main/src,Chrome-App-Bound-Encryption-Decryption/src at main · xaitax/Chrome-App-Bound-Encryption-Decryption,2025-11-30 05:42:09
https://github.com/xaitax/Chrome-App-Bound-Encryption-Decryption,"xaitax/Chrome-App-Bound-Encryption-Decryption: Fully decrypt App-Bound Encrypted (ABE) cookies, passwords & payment methods from Chromium-based browsers (Chrome, Brave, Edge) - all in user mode, no admin rights required.",2025-11-30 05:40:13
https://github.com/xaitax/Chrome-App-Bound-Encryption-Decryption,"xaitax/Chrome-App-Bound-Encryption-Decryption: Fully decrypt App-Bound Encrypted (ABE) cookies, passwords & payment methods from Chromium-based browsers (Chrome, Brave, Edge) - all in user mode, no admin rights required.",2025-11-30 05:40:13
https://github.com/search?q=chrome%20decrypt&type=repositories,Repository search results,2025-11-30 05:40:02
https://github.com/explore,Explore GitHub,2025-11-30 05:39:50
https://github.com/dashboard,GitHub Dashboard,2025-11-30 05:39:40
https://docs.google.com/presentation/d/1I9xYwlI9rh7q_Om-tHC25jZOHjGRVoYxxIFGYRerJb0/edit?slide=id.g3a5511854fd_0_990#slide=id.g3a5511854fd_0_990,IT 360 Project: Browser Forensics Suite - Google Slides,2025-11-30 01:02:11
https://docs.google.com/presentation/d/1I9xYwlI9rh7q_Om-tHC25jZOHjGRVoYxxIFGYRerJb0/edit?slide=id.g3a5511854fd_0_971#slide=id.g3a5511854fd_0_971,IT 360 Project: Browser Forensics Suite - Google Slides,2025-11-30 01:02:10
https://docs.google.com/presentation/d/1I9xYwlI9rh7q_Om-tHC25jZOHjGRVoYxxIFGYRerJb0/edit?slide=id.g3a5511854fd_0_976#slide=id.g3a5511854fd_0_976,IT 360 Project: Browser Forensics Suite - Google Slides,2025-11-30 01:02:09
https://docs.google.com/presentation/d/1I9xYwlI9rh7q_Om-tHC25jZOHjGRVoYxxIFGYRerJb0/edit?slide=id.g3a5511854fd_0_990#slide=id.g3a5511854fd_0_990,IT 360 Project: Browser Forensics Suite - Google Slides,2025-11-30 01:02:09
https://docs.google.com/presentation/d/1I9xYwlI9rh7q_Om-tHC25jZOHjGRVoYxxIFGYRerJb0/edit?slide=id.g3a5511854fd_0_981#slide=id.g3a5511854fd_0_981,IT 360 Project: Browser Forensics Suite - Google Slides,2025-11-30 01:02:08
https://docs.google.com/presentation/d/1I9xYwlI9rh7q_Om-tHC25jZOHjGRVoYxxIFGYRerJb0/edit?slide=id.g3a5511854fd_1_2#slide=id.g3a5511854fd_1_2,IT 360 Project: Browser Forensics Suite - Google Slides,2025-11-30 01:02:08
https://docs.google.com/presentation/d/1I9xYwlI9rh7q_Om-tHC25jZOHjGRVoYxxIFGYRerJb0/edit?slide=id.g3a5511854fd_0_995#slide=id.g3a5511854fd_0_995,IT 360 Project: Browser Forensics Suite - Google Slides,2025-11-30 01:02:05
https://docs.google.com/presentation/d/1I9xYwlI9rh7q_Om-tHC25jZOHjGRVoYxxIFGYRerJb0/edit?slide=id.g3a5511854fd_0_981#slide=id.g3a5511854fd_0_981,IT 360 Project: Browser Forensics Suite - Google Slides,2025-11-30 00:58:49
https://docs.google.com/presentation/d/1I9xYwlI9rh7q_Om-tHC25jZOHjGRVoYxxIFGYRerJb0/edit?slide=id.g3a5511854fd_1_2#slide=id.g3a5511854fd_1_2,IT 360 Project: Browser Forensics Suite - Google Slides,2025-11-30 00:54:30
https://docs.google.com/presentation/d/1I9xYwlI9rh7q_Om-tHC25jZOHjGRVoYxxIFGYRerJb0/edit?slide=id.g3a5511854fd_0_976#slide=id.g3a5511854fd_0_976,IT 360 Project: Browser Forensics Suite - Google Slides,2025-11-30 00:54:25
https://docs.google.com/presentation/d/1I9xYwlI9rh7q_Om-tHC25jZOHjGRVoYxxIFGYRerJb0/edit?slide=id.g3a5511854fd_0_990#slide=id.g3a5511854fd_0_990,IT 360 Project: Browser Forensics Suite - Google Slides,2025-11-29 23:42:37
https://docs.google.com/presentation/d/1I9xYwlI9rh7q_Om-tHC25jZOHjGRVoYxxIFGYRerJb0/edit?slide=id.g3a5511854fd_0_971#slide=id.g3a5511854fd_0_971,IT 360 Project: Browser Forensics Suite - Google Slides,2025-11-29 23:41:55
https://docs.google.com/presentation/d/1I9xYwlI9rh7q_Om-tHC25jZOHjGRVoYxxIFGYRerJb0/edit?slide=id.g3a5511854fd_0_966#slide=id.g3a5511854fd_0_966,IT 360 Project: Browser Forensics Suite - Google Slides,2025-11-29 23:41:46
https://docs.google.com/presentation/d/1I9xYwlI9rh7q_Om-tHC25jZOHjGRVoYxxIFGYRerJb0/edit?slide=id.p#slide=id.p,IT 360 Project: Browser Forensics Suite - Google Slides,2025-11-29 23:41:45
https://docs.google.com/presentation/d/1I9xYwlI9rh7q_Om-tHC25jZOHjGRVoYxxIFGYRerJb0/edit?ouid=107711590924735763390&usp=slides_home&ths=true,IT 360 Project: Browser Forensics Suite - Google Slides,2025-11-29 23:41:44
https://docs.google.com/presentation/d/1I9xYwlI9rh7q_Om-tHC25jZOHjGRVoYxxIFGYRerJb0/edit,IT 360 Project: Browser Forensics Suite - Google Slides,2025-11-29 23:41:44
https://slides.google.com/,Google Slides,2025-11-29 23:41:38
https://docs.google.com/presentation?usp=direct_url,Google Slides,2025-11-29 23:41:38
https://docs.google.com/presentation/?usp=direct_url,Google Slides,2025-11-29 23:41:38
https://docs.google.com/presentation/u/0/?usp=direct_url,Google Slides,2025-11-29 23:41:38
https://docs.google.com/presentation/u/0/,Google Slides,2025-11-29 23:41:38
https://docs.google.com/document/d/1DeiZeHqdkIAWOgBpz9ZytSCSy9RFj91dh2wL_XroL4o/edit?tab=t.0,it360 group project - Google Docs,2025-11-29 23:14:39
https://docs.google.com/document/d/1DeiZeHqdkIAWOgBpz9ZytSCSy9RFj91dh2wL_XroL4o/edit?ouid=107711590924735763390&usp=docs_home&ths=true,it360 group project - Google Docs,2025-11-29 23:14:38
https://github.com/zcdvs/IT360-Sect-2-Project-Browser-Forensics/tree/cody-test,zcdvs/IT360-Sect-2-Project-Browser-Forensics at cody-test,2025-11-29 23:09:10
https://github.com/zcdvs/IT360-Sect-2-Project-Browser-Forensics/tree/cody-test,zcdvs/IT360-Sect-2-Project-Browser-Forensics at cody-test,2025-11-29 23:09:10
https://github.com/zcdvs/IT360-Sect-2-Project-Browser-Forensics,zcdvs/IT360-Sect-2-Project-Browser-Forensics,2025-11-29 23:09:03
https://github.com/dashboard,GitHub Dashboard,2025-11-29 23:08:50
https://github.com/settings/education/benefits?locale=en-US,GitHub · Where software is built,2025-11-29 23:08:43
https://github.com/settings/education/benefits?locale=en-US,GitHub · Where software is built,2025-11-29 23:08:40
https://github.com/login?return_to=https%3A%2F%2Fgithub.com%2Fsettings%2Feducation%2Fbenefits%3Flocale%3Den-US,Sign in to GitHub · GitHub,2025-11-29 23:08:40
https://docs.google.com/,Google Docs,2025-11-29 23:06:27
https://docs.google.com/document/u/0/?usp=direct_url,Google Docs,2025-11-29 23:06:27
https://docs.google.com/document/u/0/,Google Docs,2025-11-29 23:06:27
https://www.google.com/,Google,2025-11-29 23:06:21
file:///C:/Users/Zac/Downloads/AWS%20Certified%20Cloud%20Practitioner.pdf,AWS Certified Cloud Practitioner,2025-11-26 04:55:43
https://cp.certmetrics.com/amazon/en/history/exams,Exam history | CertMetrics,2025-11-26 04:55:37
https://aws.amazon.com/certification/certified-cloud-practitioner/,AWS Certified Cloud Practitioner,2025-11-26 04:55:31
https://cp.certmetrics.com/amazon/en/credentials/status/3669823,Certification status | CertMetrics,2025-11-26 04:55:26
https://cp.certmetrics.com/amazon/en/credentials/status,Certification status | CertMetrics,2025-11-26 04:55:23
https://cp.certmetrics.com/amazon/en/home/dashboard,Dashboard | CertMetrics,2025-11-26 04:55:19
https://us-east-1.auth.skillbuilder.aws/oauth2/authorize?response_type=code&scope=openid+profile+email&client_id=5ccv937jk1udqe62s70rm78kv7&state=8a877aaec850426a85bd32cf1de316ff&redirect_uri=https%3A%2F%2Fcp.certmetrics.com%2Famazon%2Fen%2Flogin%2Fsso%2Foidc&code_challenge=r4TBq-c7hmmaV87JHaVCHQx0e5rqMeuLxhDGPIx-oKc&code_challenge_method=S256&identity_provider=AWSBuilderID,CertMetrics,2025-11-26 04:55:17
https://cp.certmetrics.com/amazon/en/login/sso/oidc?code=7f7f957c-cc33-4090-9e02-7f24e5781bd0&state=8a877aaec850426a85bd32cf1de316ff,CertMetrics,2025-11-26 04:55:17
https://login.us-east-1.auth.skillbuilder.aws/login/response,Sign in,2025-11-26 04:55:15
https://login.us-east-1.auth.skillbuilder.aws/login?response_type=code&scope=openid+profile+email&client_id=5ccv937jk1udqe62s70rm78kv7&state=8a877aaec850426a85bd32cf1de316ff&redirect_uri=https%3A%2F%2Fcp.certmetrics.com%2Famazon%2Fen%2Flogin%2Fsso%2Foidc&code_challenge=r4TBq-c7hmmaV87JHaVCHQx0e5rqMeuLxhDGPIx-oKc&code_challenge_method=S256,Sign in,2025-11-26 04:55:15
https://oidc.us-east-1.amazonaws.com/authorize?authorization_resumption_context=AAAADmtleS0xNTY0MDI4MDc40htJJ88qS8jP-wXSwBuFRGBzUy8S945O6bkfhdOa8R8b8Sjg4oH5JZL0eGjcHlI0IE501YqWfOPLdRyJzFdU9KM9LzHXyRQ1igI4c-StzGUuP_TRZbDfoGGgght6pDyjkI-HiPNTeJaWRWqG6CL_MCz0Lp2KKB1iJbltuBG9i97M-K67GirKUAlmwmIzti4qHJS_kb6xzIR-26mrQPwiO84xKZIQibXOMXdHqSyzukPa_88iiXL1CTQHApUivFmd3ZNo3Ewj35llSgymAwmPxA3uxDo1vmsGaRbOZFLTPTmcfOiGYkl1ed1S7WAaQBBL0C5XXu8w1ygaeY5xE8VACC4e2li2ZDRqbqphxkz6p3s0oeJRcSRAdJShpkQjW7LsWPpCi9s8SQBkIA1YtwWP6fnKxoeocGfRS8LXc0eynISWRkOwNW1Uhccs8Q9WraXY97O9RTLUQPYW2hvAVJmC7WsF-EhbaApGLmu-QGku4DiiOSW487dmQyi24QHJZLOgILGITrwcp6GZ8vZAQ5CL3FkvEoNi9wV1CsK8RGLZTBw5w6_ECZlH1R3gQQ_yEgyV9DdHUDstWv7Jv7NrFl_H_GHQOXtnLizesBvLx1hXWx58E7Cbd7wLTRLIsBFbky7J6YB6Y3tWTCQU0Xx06oQn9K-I45ljcC0JK1njEBzL2Z1hWO4EN0V_sJAxGcFWUk4cUstIUSYBi1JYf_ZC53yMNBBXMh4Djl3dHxmGuzseb8E7CD5JrXyH6-GTNlZyvM5A1d9aREHd6o3VMWi61AK2mMiwEzoEb1DIpqrJ7mI91bdzIgZLo8bOA7b3SqG3k-Hc0S-Bkq0uz6hEWYh3xf6uzFhum2Xb5KjqDSh6MTnOMLwhqv7jxj3W9FNxsxS7zdLEZ-upeeswqrFvmXMdGjPXIwfdawaKoePOeXqVt9ftfcJJA4cP6vBVPLfID8X1WPkKgXMg0DXp2UWuaqvzHc7uURz1VcVT8danhiQ4UryPqI53JNcqWO504vXOnG2fxQxs3Cx8U8BgYOAVBYC7x5GRRzea4u2SGcjNysmUkTWBkKLTkClMcNNrLujZkJAZK2_GXo4zRyENKKZ5KVbivd4vzdpsNRe62lIDIKum29aYZPSz6rRHvv1CTu1hmSyg-LX7TjDb-fTmpCPjaBKGBY8780PW-K36AKZXy9Niq5XMa7yrClBRX0MzooEQ4cfWqmF2cxG5jmnsyDk3-BSx6Np2pJfHXi7Nb07RKS0EwxSXOlauz75FssmyS3zhzpp596Fm6BqjbptTENHt62__gE24zMmlbL7EoEES5QCEADJ6hbfHS9SWn-tTDR_3BSLLJDPN1FsxNpAkdEltl6hTDer-hqxagdoBAMQcuBJ4tTfL4A70ZY9ZEAX-ijWyQhCEQkJM-hTqvBHKVd1EkcRJlauEOUu8zuAC8lygzWYG54go3v1n-6HvGunpi8TdegGo6TgRUtHv4LIOt9SpRcQn9Jxmv6JE7EN_NJyOx7Qsm_xqsPgdiPAWqrrPltr5uzVxZjoSZSnZMoG-uecUETwM8Zk2-mOdhteHhKbO-syHXC6J_yHxYoTS2CJo2tZSQDvg3T95fYUXtOdjSPWHKXjZOzl6kPr_a31JxpEeTht5H67dXL0kdPQ7rApmP7n9TEzEO8Q4dkt12N2eKB1jJ0hvVViOZlBO-Nep49ZFMmj4XuKH7hJ_OU3QW0rQHcw8duhPCRpu8qjCgWjX5mC9weoZc2HHXL08rMmKp98D-ZujLzRz69iWMfH4uzkM-_H8OMAV-OYTWYEIS6vv4t4sNiZZcNNRGEqXHfAaKuw7D3VgSsMGa6mtr0-p19KFWHp5HihnKVjG20jYqqrZMUESFK7ElSYEa5Ty1g4k78JXpw0gocL_CyzymWiUqKHU6yWzy_sljblX875nxETalLHh0shTJUb-eu9rtNR-YjoBJr67Vva9FFYV-PCNmH9ujWG5OZW2g66ajvROLcBJCs18SJ7ElGDk-TEmpIfClx_heIVE6WsJRsMxqmZphRSSlpUqT9-vGIk7WyStOZztkiEjJRZhUXFq6MdbWvE9xxhm9x-Aao22pu9lcHYfAmZeYtv2aTZpvyjYe5DMxLT_SevEC4XBGDGD2mXUQqZTdmO_tdkcSOh4hj6mHp_LGN0facwYggrdtuVEeZYXk7vx59wj85Qcu2MFEm_TxEKswMd9BZCSbymEEXvSFyp0zJVLtola6NC21JOMSJ2rKPZG0AXfnLJBQZizpKG9HIPKKqmO8M9jYWJhgRfjq_JIDDHRtyNcyd5uaZ3Q_81KihucwmzE8M0PE5or-xDOwWsbYOJ66Ki_TesMfPbDV3tQDfZAb6_pWtfXmqroryS5Wd75rx8XsGTDCGrkgqgiitWkEAgODn0OqGfLPJIH5lbr7i9JyQ8bNaLsAYJZmOo6dBSN61Yb22CQz60pohObUMXx7PqVnCcmrkY4N77sq-g4feJhjFfeazoPn1snOp1BNI7k9RxmCgx5xkfMOajfDIcW6HN0TBZhG3yypn-1c4UzzS7nfkyl2odI2mVMEADKPnmtwzRHsfUo0G94E5c9SDb7dptjLze0YdROMwFG75ObeSOPw7XjEhhxDLne2CrKswpRaLFOJZovxQfKeaMI3Omt34unLpJ-PJawa1QpqS7QG7fdV0fJ3DAW3-gGHFDu7GDAhLaIWySs-vFqNOGmMAvWSgJhspc-CECXvARo8uLNoKgWsdv3IbVaBWySKHOfrGdgGRJPLneuAU5uxO-Rpsp4uWaaGv1Dv7Ft_qDzNRqZze_58f35ZJEokh0OqYSKIS0EXtx3NJbdcESK3yf2WTHpUbj2z_53scvQ9AM7RO7FLpaKoP_3HyxlXyqEt-ppCjyk9Ucydl72QYP34HVZBGD1Bsusgthq9Ta8VvZRGfdgA-IfB8kLl80sz8V5B3DYZuRd0Ap-cnxwevVLs4eEhB4mSdTcc2WscjRRakbjZhkNmJOkvcDCZPSXb1JPk4vepC2BSl2vrp3j-2YJMMB-0HTwBEqp-Hf9kVQlGmNAk816ZyoAkZfn8bQfAt4DIn7DJYQHOh0ogR6_cQyF1FmTE4KegJvOoOrIowgNQPj0W9-KqXaEcoC6ivUj44jZdfmsK5CWTnWrF0E8jClvP_khbtK_sXZr6_on2WibW-UnnK4W_uWlUl6ZzMUX4ELiAICeds5O4RN6uY4-yD72yDdObBPDgLH1DF_hRaLQ0eLNn3bZD99_2HqC4GiqDx6CBq-zatvFV_WFGRNWYOXaZBcqWBU,Sign in,2025-11-26 04:55:14
https://us-east-1.bid.auth.aws.training/oidc/getResponseUrl?code=eyJraWQiOiJrZXktMTU2NDAyODA3OCIsImFsZyI6IkhTMzg0In0.eyJwbGFpbnRleHQiOiJ5TEMtQ21jRDRielp1VUZGT19FaVFmdHVNQmpQczhxSmZoT0NBVzBYLV9FIiwiZXhwIjoxNzY0MTMzMjEzLCJ0eXBlIjoiYXV0aENvZGUifQ.Sp_JlmE8abvjcQ030rIfPH49I6hdgMAaIxYBXtx6DSWUDHEGNC441WZmgczkKAao&state=QUFBQURtdGxlUzB4TlRZNE9UVTFNekEzWngyM2JxODZINWhFLXBiTUxvRnhxY21TZXpLWWxQLUZuQnBuaWhyNEprdHB1VU0zWUNlYkMwYXpMNzBlWlo3b29wSzhkTHYyTkxkVC1KNFNlYkljZGV1RjZpc1ZNTEc4QzlvZkNzQmJPOXF0TExzMjBrTV96ZjItYXYtRFFtQ3JpUWdnZ05XLUZ2Zy1CbklRdjR0VlZBSlVuREZhX2NoV0lkdjVwOWdZMkVFNUZGLTdWODNBTlpUN1ZHUTZJdUhBZWZhZGhOTGVwVDJRZ2VMOE9iR3BpWTM1YXhDSjljT1R1UExRRUlQeVlNaG9fM0lVRFZqWHZFYXd4ejQ,Sign in,2025-11-26 04:55:14
https://us-east-1.auth.skillbuilder.aws/oauth2/idpresponse?code=a73509f6-6102-4918-a53a-751d817dd52d&state=H4sIAAAAAAAAAG2SXY-iMBiF_0uvRYW2fHjn16jDqLPKCrqZmNIWxHYAKQjuZv_71kyy2Yu9OznveZ--yekvQMAINMrgRNWGefZptNjUcncEPRDryTjcT5pMMl6tZtqi2sKyVApVoqhVZV1wrmhO0PBaJ5kOMB241HWpRoOBLNIs7_9l90lTX_pKZFLGX8g-adVXalBxVRa54hrBNYIW7CkTLber2VTLFIx-gKLkecbARw9cnpMypTXejm30EL7_5kPrHk8IN2XpLgpqQQMltutY2MEQOohAB3uY2ES7DGOI7djGDkFIKxubkEGmn8k0N3zY3PoUc3X07t7u1LTRSdzKpIVLZ_nz7epDEcX31oZpONQbV72xt7CtpdDSWPtZXMN2uetqfnfGJ7GX_u7Gay94d8NwSI9puXXi2dk7yCA6dMEpWm8ISzrPTQNWe6elGQfVPBZGVbjT7eRwPWYl6rbpZJ5HHT3Lw4WiV4isaf6CX26taHw83b9DelitgzDawCi4Wuw1fCySebRRMwZXlS18dfs-VbArd986uhDLRjCD6ovlv-X_vyCd-gQj07GRCS3PNHugBKOESMV7oHp-BxMnHqGJkWDXNRCysBG71DNsCF2XYMK5izTjrvv7-P0Hhv_5wG8CAAA.H4sIAAAAAAAAABPLU1-ss1bJ00kvJjzpYd_UybmFvmZPhN9vX2Lw_WbwSmMACfy9SCAAAAA.4,Sign in,2025-11-26 04:55:14
https://login.us-east-1.auth.skillbuilder.aws/login/response?code=5ea78387-e336-4f50-93cf-c309185a39f7&state=Opgct5OA64ykKKLK32vbBae1lp8Goc23-4f68725753374a37595a6a4f6d55356b657a443566513d3d,Sign in,2025-11-26 04:55:14
https://us-east-1.auth.skillbuilder.aws/oauth2/authorize?redirect_uri=https%3A%2F%2Flogin.us-east-1.auth.skillbuilder.aws%2Flogin%2Fresponse&response_type=code&client_id=5lpss4rkotsr2h5nscna40jtfi&identity_provider=AWSBuilderID&scope=openid&state=Opgct5OA64ykKKLK32vbBae1lp8Goc23-4f68725753374a37595a6a4f6d55356b657a443566513d3d&code_challenge=Wy6e2mkEsY9v9RZuwXZkqpfw3H7HzLjK3kXbvw63gW0&code_challenge_method=S256,AWS access portal,2025-11-26 04:55:12
https://us-east-1.bid.auth.aws.training/oidc/authorize?client_id=gandalf&redirect_uri=https%3A%2F%2Fus-east-1.auth.skillbuilder.aws%2Foauth2%2Fidpresponse&scope=openid+profile+email&response_type=code&state=H4sIAAAAAAAAAG2SXY-iMBiF_0uvRYW2fHjn16jDqLPKCrqZmNIWxHYAKQjuZv_71kyy2Yu9OznveZ--yekvQMAINMrgRNWGefZptNjUcncEPRDryTjcT5pMMl6tZtqi2sKyVApVoqhVZV1wrmhO0PBaJ5kOMB241HWpRoOBLNIs7_9l90lTX_pKZFLGX8g-adVXalBxVRa54hrBNYIW7CkTLber2VTLFIx-gKLkecbARw9cnpMypTXejm30EL7_5kPrHk8IN2XpLgpqQQMltutY2MEQOohAB3uY2ES7DGOI7djGDkFIKxubkEGmn8k0N3zY3PoUc3X07t7u1LTRSdzKpIVLZ_nz7epDEcX31oZpONQbV72xt7CtpdDSWPtZXMN2uetqfnfGJ7GX_u7Gay94d8NwSI9puXXi2dk7yCA6dMEpWm8ISzrPTQNWe6elGQfVPBZGVbjT7eRwPWYl6rbpZJ5HHT3Lw4WiV4isaf6CX26taHw83b9DelitgzDawCi4Wuw1fCySebRRMwZXlS18dfs-VbArd986uhDLRjCD6ovlv-X_vyCd-gQj07GRCS3PNHugBKOESMV7oHp-BxMnHqGJkWDXNRCysBG71DNsCF2XYMK5izTjrvv7-P0Hhv_5wG8CAAA.H4sIAAAAAAAAABPLU1-ss1bJ00kvJjzpYd_UybmFvmZPhN9vX2Lw_WbwSmMACfy9SCAAAAA.4,AWS access portal,2025-11-26 04:55:12
https://oidc.us-east-1.amazonaws.com/authorize?client_id=xTfQ_8JYdQ2Nw7IUC16bsnVzLWVhc3QtMQ&redirect_uri=https%3A%2F%2Fus-east-1.bid.auth.aws.training%2Foidc%2FgetResponseUrl&response_type=code&state=QUFBQURtdGxlUzB4TlRZNE9UVTFNekEzWngyM2JxODZINWhFLXBiTUxvRnhxY21TZXpLWWxQLUZuQnBuaWhyNEprdHB1VU0zWUNlYkMwYXpMNzBlWlo3b29wSzhkTHYyTkxkVC1KNFNlYkljZGV1RjZpc1ZNTEc4QzlvZkNzQmJPOXF0TExzMjBrTV96ZjItYXYtRFFtQ3JpUWdnZ05XLUZ2Zy1CbklRdjR0VlZBSlVuREZhX2NoV0lkdjVwOWdZMkVFNUZGLTdWODNBTlpUN1ZHUTZJdUhBZWZhZGhOTGVwVDJRZ2VMOE9iR3BpWTM1YXhDSjljT1R1UExRRUlQeVlNaG9fM0lVRFZqWHZFYXd4ejQ,AWS access portal,2025-11-26 04:55:12
https://view.awsapps.com/start/?callback_url=https%3A%2F%2Foidc.us-east-1.amazonaws.com%2Fauthentication_result&orchestrator_id=AAAADmtleS0xNTY0MDI4MDc4_6CR7cGNAyozQsmnsOCHEA7dOx5Oyb62As0qeEOf2MGX8R2BJMhtcANZ9b1hH1jLNcXKJJOsIlphryqx6SRJvcMmd8Wfv7As1XuDASeu41zSnxMdmkxlkgLpjPkZPjnN7sY7BdDIlUBU37mwW2aa2QYYfGIs833YSTMHEj2sYt2Jvt1jbNpNTazO-2lfONp44M1NUsLfWH1nw_1tGk2B10iElQXk1DVQBUrQ2nN2ngUVy6fhvszPnQla5JhRwKTrC3Ugh2j-GqlE5kMEPnf9qD_TNm1KTYH5tMipAD6k9MllhSIaPvm4CgipzSESLQEUv7aJVw-PD-QI_8wqBHZVOl_pbTsS9dDm0QmXc9lCI6Fav9dQ_f3NKGWIkoBrFhWh5mZvZ3e3QK-8rJ3kkwBYi9T-jS5oDB4IN-JtAnyzWBLAO6MemYZPXGVKHVGDHUmyUsE2HjJqC2pUgFkLrhAmr233sEn_378rOxZRXmBSA4AYPHEsfl74ykm6ZhaJk3bBUvMV49ts-4fqoCt7ClLL9EmoCsYSpAM3ImBRvYXeHvLx70K48txjdBczl2QjeGTvWsF2P2OIKG6UXsIxnOCN_C8f7DMY4i1nJaOcfS5f1JWcBlZGqQrNPyG-aSWib48Xg1RaAJb4tmdDi1FVFVPUIT1jo_YfD6N6WxNoRGBGjHHWu1Bww5RL7rZRyLgQX93VQhJc_I2CPID79Er9XgKOcx_NAv6nAsLEGny1hRlXpHSFZZEXh8k6StBkfdWc0iqO6tvLE5LvVGF9V3nCavhDWTZZijKLB3_jBmZpNQiaKF7T0N-7-eEZKLuz9eQ_L4zLb52XVz3ALPI3IkH_GDfO0k9VcXjLeli7nYJ2F048zkcLJiW5oIIOm8Cn-t6730g69NjlVqYU2QXTwooQLqCK045Cpekp1l0-vUv8pkSfxBQ7EvA8LkqGapve4zT9zYrGgJqhO9NAh8G59-Yq3JEs5YlMxyfcOwpQwqBu3hWByAOGARd9ergZievpieAMpr-I03kUZp1tnmDVgBOaChiIV_muNBEBJ9DzLVbDXS-2,AWS access portal,2025-11-26 04:55:12
https://view.awsapps.com/start/#/?callback_url=https%3A%2F%2Foidc.us-east-1.amazonaws.com%2Fauthentication_result&orchestrator_id=AAAADmtleS0xNTY0MDI4MDc4_6CR7cGNAyozQsmnsOCHEA7dOx5Oyb62As0qeEOf2MGX8R2BJMhtcANZ9b1hH1jLNcXKJJOsIlphryqx6SRJvcMmd8Wfv7As1XuDASeu41zSnxMdmkxlkgLpjPkZPjnN7sY7BdDIlUBU37mwW2aa2QYYfGIs833YSTMHEj2sYt2Jvt1jbNpNTazO-2lfONp44M1NUsLfWH1nw_1tGk2B10iElQXk1DVQBUrQ2nN2ngUVy6fhvszPnQla5JhRwKTrC3Ugh2j-GqlE5kMEPnf9qD_TNm1KTYH5tMipAD6k9MllhSIaPvm4CgipzSESLQEUv7aJVw-PD-QI_8wqBHZVOl_pbTsS9dDm0QmXc9lCI6Fav9dQ_f3NKGWIkoBrFhWh5mZvZ3e3QK-8rJ3kkwBYi9T-jS5oDB4IN-JtAnyzWBLAO6MemYZPXGVKHVGDHUmyUsE2HjJqC2pUgFkLrhAmr233sEn_378rOxZRXmBSA4AYPHEsfl74ykm6ZhaJk3bBUvMV49ts-4fqoCt7ClLL9EmoCsYSpAM3ImBRvYXeHvLx70K48txjdBczl2QjeGTvWsF2P2OIKG6UXsIxnOCN_C8f7DMY4i1nJaOcfS5f1JWcBlZGqQrNPyG-aSWib48Xg1RaAJb4tmdDi1FVFVPUIT1jo_YfD6N6WxNoRGBGjHHWu1Bww5RL7rZRyLgQX93VQhJc_I2CPID79Er9XgKOcx_NAv6nAsLEGny1hRlXpHSFZZEXh8k6StBkfdWc0iqO6tvLE5LvVGF9V3nCavhDWTZZijKLB3_jBmZpNQiaKF7T0N-7-eEZKLuz9eQ_L4zLb52XVz3ALPI3IkH_GDfO0k9VcXjLeli7nYJ2F048zkcLJiW5oIIOm8Cn-t6730g69NjlVqYU2QXTwooQLqCK045Cpekp1l0-vUv8pkSfxBQ7EvA8LkqGapve4zT9zYrGgJqhO9NAh8G59-Yq3JEs5YlMxyfcOwpQwqBu3hWByAOGARd9ergZievpieAMpr-I03kUZp1tnmDVgBOaChiIV_muNBEBJ9DzLVbDXS-2,AWS access portal,2025-11-26 04:55:12
https://cp.certmetrics.com/,CertMetrics,2025-11-26 04:55:08
https://api.certmetrics.com/amazon/sso/ingress/oidc,Sign in,2025-11-26 04:55:08
https://login.us-east-1.auth.skillbuilder.aws/login?response_type=code&scope=openid%20profile%20email&client_id=5ccv937jk1udqe62s70rm78kv7&state=8a877aaec850426a85bd32cf1de316ff&redirect_uri=https://cp.certmetrics.com/amazon/en/login/sso/oidc&code_challenge=r4TBq-c7hmmaV87JHaVCHQx0e5rqMeuLxhDGPIx-oKc&code_challenge_method=S256,Sign in,2025-11-26 04:55:08
https://cp.certmetrics.com/amazon/en/home/dashboard,Dashboard | CertMetrics,2025-11-26 04:55:06
https://login.us-east-1.auth.skillbuilder.aws/logout?client_id=5ccv937jk1udqe62s70rm78kv7,Sign in,2025-11-26 04:55:00
https://us-east-1.auth.skillbuilder.aws/logout?client_id=5ccv937jk1udqe62s70rm78kv7&redirect_uri=https://cp.certmetrics.com/amazon/en/login/sso/oidc&logout_uri=https://login.us-east-1.auth.skillbuilder.aws/logout?client_id=5ccv937jk1udqe62s70rm78kv7&response_type=code,Sign in,2025-11-26 00:48:10
https://login.us-east-1.auth.skillbuilder.aws/logout?client_id=5ccv937jk1udqe62s70rm78kv7,Sign in,2025-11-26 00:48:10
https://cp.certmetrics.com/amazon/en/home/dashboard,Dashboard | CertMetrics,2025-11-26 00:33:07
https://cp.certmetrics.com/amazon/en/profile/information,Account | CertMetrics,2025-11-26 00:33:03
https://cp.certmetrics.com/amazon/en/schedule/schedule-exam,Exam Scheduling | CertMetrics,2025-11-26 00:32:50
https://cp.certmetrics.com/amazon/en/history/labs,Microcredentials | CertMetrics,2025-11-26 00:32:48
https://cp.certmetrics.com/amazon/en/history/training,Training | CertMetrics,2025-11-26 00:32:47
https://cp.certmetrics.com/amazon/en/history/exams,Exam history | CertMetrics,2025-11-26 00:32:46
https://cp.certmetrics.com/amazon/en/history/additional-agreements,Additional Agreements | CertMetrics,2025-11-26 00:32:46
https://cp.certmetrics.com/amazon/en/credentials/agreement,AWS Certification Program Agreement | CertMetrics,2025-11-26 00:32:39
https://cp.certmetrics.com/amazon/en/credentials/status,Certification status | CertMetrics,2025-11-26 00:32:37
https://cp.certmetrics.com/amazon/en/home/dashboard,Dashboard | CertMetrics,2025-11-26 00:32:23
https://us-east-1.auth.skillbuilder.aws/oauth2/authorize?response_type=code&scope=openid+profile+email&client_id=5ccv937jk1udqe62s70rm78kv7&state=cb7f7277dd044e1f9a867a70f19200ac&redirect_uri=https%3A%2F%2Fcp.certmetrics.com%2Famazon%2Fen%2Flogin%2Fsso%2Foidc&code_challenge=T2oDVQGcljCEqJRWZwakycJ6-cvPcWa5RXFuXas6ETc&code_challenge_method=S256&identity_provider=AWSBuilderID,CertMetrics,2025-11-26 00:32:21
https://cp.certmetrics.com/amazon/en/login/sso/oidc?code=bf3eef2b-340d-4f0d-b02e-015f031cf0ad&state=cb7f7277dd044e1f9a867a70f19200ac,CertMetrics,2025-11-26 00:32:21
https://login.us-east-1.auth.skillbuilder.aws/login/response,Sign in,2025-11-26 00:32:20
https://login.us-east-1.auth.skillbuilder.aws/login?response_type=code&scope=openid+profile+email&client_id=5ccv937jk1udqe62s70rm78kv7&state=cb7f7277dd044e1f9a867a70f19200ac&redirect_uri=https%3A%2F%2Fcp.certmetrics.com%2Famazon%2Fen%2Flogin%2Fsso%2Foidc&code_challenge=T2oDVQGcljCEqJRWZwakycJ6-cvPcWa5RXFuXas6ETc&code_challenge_method=S256,Sign in,2025-11-26 00:32:20
https://cp.certmetrics.com/,CertMetrics,2025-11-26 00:32:18
https://api.certmetrics.com/amazon/sso/ingress/oidc,Sign in,2025-11-26 00:32:18
https://login.us-east-1.auth.skillbuilder.aws/login?response_type=code&scope=openid%20profile%20email&client_id=5ccv937jk1udqe62s70rm78kv7&state=cb7f7277dd044e1f9a867a70f19200ac&redirect_uri=https://cp.certmetrics.com/amazon/en/login/sso/oidc&code_challenge=T2oDVQGcljCEqJRWZwakycJ6-cvPcWa5RXFuXas6ETc&code_challenge_method=S256,Sign in,2025-11-26 00:32:18
https://us-east-1.auth.skillbuilder.aws/oauth2/authorize?redirect_uri=https%3A%2F%2Flogin.us-east-1.auth.skillbuilder.aws%2Flogin%2Fresponse&response_type=code&client_id=5lpss4rkotsr2h5nscna40jtfi&identity_provider=AWSBuilderID&scope=openid&state=turOHaDuWAJh9D9NAanHF4REbszeWlzt-524132334d2b786546584e54586b724c2b30663753413d3d&code_challenge=Jk9a_dtTZUFLMayosUVCM56QkqkX1HadRCI8Z5uKSi0&code_challenge_method=S256,Sign in,2025-11-26 00:32:18
https://login.us-east-1.auth.skillbuilder.aws/login/response?code=c66fc0f6-5e98-43b0-ae44-8a062b716bcd&state=turOHaDuWAJh9D9NAanHF4REbszeWlzt-524132334d2b786546584e54586b724c2b30663753413d3d,Sign in,2025-11-26 00:32:18
https://cp.certmetrics.com/amazon,CertMetrics,2025-11-26 00:32:16
https://www.aws.training/certification,CertMetrics,2025-11-26 00:32:15
https://aws.amazon.com/certification/certification-prep/testing/,Schedule an AWS Certification Exam,2025-11-26 00:32:11
https://www.google.com/search?q=schedule+aws+exam&rlz=1C1AVFC_enUS1164US1164&oq=schedule+aws+exam&gs_lcrp=EgZjaHJvbWUyBggAEEUYOTIHCAEQABiABDIHCAIQABiABDIICAMQABgWGB4yCAgEEAAYFhgeMggIBRAAGBYYHjIICAYQABgWGB4yCAgHEAAYFhgeMggICBAAGBYYHjIKCAkQABiABBiiBNIBCDQ1NDRqMGo0qAIAsAIA&sourceid=chrome&ie=UTF-8,schedule aws exam - Google Search,2025-11-26 00:32:10
https://skillbuilder.aws/training-activity,AWS Skill Builder,2025-11-26 00:31:49
https://skillbuilder.aws/learn,AWS Skill Builder,2025-11-26 00:31:31
https://billing.skillbuilder.aws/,AWS Training and Certification,2025-11-26 00:31:22
https://billing.skillbuilder.aws/purchaseHistory,Purchase History,2025-11-26 00:31:22
https://us-east-1.auth.skillbuilder.aws/oauth2/authorize?redirect_uri=https%3A%2F%2Fbilling.skillbuilder.aws&response_type=code&client_id=79ld2q6pid4ca5nuo6nrv4m2f5&scope=openid&state=1wmKxI0mTsvtoZjB1JDmsOGJks5po3Aq&code_challenge=L4XPMv96REGHexxnEim-wWJAEIfm5bo8dk67u6tyMmA&code_challenge_method=S256&identity_provider=AWSBuilderID,AWS Training and Certification,2025-11-26 00:31:20
https://billing.skillbuilder.aws/?code=462d2e56-bbd8-4e02-80f5-1241d380f10a&state=1wmKxI0mTsvtoZjB1JDmsOGJks5po3Aq,AWS Training and Certification,2025-11-26 00:31:20
https://billing.skillbuilder.aws/purchaseHistory,Purchase History,2025-11-26 00:31:20
https://login.us-east-1.auth.skillbuilder.aws/login/response,Sign in,2025-11-26 00:31:19
https://login.us-east-1.auth.skillbuilder.aws/login?redirect_uri=https%3A%2F%2Fbilling.skillbuilder.aws&response_type=code&client_id=79ld2q6pid4ca5nuo6nrv4m2f5&scope=openid&state=1wmKxI0mTsvtoZjB1JDmsOGJks5po3Aq&code_challenge=L4XPMv96REGHexxnEim-wWJAEIfm5bo8dk67u6tyMmA&code_challenge_method=S256,Sign in,2025-11-26 00:31:19
https://us-east-1.auth.skillbuilder.aws/oauth2/authorize?redirect_uri=https%3A%2F%2Flogin.us-east-1.auth.skillbuilder.aws%2Flogin%2Fresponse&response_type=code&client_id=5lpss4rkotsr2h5nscna40jtfi&identity_provider=AWSBuilderID&scope=openid&state=t8PBI238Ht2XhzAmDdZCoFrw374gh7jR-7a6d4247444d3453386c6e513973376c696b504766413d3d&code_challenge=42B46hkuX3rN2QXgvJCjjbAEQGGSh44X__1TddGHa3k&code_challenge_method=S256,Sign in,2025-11-26 00:31:18
https://login.us-east-1.auth.skillbuilder.aws/login/response?code=dbe9e249-836b-4c29-8d58-393108b3a4e9&state=t8PBI238Ht2XhzAmDdZCoFrw374gh7jR-7a6d4247444d3453386c6e513973376c696b504766413d3d,Sign in,2025-11-26 00:31:18
https://login.us-east-1.auth.skillbuilder.aws/login?redirect_uri=https%3A%2F%2Fbilling.skillbuilder.aws&response_type=code&client_id=79ld2q6pid4ca5nuo6nrv4m2f5&identity_provider=COGNITO&scope=openid&state=1wmKxI0mTsvtoZjB1JDmsOGJks5po3Aq&code_challenge=L4XPMv96REGHexxnEim-wWJAEIfm5bo8dk67u6tyMmA&code_challenge_method=S256,Sign in,2025-11-26 00:31:17
https://billing.skillbuilder.aws/purchaseHistory,Purchase History,2025-11-26 00:31:16
https://skillbuilder.aws/my-profile,AWS Skill Builder,2025-11-26 00:31:14
https://skillbuilder.aws/training-activity,AWS Skill Builder,2025-11-26 00:31:02
https://us-east-1.auth.skillbuilder.aws/oauth2/authorize?redirect_uri=https%3A%2F%2Fskillsprofile.skillbuilder.aws%2Foauth%2FparseAuth&response_type=code&client_id=6qg084797r2h4m8oj9vrtq5rh6&state=1764117038TezqsvKbtYLWdf0ro&code_challenge=tBEa81zWDcTAMG7XqSChT0HUKUChbpjS2aNIy2fMszw&code_challenge_method=S256&identity_provider=AWSBuilderID,Skills Profile Settings,2025-11-26 00:30:45
https://skillsprofile.skillbuilder.aws/oauth/parseAuth?code=f5f5515c-e9ce-427c-b207-1a42952c48b0&state=1764117038TezqsvKbtYLWdf0ro,Skills Profile Settings,2025-11-26 00:30:45
https://skillsprofile.skillbuilder.aws/profile,Skills Profile Settings,2025-11-26 00:30:45
https://login.us-east-1.auth.skillbuilder.aws/login/response,Sign in,2025-11-26 00:30:41
https://login.us-east-1.auth.skillbuilder.aws/login?redirect_uri=https%3A%2F%2Fskillsprofile.skillbuilder.aws%2Foauth%2FparseAuth&response_type=code&client_id=6qg084797r2h4m8oj9vrtq5rh6&state=1764117038TezqsvKbtYLWdf0ro&code_challenge=tBEa81zWDcTAMG7XqSChT0HUKUChbpjS2aNIy2fMszw&code_challenge_method=S256,Sign in,2025-11-26 00:30:41
https://us-east-1.auth.skillbuilder.aws/oauth2/authorize?redirect_uri=https%3A%2F%2Flogin.us-east-1.auth.skillbuilder.aws%2Flogin%2Fresponse&response_type=code&client_id=5lpss4rkotsr2h5nscna40jtfi&identity_provider=AWSBuilderID&scope=openid&state=JzneGlAYmosKeuHr7BHoIYooeth1vIWP-6e756a6f336e533477337738785046716e59753972773d3d&code_challenge=ifVSynptY_2p9udtUhsgRNeor3FYS9SxDr3tsqTHKrg&code_challenge_method=S256,Sign in,2025-11-26 00:30:40
https://login.us-east-1.auth.skillbuilder.aws/login/response?code=c86c269e-378e-498b-b023-6abc54dfa904&state=JzneGlAYmosKeuHr7BHoIYooeth1vIWP-6e756a6f336e533477337738785046716e59753972773d3d,Sign in,2025-11-26 00:30:40
https://skillsprofile.skillbuilder.aws/oauth/signIn?redirect_uri=https%3A%2F%2Fskillsprofile.skillbuilder.aws%2Fprofile,Sign in,2025-11-26 00:30:39
https://login.us-east-1.auth.skillbuilder.aws/login?redirect_uri=https%3A%2F%2Fskillsprofile.skillbuilder.aws%2Foauth%2FparseAuth&response_type=code&client_id=6qg084797r2h4m8oj9vrtq5rh6&state=1764117038TezqsvKbtYLWdf0ro&code_challenge=tBEa81zWDcTAMG7XqSChT0HUKUChbpjS2aNIy2fMszw&code_challenge_method=S256,Sign in,2025-11-26 00:30:39
https://skillsprofile.skillbuilder.aws/,Skills Profile Settings,2025-11-26 00:30:35
https://skillsprofile.skillbuilder.aws/profile,Skills Profile Settings,2025-11-26 00:30:35
https://skillbuilder.aws/my-profile,AWS Skill Builder,2025-11-26 00:28:08
https://skillbuilder.aws/learn,AWS Skill Builder,2025-11-26 00:28:03
https://us-east-1.auth.skillbuilder.aws/oauth2/authorize?redirect_uri=https%3A%2F%2Fskillbuilder.aws%2FparseAuth&response_type=code&client_id=4ge76ro2nknc870bdudn76fkfm&state=1764116875TI0317D.MRC_O8d0n&code_challenge=UovNhCaFdacSiTEEC20w1xNqQL6pwpLxKTnfj7CTbiw&code_challenge_method=S256&identity_provider=AWSBuilderID,AWS Skill Builder,2025-11-26 00:27:59
https://skillbuilder.aws/parseAuth?code=cd5f8c88-53d3-4c97-8607-1a0c6fed2864&state=1764116875TI0317D.MRC_O8d0n,AWS Skill Builder,2025-11-26 00:27:59
https://skillbuilder.aws/,AWS Skill Builder,2025-11-26 00:27:59
https://login.us-east-1.auth.skillbuilder.aws/login/response,Sign in,2025-11-26 00:27:57
https://login.us-east-1.auth.skillbuilder.aws/login?redirect_uri=https%3A%2F%2Fskillbuilder.aws%2FparseAuth&response_type=code&client_id=4ge76ro2nknc870bdudn76fkfm&state=1764116875TI0317D.MRC_O8d0n&code_challenge=UovNhCaFdacSiTEEC20w1xNqQL6pwpLxKTnfj7CTbiw&code_challenge_method=S256,Sign in,2025-11-26 00:27:57
https://us-east-1.auth.skillbuilder.aws/oauth2/authorize?redirect_uri=https%3A%2F%2Flogin.us-east-1.auth.skillbuilder.aws%2Flogin%2Fresponse&response_type=code&client_id=5lpss4rkotsr2h5nscna40jtfi&identity_provider=AWSBuilderID&scope=openid&state=a3N2HrbE60pwbsILJBSQ5idSBKx1UUFa-546e4b7277737269777472703077524d636f6a616d773d3d&code_challenge=hMUY6_W00i-ph1pyPnlGD_NHkWuoRd68vYvoORWlg7Y&code_challenge_method=S256,Sign in,2025-11-26 00:27:56
https://login.us-east-1.auth.skillbuilder.aws/login/response?code=1e5a1181-2fe3-4029-acf1-24ba9a4027fe&state=a3N2HrbE60pwbsILJBSQ5idSBKx1UUFa-546e4b7277737269777472703077524d636f6a616d773d3d,Sign in,2025-11-26 00:27:56
https://skillbuilder.aws/login,AWS Skill Builder,2025-11-26 00:27:55
https://skillbuilder.aws/signIn?redirect_uri=https%3A%2F%2Fskillbuilder.aws,Sign in,2025-11-26 00:27:55
https://login.us-east-1.auth.skillbuilder.aws/login?redirect_uri=https%3A%2F%2Fskillbuilder.aws%2FparseAuth&response_type=code&client_id=4ge76ro2nknc870bdudn76fkfm&state=1764116875TI0317D.MRC_O8d0n&code_challenge=UovNhCaFdacSiTEEC20w1xNqQL6pwpLxKTnfj7CTbiw&code_challenge_method=S256,Sign in,2025-11-26 00:27:55
https://skillbuilder.aws/,AWS Skill Builder,2025-11-26 00:27:50
https://awscertificationpractice.benchprep.com/app/aws-certified-cloud-practitioner-official-practice-question-set-clf-c02#exams,Products Dashboard | AWS BenchPrep,2025-11-26 00:27:44
https://awscertificationpractice.benchprep.com/app/aws-certified-cloud-practitioner-official-practice-question-set-clf-c02,Home | AWS BenchPrep,2025-11-26 00:27:42
https://us-east-1.auth.skillbuilder.aws/oauth2/authorize?client_id=1dpmu9iun25qmeafo2m23busua&nonce=282e6db0e27ad527bd51cd8f3009b265&redirect_uri=https%3A%2F%2Fawscertificationpractice.benchprep.com%2Fsso%2Foidc%2Faws-vibe%2Flogin&response_type=code&scope=openid&state=eyJyYW5kb21fc3RhdGUiOiI1NDViMmY4MDEzZWE4NThjZmUxNmUyY2ExOTljM2Y5MSJ9&identity_provider=AWSBuilderID,Home | AWS BenchPrep,2025-11-26 00:27:39
https://awscertificationpractice.benchprep.com/sso/oidc/aws-vibe/login?code=3464c2ad-3403-43da-92fe-1a27cd2f76c7&state=eyJyYW5kb21fc3RhdGUiOiI1NDViMmY4MDEzZWE4NThjZmUxNmUyY2ExOTljM2Y5MSJ9,Home | AWS BenchPrep,2025-11-26 00:27:39
https://login.us-east-1.auth.skillbuilder.aws/login/response,Sign in,2025-11-26 00:27:35
https://login.us-east-1.auth.skillbuilder.aws/login?client_id=1dpmu9iun25qmeafo2m23busua&nonce=282e6db0e27ad527bd51cd8f3009b265&redirect_uri=https%3A%2F%2Fawscertificationpractice.benchprep.com%2Fsso%2Foidc%2Faws-vibe%2Flogin&response_type=code&scope=openid&state=eyJyYW5kb21fc3RhdGUiOiI1NDViMmY4MDEzZWE4NThjZmUxNmUyY2ExOTljM2Y5MSJ9,Sign in,2025-11-26 00:27:35
https://oidc.us-east-1.amazonaws.com/authorize?authorization_resumption_context=AAAADmtleS0xNTY0MDI4MDc4fXY9ukFcr4cLtfz6D3rWO6GDIPen8tpMvom3TnUMufU4fh9IqAe9SC_ks4smkiW4j_3PVn1mf5MpPk6iwRpEXgGiQCug_RlzoLOmxEZqpGRedqvi4kNGG0MSLYvHjZA4tSPGxaX73n0pMtrwPoRQhB_GvQKwksO0VTDgqI81s2zaGQxugdPUMQsS-ZSCxezx_TpvR07COoT-no6f9jy3FSZdz3ECISqZW-ZsSuYCWvVi6Sqzq6vgzhJNz865YlIaquWE48UTWszUFG9C75V8iYB34jhgIxuG5VbIe1FByYa3jpgZb-KcYF_36KfU_vX4QqRW45xPWA13btvUz-QFCl2tENDEJpJ0rAU_xKV4P_DLPfs2w1AjPzMb5c0pja_ZAq7tGOeR5GL1gehEQgJA4VrfB6Il4bvBY5bzvDNIghV3zqC5O8DbBeJZD1jwZaxhFIwfDhwwzTFdNcbUt3x-eymqgBwAuvRw6YTAtnjEbZU2r8sUISpqL6mAI6PxMUCA635C6kvijxyH5vbUUBzz5zjamaYea_3wT_iF-Cm4msoEBDC8gddi3ppT61uH7Us7y6h3JTzaz9qH6iFACAZ1Tx49GYnoSzx8xnoaJ5SDDSfWhFtDwf9M_pyVUeYGGSjlgiDKkP2PcBwhEkVT_62Fb1CqYE9JIpHmVwAIXN0bfR88ajI6cXaIMH9UVBosdD023S89BDOtJhEk9vc1OFIyJ6iz7y3LxWajq4cvucuHngMG6otGxcIB4upTJLW2WYUqwI9kN0G4WXnvJmNPjiYHRoD5ZpcgzTUQiS3qOGYWc4lE2P82hdPzj9xaP-WJZZQ3WqMLFdRxdl5V_-LGFodOOdu7oVK4w3l1fHZIBVWmQlv_W-oIH13bl2qmSEe6_sgObwXqKBFqurbdUnrEkUJtLvrfI-MD5YE_RQRfkBFfOA1CrtDVG5sPmUHvyq_Z173powIF00h9ZlWd-opoWoiLbhyeV3B0ANW3bVUnbcWkurii19fqulgOca0T8PgCY0KHSGJ3ravMnbLta9v2F6FUqV-ivXkSn3iIBNVFyZt4Qb5GKJs9LpqOueH1N_5EW7wH0khkeb5SMH9aa9-BeQ75BaV2c6Z3Px62XYuY7mVcEFV73umG_kIRm9isPcONv5Yhp7jJGlQSdOFuwkAGW3NQhzaSXqUd-icL7cwY1XNrivbNZH56vEoa6X3Io_TZ3E0R5sLXWO74153d6wuaG4Lo2t7sUURiYQU22o88yJ2tgBbD_ArXrpnQyyrESxsMSX4RJrGchsiivc9skMG-UvISoyxdfcQCK5rb8ipPSrdnkQX-bW_pjqtvY2HxMkDqLJ2VmXSZD-Ths8aQGwY_Mneqad4Avp0kChT4TXRMOS-kmxBNje4jx7pdNak9ooTdyshw1nH6cUgoIZM4VKgcifIRpI7BXdZqRJUvOVRLPJPuuwP8VEJsNRA2953BQdRFPjYzJfgxLhAnz_oPTWEyKgCIQfvIvTbyZ3oC4p9N_rkGuIJtc77oGe8wObFukQ6-FJU_vPHoxRio8LL7Aws-MAL-X_74CJBVQuA9UDrvVim2Pt516o8aAukHKJLPKBveEat7sXyay_6XeO7cHHvOCXyV80h6-4DA2OehwkF0dMaqib0VBpFpZhSuLasd3Pzc7ekwDVSFAQLyR4FKnaH6v42tVMzVq1Rx7U9PXwNo8uVGeiKhzP7hsOH1KdrUFyIbQayzCPmqXkhpxr1WrDAA6a824HjSW078a8U_PJtCc-FN3obyCk0lDxoK-VBXRkOvGGKbpk9NkTU9Hj8WaiHX5vrs9tOPUyb9o_pDq4-jUwNR3XHKHZTkvBlQgWUxeHA4cTQcCX--ow6y7IkUf2koYiyGDyIbO0qooK7qemL_KMrGfyMqDeIt5jq1BZovPcvPbT6VNsyyOWcpb5As10uXjaRBBvNllKuMFEju_tttZA4Qp4rsO4Xxv61af6vEKT0RXoLx5fWBQUlHkLkwLyetGMDEa029kldXAVeJD5o_D64ftgNQIXy9SRVy0GfBf_1NdBLO_WXPi7os1a7miDY_pIi1LdlLRBIpcJm1JE4nYHQ510P_Ko9GEjqYFhuY3PIcU5yeAbMRjONcyVzXTug7fPqh-YqKYpkCrBmk2GDfyikws9yFRVZMdx5dH2JuG8ocYyGow-2Sr1BXq07Ko9e_XpbPRYmqL11UY__HFFBYf8985qJ6xpWSl2UZrqrhuuQPvUa1j0p7X5dVP58P9r4V1BcyitcVdFaqLjMQKGgGYBw3ee88zBRL4pD_YLqcKJj1JP2qNFZNebvz8sWB8Oah4o9-HXiHNVITUFBY9fiz6xfaXq4xfyfSNj4VVRJb8EJBAhJ9RcyC0RMAb8qeUFItCAUGrgprAuXnQaK2Hft1UqDfNVK2b8CJWC05Iu2LyBGPzVzIOMeBGcyaSH1SNbqzJcL3Cn5CI9rcrOvWixcrRDDvy7ekYHeSyH2T6XpCS0lvmXB2GOb3DTxv_pD5ahOw5hNWLgECYo0TfSz_R1nUExRq_K0ZWeKEKl-u3VQE9HSIeymT4s7JT1_tOfxLqVsX4E0ILjcOwYLALQzj-cEQ3HGnnVesEh04brSQUUSS1oXTLAe-o9A8rO8aIuXNTuOecLgAqaRD-XenQ8oeFTl0BD62d4h5MOh1flbmrS0tiWK71_e06mcES4vPaSh1om7ybhjC_UvPzumBAY3ERoEZJ95sMh4rUZMFr-wzeFvqKtjA_s6ODTvEOBZaFaXtbAAY_BbjDWkUUb1SsxBOTv7wrxvT5vhbJRRgD-4uH8Esnrqu-bHEiEaCXIwBN1JVm3OBZVuKv3aNRIu91uVRNlBybDSx3v2kcs0UL08Sj5SVxrS2bL1OIKxWDSrWcPmXTDbxyIm0zx8wSGzWGVB6KnpaolWGWG-TjwYp6HxCHOyQ8cuH2Vj9OxZX5a0PIyoYBF_g7f8J3-UxOOwTEbDA0PsLbxDE1jgMa3aIixqVgUyMjPQZxVr_SAPlAqD6qCxuv20SXNSiJ5DD1r4zC7en7ozhKJj9tz4zbKOFQ6er3zxD1rTpcymj6jy9uDcEVdBRTEttf2TvFO7bfQ-HNV1y_gAHE2FpwmpiXGX6-qcfEQaAoC0lJSzRNAEcOb9JwPdbp72-ylxYgVgYhUqECml8j8OSRJCieOm_dEDsK_BG_TRDrsFHX9-I-nD6TSxICV1a5xp1akeCOt1QahIW6vIeM3GaSiTKDthfRNULMH0c-eZZ9tEyFjEI5MUnQBbYXR3dNPjgsKnF5_HlOfU,Sign in,2025-11-26 00:27:33
https://us-east-1.bid.auth.aws.training/oidc/getResponseUrl?code=eyJraWQiOiJrZXktMTU2NDAyODA3OCIsImFsZyI6IkhTMzg0In0.eyJwbGFpbnRleHQiOiJ4NkwxVGp4QWs0d3lnQjdYMUpWeXJRMlA5MHlrZHlyYXliZXdfRmZVVmJBIiwiZXhwIjoxNzY0MTE3MTUzLCJ0eXBlIjoiYXV0aENvZGUifQ.UJu6fNwKSxWflfBVnwcsX0BWMeOfVWvsPrva8_bUjTtA499vvwDSzvZnkYmnai5K&state=QUFBQURtdGxlUzB4TlRZNE9UVTFNekEzbGJDUlAxRmZfR3RTUWZyQ2MtQ09JMWhuS3c0ZGViNmpLZW9BLVExdDJLRmpVYzQzcnktTFI4VkdQNVBHQXUwZ1Ruc0l1UG5wUjZadXJkV0hRSjA4X3ZkSi1LclpSRjJZb0lERmNWZjh3dVJVcHFvdzBGLUFrUDlLdVEyMkJlN28xTTNxT3F0dFZVbHVqbWhuQ0pjdFdDYUZ5c2VCTG9sd1JCVEIzbXo1N2R0dy1DQzNZNlNNZ3Uwek1DZXV5NHhCUFpCeW10NXNrMWVtMXVCNDk2Rlc5cnEwTlE2cFlvYlZveHg4TFlkQXJLSDlNMzVRT0QwTDRNa3IwVE0,Sign in,2025-11-26 00:27:33
https://us-east-1.auth.skillbuilder.aws/oauth2/idpresponse?code=f06039a5-eb4d-416d-bf96-7ef7c46995c0&state=H4sIAAAAAAAAAG1RTW-jMBT8Lz6HBGOwIbeQNAmg0i0kJcmqigCbQiBAMZ9Z7X9fV5VWe1i9y2jezLwnzS8QgiXouMRC3krw6sSnndsW3hnMQCQ2q8A3u6ygrLE2gooFpRU152qTVy1vlFQreVyGqnxrk0wIqBCkbVvz5WJRVB9ZOf-bPQ-7Np3zPCuK6DtyHg78W7VoGK-rkjMRwUREXNEvmAj4Ym3WAn6A5U9Q1azMKHifgVRsIvqk9ZaV9CojxyHLuldswWBL7peDfS6Ls6QhDHGk6gThEBlYIbJGEFI1jWCdhAhhwYmByNAgooiKM5nIXR8269Bc8_3-YY8W9o7Tj-J0e3tGWbnt-YuiTuq19RX_4ObCcRMOX9GwgPnXU7jtg0cX3MeCVrA9skm2V7scrdLEeJOVbhoPlVeM270x7CJnx8LgxPsOYSyN5DHVxIwn_3NjD7LdZftgMpWn8ciiKz98GopLWeXcP92jZSOj9Lypm8yNNFxO3uPipzue-eb-9fZwPXRvrrnzrDrQsKdsfRoPyVmNjdhJb9tkoG5zhV46iI-Lf8v_f0FCdQdLSLAKIdY1eQZqsEzCgrMZaIQdR0TXKcWSTAmWVDnCUqTDSCIkUmIDRkzcFRm96O_99x-is1WpbwIAAA.H4sIAAAAAAAAAAEgAN__6G_6ABO207IDTLLFZUTXoryQOeWzEVCJv1HnOTZMIMOughPgIAAAAA.4,Sign in,2025-11-26 00:27:33
https://login.us-east-1.auth.skillbuilder.aws/login/response?code=e83a23d1-0ef6-44fe-a4eb-4c5b8a2bac88&state=bdE5vIIfv4e7UwiiuQ6I1WF7mZTJYnlY-53616b48736a39627057334557687a336962626139513d3d,Sign in,2025-11-26 00:27:33
https://us-east-1.auth.skillbuilder.aws/oauth2/authorize?redirect_uri=https%3A%2F%2Flogin.us-east-1.auth.skillbuilder.aws%2Flogin%2Fresponse&response_type=code&client_id=5lpss4rkotsr2h5nscna40jtfi&identity_provider=AWSBuilderID&scope=openid&state=bdE5vIIfv4e7UwiiuQ6I1WF7mZTJYnlY-53616b48736a39627057334557687a336962626139513d3d&code_challenge=CTDCaBCsHHzJxI6RUyPlXjVM3inFvsO24y4_tS2STNk&code_challenge_method=S256,AWS access portal,2025-11-26 00:27:31
https://us-east-1.bid.auth.aws.training/oidc/authorize?client_id=gandalf&redirect_uri=https%3A%2F%2Fus-east-1.auth.skillbuilder.aws%2Foauth2%2Fidpresponse&scope=openid+profile+email&response_type=code&state=H4sIAAAAAAAAAG1RTW-jMBT8Lz6HBGOwIbeQNAmg0i0kJcmqigCbQiBAMZ9Z7X9fV5VWe1i9y2jezLwnzS8QgiXouMRC3krw6sSnndsW3hnMQCQ2q8A3u6ygrLE2gooFpRU152qTVy1vlFQreVyGqnxrk0wIqBCkbVvz5WJRVB9ZOf-bPQ-7Np3zPCuK6DtyHg78W7VoGK-rkjMRwUREXNEvmAj4Ym3WAn6A5U9Q1azMKHifgVRsIvqk9ZaV9CojxyHLuldswWBL7peDfS6Ls6QhDHGk6gThEBlYIbJGEFI1jWCdhAhhwYmByNAgooiKM5nIXR8269Bc8_3-YY8W9o7Tj-J0e3tGWbnt-YuiTuq19RX_4ObCcRMOX9GwgPnXU7jtg0cX3MeCVrA9skm2V7scrdLEeJOVbhoPlVeM270x7CJnx8LgxPsOYSyN5DHVxIwn_3NjD7LdZftgMpWn8ciiKz98GopLWeXcP92jZSOj9Lypm8yNNFxO3uPipzue-eb-9fZwPXRvrrnzrDrQsKdsfRoPyVmNjdhJb9tkoG5zhV46iI-Lf8v_f0FCdQdLSLAKIdY1eQZqsEzCgrMZaIQdR0TXKcWSTAmWVDnCUqTDSCIkUmIDRkzcFRm96O_99x-is1WpbwIAAA.H4sIAAAAAAAAAAEgAN__6G_6ABO207IDTLLFZUTXoryQOeWzEVCJv1HnOTZMIMOughPgIAAAAA.4,AWS access portal,2025-11-26 00:27:31
https://oidc.us-east-1.amazonaws.com/authorize?client_id=xTfQ_8JYdQ2Nw7IUC16bsnVzLWVhc3QtMQ&redirect_uri=https%3A%2F%2Fus-east-1.bid.auth.aws.training%2Foidc%2FgetResponseUrl&response_type=code&state=QUFBQURtdGxlUzB4TlRZNE9UVTFNekEzbGJDUlAxRmZfR3RTUWZyQ2MtQ09JMWhuS3c0ZGViNmpLZW9BLVExdDJLRmpVYzQzcnktTFI4VkdQNVBHQXUwZ1Ruc0l1UG5wUjZadXJkV0hRSjA4X3ZkSi1LclpSRjJZb0lERmNWZjh3dVJVcHFvdzBGLUFrUDlLdVEyMkJlN28xTTNxT3F0dFZVbHVqbWhuQ0pjdFdDYUZ5c2VCTG9sd1JCVEIzbXo1N2R0dy1DQzNZNlNNZ3Uwek1DZXV5NHhCUFpCeW10NXNrMWVtMXVCNDk2Rlc5cnEwTlE2cFlvYlZveHg4TFlkQXJLSDlNMzVRT0QwTDRNa3IwVE0,AWS access portal,2025-11-26 00:27:31
https://view.awsapps.com/start/?callback_url=https%3A%2F%2Foidc.us-east-1.amazonaws.com%2Fauthentication_result&orchestrator_id=AAAADmtleS0xNTY0MDI4MDc4F2N2yw81TmB5ZkQ6whbUs9UacuW4qtElvHQW1zcnBVbdNGjkeNDwHLy_ZmeYrN5tLIET2G652c6ivQvoa_lk45A1a1_pVWMwTo4hkpKw4W-_eLj7ico-0_kpdnpqodka0QYf7anPqXWkzhYRwup36ydlegbtsAlcrT6Kwl1THZNZACbatKC5lDlpQJNRq0XS_glup-wCKRddFZ3UsgRunCtBrUJKb9fjn6Fg9kf4-x-5F0unixVDMXVLI9cSeCvghM74aleDJjf7BBr45_qc1HUG3W0bt26vyrH3jbQRYFeavL5Lg_FwEgIleJqvkaZ3b69qmp1ANQTlqKJNKV1yVNEJPs-fdtO0S3zawR6QFYqh_sYPp2eCa8utnKT_dWR7jhWpDTVvsGwmLsVecsk_J_9tE2IQ8aa2E9v_CmA1OkTWG36626AxH5hnu4r8m-WEDl02cV7ikXfC1Uz0v3117K1ogV2KAMfjpr0_d7lM79poSKup_uMgVnsN5Xk-yxnLrOSQziVz8BZxjhvgGQ3cYCICD4pZeKgKS7CL-SXTu-YF1pif-PZc49_DomyqFDxWLsV7fPhbDbxVksLbx4e8IzJCUNCksIceDJaomJReH1nVzGx_0F8WA7u5xyQ9dyn1VzqdSaAYB6-b8ITWpGr233iFf2CUeMkh0Cj6-nydQJStAA4sxbNeGftVOOjk22TqmALQTB45TwYAZMcXRIjit9_Wcw14QHWMebrZgFTbbbIUSHJ-1uJ8Lihx4XzaZ2xakhyY8bMvZ5RmXR4SAJvaSbE_y6ADSwNFzzBCJr6yJIhL7T3QaKc8Ep_qRWteKvEiRPo3If0hArQFsLzGSmWRodOKJLQBpeQtMVXtsVgAYDPMbb4zcmkRtrR3Utya1HTEGaJvQ6y-p2UdPq85gPjX5eouiP9xWoNKC_B-wg4IKvBdZvCWwFT0fo25wqLDECgEjFk-2LOhAn13iGfS6iei8VY7TBkvPS_oThWZWp1CYGHUutYns5BM6eikE3qKoAh1kEbvrJGILFA09OzFrG4PLcy1KwzGucHUNA4y4Y3U,AWS access portal,2025-11-26 00:27:31
https://view.awsapps.com/start/#/?callback_url=https%3A%2F%2Foidc.us-east-1.amazonaws.com%2Fauthentication_result&orchestrator_id=AAAADmtleS0xNTY0MDI4MDc4F2N2yw81TmB5ZkQ6whbUs9UacuW4qtElvHQW1zcnBVbdNGjkeNDwHLy_ZmeYrN5tLIET2G652c6ivQvoa_lk45A1a1_pVWMwTo4hkpKw4W-_eLj7ico-0_kpdnpqodka0QYf7anPqXWkzhYRwup36ydlegbtsAlcrT6Kwl1THZNZACbatKC5lDlpQJNRq0XS_glup-wCKRddFZ3UsgRunCtBrUJKb9fjn6Fg9kf4-x-5F0unixVDMXVLI9cSeCvghM74aleDJjf7BBr45_qc1HUG3W0bt26vyrH3jbQRYFeavL5Lg_FwEgIleJqvkaZ3b69qmp1ANQTlqKJNKV1yVNEJPs-fdtO0S3zawR6QFYqh_sYPp2eCa8utnKT_dWR7jhWpDTVvsGwmLsVecsk_J_9tE2IQ8aa2E9v_CmA1OkTWG36626AxH5hnu4r8m-WEDl02cV7ikXfC1Uz0v3117K1ogV2KAMfjpr0_d7lM79poSKup_uMgVnsN5Xk-yxnLrOSQziVz8BZxjhvgGQ3cYCICD4pZeKgKS7CL-SXTu-YF1pif-PZc49_DomyqFDxWLsV7fPhbDbxVksLbx4e8IzJCUNCksIceDJaomJReH1nVzGx_0F8WA7u5xyQ9dyn1VzqdSaAYB6-b8ITWpGr233iFf2CUeMkh0Cj6-nydQJStAA4sxbNeGftVOOjk22TqmALQTB45TwYAZMcXRIjit9_Wcw14QHWMebrZgFTbbbIUSHJ-1uJ8Lihx4XzaZ2xakhyY8bMvZ5RmXR4SAJvaSbE_y6ADSwNFzzBCJr6yJIhL7T3QaKc8Ep_qRWteKvEiRPo3If0hArQFsLzGSmWRodOKJLQBpeQtMVXtsVgAYDPMbb4zcmkRtrR3Utya1HTEGaJvQ6y-p2UdPq85gPjX5eouiP9xWoNKC_B-wg4IKvBdZvCWwFT0fo25wqLDECgEjFk-2LOhAn13iGfS6iei8VY7TBkvPS_oThWZWp1CYGHUutYns5BM6eikE3qKoAh1kEbvrJGILFA09OzFrG4PLcy1KwzGucHUNA4y4Y3U,AWS access portal,2025-11-26 00:27:31
https://awscertificationpractice.benchprep.com/app/aws-certified-cloud-practitioner-official-practice-question-set-clf-c02#exams/details/207433,Sign in,2025-11-26 00:27:27
https://awscertificationpractice.benchprep.com/sso/oidc/aws-vibe/initiate#exams/details/207433,Sign in,2025-11-26 00:27:27
https://login.us-east-1.auth.skillbuilder.aws/login?client_id=1dpmu9iun25qmeafo2m23busua&nonce=282e6db0e27ad527bd51cd8f3009b265&redirect_uri=https%3A%2F%2Fawscertificationpractice.benchprep.com%2Fsso%2Foidc%2Faws-vibe%2Flogin&response_type=code&scope=openid&state=eyJyYW5kb21fc3RhdGUiOiI1NDViMmY4MDEzZWE4NThjZmUxNmUyY2ExOTljM2Y5MSJ9#exams/details/207433,Sign in,2025-11-26 00:27:27
https://www.google.com/,Google,2025-11-26 00:27:17
https://skillbuilder.aws/learn/94T2BEN85A/aws-cloud-practitioner-essentials/8D79F3AVR7,AWS Skill Builder,2025-11-25 07:06:59
https://skillbuilder.aws/learn/9UCEYJPBW7/domain-1-practice-aws-certified-cloud-practitioner-clfc02--english/7NT7FS1CJJ?parentId=1J2VTQSGU2,AWS Skill Builder,2025-11-25 07:05:52
https://skillbuilder.aws/learning-plan/8UUCEZGNX4/exam-prep-plan-aws-certified-cloud-practitioner-clfc02--english/1J2VTQSGU2,AWS Skill Builder,2025-11-25 07:05:16
https://skillbuilder.aws/learn/753JXFHECD/domain-4-practice-aws-certified-cloud-practitioner-clfc02--english/KNPUKZEF5Y?parentId=1J2VTQSGU2,AWS Skill Builder,2025-11-25 07:05:06
https://skillbuilder.aws/learn,AWS Skill Builder,2025-11-25 07:02:43
https://render.skillbuilder.aws/cds/cce3f63c-0b1e-4d40-b41a-b4ad5ea470ea/index.html?endpoint=https%3A%2F%2Frender.skillbuilder.aws%2Flrs&actor=%7B%22name%22%3A%22954ddc4a-c040-434b-9c36-b36da180734c%22%2C%22openid%22%3A%22https%3A%2F%2Fgandalf-prod.auth.us-east-1.amazoncognito.com%2Fus-east-1_KcXGNtlRY%7C954ddc4a-c040-434b-9c36-b36da180734c%22%2C%22objectType%22%3A%22Agent%22%7D&module_id=1TRGGE6NHT%3A001.000.000&registration_id=94d232b3-ca4a-56bb-be90-7cd1e43661e1&registration=94d232b3-ca4a-56bb-be90-7cd1e43661e1&product_id=KNPUKZEF5Y%3A002.000.001&activity_id=http%3A%2F%2Fxc3KLlYVq02CUGmCc_E1qf5EY20IfwM7_rise&_cb=1764053654531#/lessons/gknuCoyyJJOT7LlH1pqGnSPxRB2dJf5j,Course Player,2025-11-25 07:02:42
https://skillbuilder.aws/,AWS Skill Builder,2025-11-25 07:02:39
https://awscertificationpractice.benchprep.com/app/bonus-questions-aws-certified-cloud-practitioner-clf-c02?locale=en-us#exams/details/209263,Product Details | AWS BenchPrep,2025-11-25 07:02:31
https://awscertificationpractice.benchprep.com/app/bonus-questions-aws-certified-cloud-practitioner-clf-c02?locale=en-us#exams/take_exam/209263,AWS BenchPrep,2025-11-25 06:57:35
https://awscertificationpractice.benchprep.com/app/bonus-questions-aws-certified-cloud-practitioner-clf-c02?locale=en-us#exams/exam_intro/209263,AWS BenchPrep,2025-11-25 06:57:33
https://awscertificationpractice.benchprep.com/app/bonus-questions-aws-certified-cloud-practitioner-clf-c02?locale=en-us#exams/details/209263,Product Details | AWS BenchPrep,2025-11-25 06:57:27
https://render.skillbuilder.aws/cds/cce3f63c-0b1e-4d40-b41a-b4ad5ea470ea/index.html?endpoint=https%3A%2F%2Frender.skillbuilder.aws%2Flrs&actor=%7B%22name%22%3A%22954ddc4a-c040-434b-9c36-b36da180734c%22%2C%22openid%22%3A%22https%3A%2F%2Fgandalf-prod.auth.us-east-1.amazoncognito.com%2Fus-east-1_KcXGNtlRY%7C954ddc4a-c040-434b-9c36-b36da180734c%22%2C%22objectType%22%3A%22Agent%22%7D&module_id=1TRGGE6NHT%3A001.000.000&registration_id=94d232b3-ca4a-56bb-be90-7cd1e43661e1&registration=94d232b3-ca4a-56bb-be90-7cd1e43661e1&product_id=KNPUKZEF5Y%3A002.000.001&activity_id=http%3A%2F%2Fxc3KLlYVq02CUGmCc_E1qf5EY20IfwM7_rise&_cb=1764053654531#/lessons/1RJdDNzkK8S3yJNgnZOTq4mFepEjrZgY,Course Player,2025-11-25 06:57:22
https://render.skillbuilder.aws/cds/cce3f63c-0b1e-4d40-b41a-b4ad5ea470ea/index.html?endpoint=https%3A%2F%2Frender.skillbuilder.aws%2Flrs&actor=%7B%22name%22%3A%22954ddc4a-c040-434b-9c36-b36da180734c%22%2C%22openid%22%3A%22https%3A%2F%2Fgandalf-prod.auth.us-east-1.amazoncognito.com%2Fus-east-1_KcXGNtlRY%7C954ddc4a-c040-434b-9c36-b36da180734c%22%2C%22objectType%22%3A%22Agent%22%7D&module_id=1TRGGE6NHT%3A001.000.000&registration_id=94d232b3-ca4a-56bb-be90-7cd1e43661e1&registration=94d232b3-ca4a-56bb-be90-7cd1e43661e1&product_id=KNPUKZEF5Y%3A002.000.001&activity_id=http%3A%2F%2Fxc3KLlYVq02CUGmCc_E1qf5EY20IfwM7_rise&_cb=1764053654531#/lessons/gyLF2G4yGaRQHXEQDVdR9kVZmfErS2_E,Course Player,2025-11-25 06:55:48
https://render.skillbuilder.aws/cds/cce3f63c-0b1e-4d40-b41a-b4ad5ea470ea/index.html?endpoint=https%3A%2F%2Frender.skillbuilder.aws%2Flrs&actor=%7B%22name%22%3A%22954ddc4a-c040-434b-9c36-b36da180734c%22%2C%22openid%22%3A%22https%3A%2F%2Fgandalf-prod.auth.us-east-1.amazoncognito.com%2Fus-east-1_KcXGNtlRY%7C954ddc4a-c040-434b-9c36-b36da180734c%22%2C%22objectType%22%3A%22Agent%22%7D&module_id=1TRGGE6NHT%3A001.000.000&registration_id=94d232b3-ca4a-56bb-be90-7cd1e43661e1&registration=94d232b3-ca4a-56bb-be90-7cd1e43661e1&product_id=KNPUKZEF5Y%3A002.000.001&activity_id=http%3A%2F%2Fxc3KLlYVq02CUGmCc_E1qf5EY20IfwM7_rise&_cb=1764053654531#/lessons/sh_DDPSRUfRW0gxs68R1sK_0HsfaqMa3,Course Player,2025-11-25 06:54:23
https://render.skillbuilder.aws/cds/cce3f63c-0b1e-4d40-b41a-b4ad5ea470ea/index.html?endpoint=https%3A%2F%2Frender.skillbuilder.aws%2Flrs&actor=%7B%22name%22%3A%22954ddc4a-c040-434b-9c36-b36da180734c%22%2C%22openid%22%3A%22https%3A%2F%2Fgandalf-prod.auth.us-east-1.amazoncognito.com%2Fus-east-1_KcXGNtlRY%7C954ddc4a-c040-434b-9c36-b36da180734c%22%2C%22objectType%22%3A%22Agent%22%7D&module_id=1TRGGE6NHT%3A001.000.000&registration_id=94d232b3-ca4a-56bb-be90-7cd1e43661e1&registration=94d232b3-ca4a-56bb-be90-7cd1e43661e1&product_id=KNPUKZEF5Y%3A002.000.001&activity_id=http%3A%2F%2Fxc3KLlYVq02CUGmCc_E1qf5EY20IfwM7_rise&_cb=1764053654531#/lessons/5QKp2P1gO9pe7CGa6xCquwSSkRELMXfv,Course Player,2025-11-25 06:54:20
https://render.skillbuilder.aws/cds/auth?endpoint=https%3A%2F%2Frender.skillbuilder.aws%2Flrs&actor=%7B%22name%22%3A%22954ddc4a-c040-434b-9c36-b36da180734c%22%2C%22openid%22%3A%22https%3A%2F%2Fgandalf-prod.auth.us-east-1.amazoncognito.com%2Fus-east-1_KcXGNtlRY%7C954ddc4a-c040-434b-9c36-b36da180734c%22%2C%22objectType%22%3A%22Agent%22%7D&module_id=1TRGGE6NHT%3A001.000.000&registration_id=94d232b3-ca4a-56bb-be90-7cd1e43661e1&registration=94d232b3-ca4a-56bb-be90-7cd1e43661e1&product_id=KNPUKZEF5Y%3A002.000.001&activity_id=http%3A%2F%2Fxc3KLlYVq02CUGmCc_E1qf5EY20IfwM7_rise&_cb=1764053654531,,2025-11-25 06:54:16
https://render.skillbuilder.aws/cds/cce3f63c-0b1e-4d40-b41a-b4ad5ea470ea/index.html?endpoint=https%3A%2F%2Frender.skillbuilder.aws%2Flrs&actor=%7B%22name%22%3A%22954ddc4a-c040-434b-9c36-b36da180734c%22%2C%22openid%22%3A%22https%3A%2F%2Fgandalf-prod.auth.us-east-1.amazoncognito.com%2Fus-east-1_KcXGNtlRY%7C954ddc4a-c040-434b-9c36-b36da180734c%22%2C%22objectType%22%3A%22Agent%22%7D&module_id=1TRGGE6NHT%3A001.000.000&registration_id=94d232b3-ca4a-56bb-be90-7cd1e43661e1&registration=94d232b3-ca4a-56bb-be90-7cd1e43661e1&product_id=KNPUKZEF5Y%3A002.000.001&activity_id=http%3A%2F%2Fxc3KLlYVq02CUGmCc_E1qf5EY20IfwM7_rise&_cb=1764053654531,,2025-11-25 06:54:16
https://render.skillbuilder.aws/?module_id=1TRGGE6NHT%3A001.000.000&product_id=KNPUKZEF5Y%3A002.000.001&registration_id=94d232b3-ca4a-56bb-be90-7cd1e43661e1&referrer=https%3A%2F%2Fskillbuilder.aws%2Flearn%2F753JXFHECD%2Fdomain-4-practice-aws-certified-cloud-practitioner-clfc02--english%2FKNPUKZEF5Y%3FparentId%3D1J2VTQSGU2&navigation=digital&parentId=1J2VTQSGU2,Course Player,2025-11-25 06:54:13
https://skillbuilder.aws/learn/753JXFHECD/domain-4-practice-aws-certified-cloud-practitioner-clfc02--english/KNPUKZEF5Y?parentId=1J2VTQSGU2,AWS Skill Builder,2025-11-25 06:53:58
https://docs.aws.amazon.com/wellarchitected/latest/framework/definitions.html,Definitions - AWS Well-Architected Framework,2025-11-25 06:50:31
https://us-east-1.console.aws.amazon.com/console/services?region=us-east-1,All services | Console Home | us-east-1,2025-11-25 06:49:28
https://us-east-1.console.aws.amazon.com/console/home?region=us-east-1#,Console Home | Console Home | us-east-1,2025-11-25 06:49:24
https://us-east-1.console.aws.amazon.com/console/home?region=us-east-1&hashArgs=%23,Console Home | Console Home | us-east-1,2025-11-25 06:48:34
https://signin.aws.amazon.com/oauth?client_id=arn%3Aaws%3Asignin%3A%3A%3Aconsole%2Fcanvas&code_challenge=Os9rNyxvyWLU7TYzgyjCdoPz3tuq5rWYdIEpn7KKyQE&code_challenge_method=SHA-256&response_type=code&redirect_uri=https%3A%2F%2Fus-east-1.console.aws.amazon.com%2Fconsole%2Fhome%3FhashArgs%3D%2523%26isauthcode%3Dtrue%26region%3Dus-east-1%26state%3DhashArgsFromTB_us-east-1_da6365930c226513,Console Home | Console Home | us-east-1,2025-11-25 06:48:34
https://us-east-1.console.aws.amazon.com/console/home?hashArgs=%23&isauthcode=true&region=us-east-1&state=hashArgsFromTB_us-east-1_da6365930c226513&code=eyJ6aXAiOiJERUYiLCJlbmMiOiJBMjU2R0NNIiwiYWxnIjoiZGlyIn0..Zf9APpp1q7MuAJEh.Pv0vja_KmU9gayPYngkwN7a4JIHiT5lj4tMyCUWhWhk9LUE7gCvAfrdazCUcKmLJ2jSCHGUk8TYfKG0T6d3spRrVuVnkKRsFu_3_0CfEUPRVNEgGIgft1uI5lJOI_PplPFDWqIZ_jcHRmNfQ5U9V94nEOqHV3MX2Ga5B0ZOu6n43mqSQPp_Qko8vezbjJs3_QaqYBju_vyfy0rwWvRcstKZAukkXTA5OPWnmrpOa-2BtYw7KtI6Gj9qdivleGfB_sbFifKvKt3ePPArGeos2n0f9Wk1UGCXd6S5n50RFVPzkGKn6wvrlqSpvgcgvZ38sG2eRgUWZkBbs0Rg5yAHSN2dxd60F1N-mM2wm8wA50gtMFXz2kj-lajpdjjEEXdCniVX6bpkL-Y6FF_TuYEbycMq5cKPvAVwld1NOFgsrj4QMnhQ9yy3OpWiW70QpUaP0MV1Aohm8NkaG3xd-edYJSVnjpMGcMDx24tGNZ-Hh672vw2_eA2JwG7Tk5y-ooso0bZ2iSGZwfCiVRDgYrRql59HgOFyevGFxKWCAyAIQblqvt15zTrZo7FyZb46NlRe2acaCoKIZp1ni_gLUoJPmMFXxUnsz3Gw8uurMYPhb57PsMUDd9-KCrVqol5_LKDo9ZXptrP-EhwkvyKk6nNIKr6KVr-NmaUhSdo4x-A7csFNLprXglS7pasR71zqdIi5WCcZngg_MXCAx_Op2iI9lkPDqM8KT4gBikWc-duk5XaQhj6iqPacXWdGxyCdRlqr9jQGiqRqfLmaKe3ki9vmTlEHFCrauAKpqJHYnXypov8GEPafPjp_S0xvgG97fRfSf5xxzDGlELaWHJ3eo9cSZVfkRo_aa8Cv_IEWiTH51kE7nn4g5kjsBoj1g9UNa1qyAkhdFW59DTofXCzg5w4f6OLMqx2EkK89QzJGaFd1658cNwLbmj3CM991uBLSm7QY8M0t7dCGjcYIjqKqf6eMg4Q14GSwD--yULLtQNKuVjBUB_eOhG0MLpnvLa-qfYsL4cBPYK-uk8J1xQz16AY9aqevtUGwgqcUAaHzbrfXbk-ERaf3rm8YiMEPwr2QRe-bzbzeJiG5P7ePi64uqsWdcL4N5xL4bdqoz9q4yWZyYxGmCRiy1PJ5EpEbJGR3qpFbxYbi6ihm5oA3Vn19wfJs6574EFB6WksScX61iOPr6gaKB7cYjuGOpMgB39dN1nfMnF4QE4TIVRv4mcPRwbTq7VTTNflWhltUg_SsZ_OQrIJfk5ZIg6P5bBleqZecs9jjlwno9hNtzVMJekj_zQ1fvFHmpxCfyWFrDFX7IIKfTV2DvIS7VM4fcqZMNvcCbcjSbSDt1BbRWVrsk1VNHYnG0m8b-dZLoKSroDvaBLd0w48L5W9bctVo889IXRCYzzlrn7rzBWeaJLMcjv0OLN3NzDIZyfIB-DHhSDgtFXj4LA0UFyzDj_vxOfWjBvbtBXVBgKsWNyp4dN-fDtG1rp2Rshr5Rf485sRvRPomeF-o2fxpY9z6TtUvzuROXOhcT1Hw1ikwl6nKGLz65wtUpQo6NIOZ0S4TI9tGG-dIKZhGS2agxCSJ2pmsWsllP5bYcBPzZmh6sOvca05mZjfQ41qVbm7-fYajaOO3m_osp57zisPblhwFvOdobnTxWi0N1ozWNIsQHyB4xvcOE5tKdu2vMkSyFmIWLbtK3QACHLc4y8i4DfW4b7qn7DaWhvlwhgjbugpSftiDKcTq_oCAHmlHzJzQVqguRKkGVG4A_E4L51kK53JOe0hWXbJgUlnNJkJ-htQ8YBM2VStO4j91wIhzBC1mARkLiK-lJKcs2Cox5pHGhZjzpuED6oJMKJI0szKJWUBpTJkWAu97IKQUvRnMlRkSSjxrTR-jkIX--yP7_IHDP_n9s6-jGkC5-vCwwPnOpOeD52VelMSxHq7Ru77uNdhTXaAgjGNNHKnUeG_GA1XWpoIgebkN0iE6cz3VrJzzUF6D_Nrzf80wgJY8f5NDHlBkdEvuoyLMfwrfp0UDpQV3ZDrVLXt0Y4rZMBfRvW0Tb4y6FDuMpVN2wrOsoFwbeFZOrjLUqTBC7Gud4h4mi.f2pTqHcL359U_0ayC54wlw,Console Home | Console Home | us-east-1,2025-11-25 06:48:34
https://us-east-1.console.aws.amazon.com/console/home?region=us-east-1#,Console Home | Console Home | us-east-1,2025-11-25 06:48:34
https://us-east-1.signin.aws.amazon.com/federation?Action=login&Issuer=https%3A%2F%2Faws.amazon.com%2F&Destination=https%3A%2F%2Fus-east-1.console.aws.amazon.com%2Fconsole%2Fhome%3Fregion%3Dus-east-1&SigninToken=qiGjNc0lfJkCaK5i3F5tYZfKyRYI7BbJ4Kes6RGofETdnWmMbWnKq6pqlCP4PFVthnptE64GL7RKAH0n7pkl5fw1GGEz4vM1QztutvX4wnT-k5Awny3ZxcGaTkrGEBbn0XnrpSFgAERxo87oGyGQrQMxUAf53TPHKIXNU7LnkWuq2mFHWg9rVvXX_MHchD7j4mkhiGB4NlaSmr4z_Zbvpb4Mz7mOqvDp18l-jvXQr20fj1qNUGeQk4fJI5xobC5Fuk9tysgUkDwPDz6oKCisdCVC9Qy1qBNAfiLFBl3sdT1mD-xlDmlquTAKXAEVAOjDlZnvQEl4zwV_q7vURXVmEw89lEA3NUifAMNG8B5rOW-bHQKxyNqqO5nyYZQv97f5yqW5ISkdWts_9cv4G2yzPldL5HmvkEiK-crimuXGVz-gYHM7cxzQmgG5c7JkSV2MW7la-Aw0OUylSkviz4CKifG27z_7vVaqc6kNCSXTOrVLuGmRge6Cp4ItpE4xaVRfE0KWA4eXzM7G7JE3hWkZNf7fw7P-qrNydNQGRkVVpk98XYwT3KGh67DJr7xVY7yYQTIuUL5i_qJmnJstu7jl3ueHLA_cFj-ATbxd4rQIa_u0hy_QsqiAFCcbFP1lrM24ghQ2HXxyAhA00qssN1-yf79NnEoMYFNKUAGPdBbsw1mkzq9aA_3ZhtK2IZDuQ4DkEojuVeEGaKgCD8YPnyg_j_REa78EcXW5CILrCWjkNOi6NDAZk8TKc_0DcK3BOju2wGsPDx4UVid-tOE-GAjV8b2oonkB6zSRu7U7Rj4_cdklfwtzSBEBV5s8yq51FagowlYCze7FQEu-qWMFqhXccDjWo26WDSCxwXaAmtCJtCs1rSfevuTav18C6c50g_54v-bbY_Ei9aC0H1Ax6z0OuNp2YhQrcxr7gLkpEug-De8132p_EewIzzma7l5BjaYq9Jecy_hHtGrhyCuRiqi8pXNr6sDo_3e06OOGgigs4ek3uREkU3BglcCKZKjWTXuG2jgQ_yJMANRkldmCP7fgqZkyweix80gSUwkKrPQG0amSp8QOcnKKCMRlK3GXKoOLAdSJdTpVJTbARUVyAsCRj4JeQyGwLGCbxzW4kfAP1MAWQKpTMm-TTY4T0CMQLy-p1FRCVqGzyiqdUgkrMpxrsq1JtjNjBcW8fEeV0p5ThBlybouH3OsU6rXkd6qZcW6J9V_Hqyq2_Km3HUzuu6NdlLPs5C1Tz3iGMoFszrqFblHUPaEV00Hww0LNJTmS7mq0XelAyoSKdnLmT40VFS5GpsTRvm7Wq-kWtP7O2hmrLKKDycGS0kXlRyNHlwrADNhwocA5hlBCX6ahJrLP6JUA8ZVkGYJqnmJ_hME8fxitVczz3qEgbhUf4uxnDXv2eTc15k2CqMt7FIlHU5L899NDmSBPL0C0sFRTvVcFAkl8midtE7eXs7wcS07pSt3EX_wvMcVY2LtVI0gbfl6JMg22I0KUMACh52rwoA9XDn4I24OfEg_DIZ10RJEPNPwpNBIKK2CbVcRfrZrY9o-62czCp2FMG7VHVL4Bjd_YBUc_eJuEF728R1Ncm7tM52wOIF2r9fNqXbbYjR0s2HCixKeKKJy6y5Fmn1w7HlLFMH9-c6XDCfiEC9Uj59LmrLIPvcZQRFQIaW5xE2LfjZBDo1rAC0pWcYxNf8RHxtVgf9SU3V4G8VQ08MLxRtFxfKXNb9ew_dI0Ylm1soZ52VuQoTTTwu0C8eB0ibM45dYi-SKDvHrGEvN-v_b0EXJjLb1bTFOiUOmBYXWuCOQrywOn3sRiWEF-L95W7fCTKJEoiYpLr58nEmrjDmKPKoExIapNnc5Ri2BaKh_OGIy2QMRs8kGRi5grgaJ0vVcuhg46tj_miAAvjXhSEX1jNiNOL0M7WLB9E7nZwvvOHgWQ2pw_ndn4HkMQVGblRbL1MLWppjwtAu7FjpOVV0g48szTmBDjF1hN_06rsDwa8hz0sBfiZQjSEL8DnizX,Console Home | Console Home | us-east-1,2025-11-25 06:48:33
https://us-east-1.console.aws.amazon.com/console/home?region=us-east-1,Console Home | Console Home | us-east-1,2025-11-25 06:48:33
https://cpe.escaperoom.skillbuilder.aws/callback,cpe.escaperoom.skillbuilder.aws/callback?code=77c50de8-a2ee-42a8-b53e-826c99c6fb78&state=yrbWX6GtvvKNVrvB5XSLH6hgRvAlVWJT-7b2270617468223a222f227d,2025-11-25 06:33:19
https://cpe.escaperoom.skillbuilder.aws/,Escape Room - Cloud Practitioner,2025-11-25 06:33:19
https://us-east-1.auth.skillbuilder.aws/oauth2/authorize?redirect_uri=https%3A%2F%2Fcpe.escaperoom.skillbuilder.aws%2Fcallback&response_type=code&client_id=rmhqlpjqljj6s26h76tvte0h9&scope=openid&state=yrbWX6GtvvKNVrvB5XSLH6hgRvAlVWJT-7b2270617468223a222f227d&code_challenge=M3V_e5sl_5XPDantXKfCOEJhkNtz1yNTbkCzjzH29XA&code_challenge_method=S256&identity_provider=AWSBuilderID,,2025-11-25 06:33:18
https://cpe.escaperoom.skillbuilder.aws/callback?code=77c50de8-a2ee-42a8-b53e-826c99c6fb78&state=yrbWX6GtvvKNVrvB5XSLH6hgRvAlVWJT-7b2270617468223a222f227d,,2025-11-25 06:33:18
https://login.us-east-1.auth.skillbuilder.aws/login/response,Sign in,2025-11-25 06:33:16
https://login.us-east-1.auth.skillbuilder.aws/login?redirect_uri=https%3A%2F%2Fcpe.escaperoom.skillbuilder.aws%2Fcallback&response_type=code&client_id=rmhqlpjqljj6s26h76tvte0h9&scope=openid&state=yrbWX6GtvvKNVrvB5XSLH6hgRvAlVWJT-7b2270617468223a222f227d&code_challenge=M3V_e5sl_5XPDantXKfCOEJhkNtz1yNTbkCzjzH29XA&code_challenge_method=S256,Sign in,2025-11-25 06:33:16
https://oidc.us-east-1.amazonaws.com/authorize?authorization_resumption_context=AAAADmtleS0xNTY0MDI4MDc4EgTbv42WcnX9BkBdOF1LPb2Iee8GeLhhQKeZt_2-Tx6-1KG5exGKNeV8BlwRP8olnNdTdrRtZn8FCWAib-06WsnXm_8LZkymuKB1-cHZFHCxAHLYvveNm0qeW3P3LMD3FUDWXz8kWL8tbRC7jygaytinZCYY8J3dqVM4VAE5ZnSSSlHhwudd_sqnaC4GXjtJd8EZIBuDSAnIuyiwFDKFwv_2DsKNgwpcntTpruKPgc8ynIAiC_PKpGISTrzonQ2cQaUcvF_UBB5hUdqSpf4cjzrOuyeQZynUCR-7YrlW3c5Kdy3sGEhFUdk70beEGLHaidfxk5JIZHanSjSwPSzwuRHwPYZ0ffEwia9HDmKKKUiHGfKb6aqFsfMIzVE12m7pnPC3XWS4a6bcfIIWDNb7MVRMAwOlmaWTry-MfC_ab8Uag0qIz1MMt2Na1xmrI-0fA3VMZPkLjbi3zJwnldm4X04Z8yPjEPNKwbQutjLoIVtgRqOznQ8mj69DQuqLOb_B1jaPw_STTMi_u9jYMHqZ-0frgyywBh7gB994aqmqrulNokzF5FMgWMxcJvLJIAbGP9R5d5Jm2KeFOiNga8X5GbAdHNngr6llx7cYeP57DA4ZPdO2ZvdT4QP78cGUYNHbC56F62kzwiioxF_BZlYmmERqwwA_t6WpwMfmzht3VqM82YNGGMGX-C7nbxtZ0GQNw8w04XjiYyq1zrv0QoyzVYg1WS4SC80feI3HYcsOU14j4hDx7__U2KxdLTsLOtRyQJMn95BH4nPvuWY8Q5lLk-r1mXRpjBhGQJ9ghmQVyXLB3PsBY8B1uAP2kedRZH3Q5md6FLE-NdqcLVPSaCr2-0pjKi-zTvemeH1ojsVT60e9-vjae4FjB3Fh7I_0aS9TrJies3kTo9jpdC3KK_qGMfsgq75ACPabNEZxj1EprmHA4ceB-qfsUH5flsCCekjsNP-UhC5RPhQ_SHmFJtTytKuA0OitmU2MBmD9_wbUpRiJhe9tvJhOCN4jgHXoKpevOC1cAtej-iGk157tL0lRaYZKuXMqAPCJuk3RZgE55qDWDk4nZgPoWrNA9PmtzihBW9ylu39Dk7n56R-apbko6y7_oshUdIW5dfirvDa-R-fAw6UEvaLcuyOYuIkbCkJM-rU9oGrIY4W3d5ZqWA3XNaKKTYgnjhNF0cWCP_6CAszkLAtUw_lmqYQcZjRM-prFMo1I-HJEl28BB9W1BqaEl8WLKCWgx5h6Gksx1EyVK-CRrZtzWLxy6nmoJ1vNRqvqH7U79UnhYp-ipGyqMN1LWPQTjpSkAo8i-NmOZe1e4QYdg-p9JKQ8ulDUU4NxBGSSdvLg3Hsa8yDInlAro8nbovLUJcXD9L-4RHBBZLpyYjxmGIsnWhCR0s2yRjCW7qR_IGcj4o15GBRHjdk18PLklSoqTQboLL1GT30IRU3xqY5XnEtPZQGzN4B4upkRjKuvaBWoybRN4-aH6VhlBeDJiu0RzlD7SW71cXZtWZuItIpAcy5VHB01dhi54KIBIpjNExt-ddYYeChB7LiFImHxB_RfG1TIXScGk3O7AO4HOZ-Y12RnYy3SgVqjLJO8qskX9Aa7i5GH6dRMN8FfQCzpO7kIn21XlMGt5MoWHsAvn4Pr-j89r4LcLC88b7OpMISX8XU4K1hWDxN1Av3GH8CGJ8bISORoPv2Hxh0U8Lm9J6TdZpadB2l5x_PzukkCOx3Qc8BAdtaU9vbKUPH9_tT3jaAxXQqo7i0_py85aS80wFzaKpvLyIynx9UhGFylZZAiO7yGkfCTkj6i2wxtkR46nOu8G6XiuFAx6XfBiCBoDf2vGExvAGfrp9bCPd306hFrPDhNESVgK2BmtPQoNSwn-6fmsDRlSyQM5hT7KYSUiKc3SX6kb0ADSp_phqY6glxXMOFR9EW6rroRherbo0CrJVhyupMNxmyFy0n--rkdue_pqi_dzMMJK3jjUlma0DS_Ue3mVdMaAUK2enimA2ztZ0hR0rbqXhshWhXZISmYVd_J4zxVtPzRRl0TjHoI8nmCpia_efpJ6LF7GXj0Hjobk-AtYvlGzuZlFqks5ykf7goBn70JQvx4Pig2r5JT5YcB6N6at2CcnnNdL1VHkKeqB4iQkJFpt1aRb9DHNV0PfDBI1VcNcjzG7pwDwnGAtS-2plEvplvek46UEp9G-TqDcXVQBdnQky286DBrBgSLxoxGFNTOIeni-1P-kaVNgBk9zy3Q6wHQnX_a2_BzaTn4VV9qu9tdXD1OfQ96zgm82FEy7TcNewhMBHLpakOqxWgfJ3_9L3B9ZP2e9Qx4mWxlGx-41pQLzBdtie9rcW9jMa7KyUbG_MP8_EZ6_YbHJH0rKJk8WqlxJBpjiACrhwFbYOOwBDhNC3uiOEKDL0-7FaKhIEkm9UaHjz81hclz03WyH_7UclvLDDhPztEl-EPBvMZnWCmtbvJ-H5vzubxWPgHF7CN_fn1hyz8WF4NTqPj0XWrpFUz9FMgAJ_zvp2iIxCJPqU9F5vWIXVZTbPwnU1Ixhc4vsK94zWACGT8GCdDccCV7l01uwZVqMC86lzyqsqdCi9yPF2Sz4DCu1uAuUMWjFDAeXlAkLIKHIkUGE6kwNzrW0qGcc1qxlvPkIs_1bYSqsSW11woc-3_FAySqt-oIyqBERBfvBqzaCH8lcaJg4ojIKq4i_chLXJIMnRsAG96Nw4QYUgEdaAseRcYKv96NnCR1fJnCnVi5Dw07F6L3vr8k47XBTLX2Zax9_Egt7rvqc86Ujf_w1MiPDnHRlmXpUdiLuWRKukw4_8pbB4Iky7ci7w_CbEQIEej0GWu4g88luAtNTlCVmJPEZG0cUn4RKzTlzd6CVWu0utLf_bEKGht9x35z-LuE18G_QhYjq9_THY4gMvydDANhCOzLLw7hLs1JelC1ZRy9xgPQE3v3wuKqDKWeWjDRqObUhP28zG_8puGvfcRaeMOKoPlf5afycJEII_i7xgSlaisi43Cyv4OuWM-_AhTPcJ62css7NH6uiL7jlJzxpHoU9SljaivJMNE-mGMeyScMkSREc4So2nijsf2MhHipYfSGOSKLD7SggDZoUIubczscFtFFV_HCbj4ri6JamVBrFLmuCjr55GBkulMFuD3boRI8d8FqR-xXPRD5YHIGVNxts5-_wS7vvISqqPEgXse3RJNL4IT_IcfnBIKotwEw56FuYGf65rZn_2M18_kt6KYpmUXrQFSbK6kJMhUXNRczWss_uC9RfANdr82a7QHkq6m1apq5quPAE-8,Sign in,2025-11-25 06:33:15
https://us-east-1.bid.auth.aws.training/oidc/getResponseUrl?code=eyJraWQiOiJrZXktMTU2NDAyODA3OCIsImFsZyI6IkhTMzg0In0.eyJwbGFpbnRleHQiOiJQUHAwNTIzNHVTbFdlU3MyaVY2eEdKZElMMHV0eDZvNTVkZXB2ejFGbWRRIiwiZXhwIjoxNzY0MDUyNjk0LCJ0eXBlIjoiYXV0aENvZGUifQ.Hn_ax88UD9WzDTWSr_JZ5obr7XTpLoeUajVQ8LDaigTxXcpTFLJv5gvuNFsDbctP&state=QUFBQURtdGxlUzB4TlRZNE9UVTFNekEzUUJhSEtLbHZWTmltQ04xX1dzUnJqd3JhcHN4dlZlVzdtaHFKajZKaFNNRTQySlBlRkZ3RGNxNXZoX1ZMSHFBcGd4eUs1V1hoNXRsemRQdnRleUVGWHgwOVpUQjhqZ05OOU9Rc2Z4bTlkY1ByaDAtWXlOd1JCZXBxYy1oX2JMTEFYaW5tWE5OTU1xSVNpZUhweTVPMDZuMDdDcWlYR05mN0lIOGc5TDlzWkEwOThFNElseVJwMjZKSFdFTk0yZTBJM1FsUTRBQmlnOXdPaGRBcjJtQTBIN3ozUFktQ1Y2RVMxSDItT0xRNjlFWHM2SnhYZkRjdEZsX3Z5Mnc,Sign in,2025-11-25 06:33:15
https://us-east-1.auth.skillbuilder.aws/oauth2/idpresponse?code=5ba27a4e-334e-4412-9482-01a38d2709ee&state=H4sIAAAAAAAAAG2RXY-aQBSG_8tcOwrzhXinuApqsX6B2GzIAIOgFJABXW363zubTZpe9O7JOe95ZpL3F-BgBDoJBZct1MNlfJy7bbENQA9EajP2d5MuLxLROFM1itWIFrWUpLlWrWxQRksZl5xolzbNVSBRgaxtazkaDIrqnJf9v-4-79qsL695UURfyj5_yK_UoBGyrkoplEIoRVwln5gqXDtTS-EZjH6AqhZlnoD3HsjU5uD5QXnXZ-VudVmiAyqceTHOHTRfl7vI6VyIIhJTSlKsY0oRY1inBkMkxpQwEhsmijCmmkFZxAyc4EQ9kytvHjvp1LNf_JUN9yfrKZI2KYll1w934_uou5uwzbfGUOiVurioix2iTOFV4QxOa1_y8fRemtbaTxfDcGk37Im7RLP5bMte9Bi1fB4HaXkMoTeTi4A9EGa2uzLOPF3dOr7dePe9szh_d72PIAzDk_xmj9Hx9JE93mLHEWMn9VtTh34jLE0EZjS7uZ3lTEyIXwvNtjPbSF4dfq6WsprD_c1OJvpmsyi2zPaw2xAfv5Vse1A_Lv4t__8FqdRPMNINRjSKsKn3QA1GKS-k6IHmsypNIzQyODR4mkJCtAiaqeCQREOTcKpxgg3luKv-3n__AULUEWFvAgAA.H4sIAAAAAAAAAAEgAN__ABmi6JSUyxoSq3F0yVHF_pCt8pjjr6OzEQXfLeoLrVK1rCQSIAAAAA.4,Sign in,2025-11-25 06:33:15
https://login.us-east-1.auth.skillbuilder.aws/login/response?code=f5f192cf-0776-427f-b595-ad8588c4962e&state=UVWYnv1FnSLjK2U2lIGlAiI2GOnSbIuN-2b4c554f313552663157624c35464c792b3350756b673d3d,Sign in,2025-11-25 06:33:15
https://us-east-1.auth.skillbuilder.aws/oauth2/authorize?redirect_uri=https%3A%2F%2Flogin.us-east-1.auth.skillbuilder.aws%2Flogin%2Fresponse&response_type=code&client_id=5lpss4rkotsr2h5nscna40jtfi&identity_provider=AWSBuilderID&scope=openid&state=UVWYnv1FnSLjK2U2lIGlAiI2GOnSbIuN-2b4c554f313552663157624c35464c792b3350756b673d3d&code_challenge=icIfDVHzazh8TZCyedtdn4CHpwNQWW2uv9-tiR78e1o&code_challenge_method=S256,AWS access portal,2025-11-25 06:33:13
https://us-east-1.bid.auth.aws.training/oidc/authorize?client_id=gandalf&redirect_uri=https%3A%2F%2Fus-east-1.auth.skillbuilder.aws%2Foauth2%2Fidpresponse&scope=openid+profile+email&response_type=code&state=H4sIAAAAAAAAAG2RXY-aQBSG_8tcOwrzhXinuApqsX6B2GzIAIOgFJABXW363zubTZpe9O7JOe95ZpL3F-BgBDoJBZct1MNlfJy7bbENQA9EajP2d5MuLxLROFM1itWIFrWUpLlWrWxQRksZl5xolzbNVSBRgaxtazkaDIrqnJf9v-4-79qsL695UURfyj5_yK_UoBGyrkoplEIoRVwln5gqXDtTS-EZjH6AqhZlnoD3HsjU5uD5QXnXZ-VudVmiAyqceTHOHTRfl7vI6VyIIhJTSlKsY0oRY1inBkMkxpQwEhsmijCmmkFZxAyc4EQ9kytvHjvp1LNf_JUN9yfrKZI2KYll1w934_uou5uwzbfGUOiVurioix2iTOFV4QxOa1_y8fRemtbaTxfDcGk37Im7RLP5bMte9Bi1fB4HaXkMoTeTi4A9EGa2uzLOPF3dOr7dePe9szh_d72PIAzDk_xmj9Hx9JE93mLHEWMn9VtTh34jLE0EZjS7uZ3lTEyIXwvNtjPbSF4dfq6WsprD_c1OJvpmsyi2zPaw2xAfv5Vse1A_Lv4t__8FqdRPMNINRjSKsKn3QA1GKS-k6IHmsypNIzQyODR4mkJCtAiaqeCQREOTcKpxgg3luKv-3n__AULUEWFvAgAA.H4sIAAAAAAAAAAEgAN__ABmi6JSUyxoSq3F0yVHF_pCt8pjjr6OzEQXfLeoLrVK1rCQSIAAAAA.4,AWS access portal,2025-11-25 06:33:13
https://oidc.us-east-1.amazonaws.com/authorize?client_id=xTfQ_8JYdQ2Nw7IUC16bsnVzLWVhc3QtMQ&redirect_uri=https%3A%2F%2Fus-east-1.bid.auth.aws.training%2Foidc%2FgetResponseUrl&response_type=code&state=QUFBQURtdGxlUzB4TlRZNE9UVTFNekEzUUJhSEtLbHZWTmltQ04xX1dzUnJqd3JhcHN4dlZlVzdtaHFKajZKaFNNRTQySlBlRkZ3RGNxNXZoX1ZMSHFBcGd4eUs1V1hoNXRsemRQdnRleUVGWHgwOVpUQjhqZ05OOU9Rc2Z4bTlkY1ByaDAtWXlOd1JCZXBxYy1oX2JMTEFYaW5tWE5OTU1xSVNpZUhweTVPMDZuMDdDcWlYR05mN0lIOGc5TDlzWkEwOThFNElseVJwMjZKSFdFTk0yZTBJM1FsUTRBQmlnOXdPaGRBcjJtQTBIN3ozUFktQ1Y2RVMxSDItT0xRNjlFWHM2SnhYZkRjdEZsX3Z5Mnc,AWS access portal,2025-11-25 06:33:13
https://view.awsapps.com/start/?callback_url=https%3A%2F%2Foidc.us-east-1.amazonaws.com%2Fauthentication_result&orchestrator_id=AAAADmtleS0xNTY0MDI4MDc4Nn7jpTZRgHgNxylKoOfEs-qcSzjQd1UUvlO8S6kyrkTYGkaLTTVU60gYOV8k_oIC9mll6MNXp5nYnONQHIprIEQBEdmd918xQUkiJeMUg_HnmqdFEpk6zHoumq4Wk_ZjPkpbF3BLMaoCJ03cAd7rb6jAt0i7vMRHd9ZnjbLtqX1vew3J0YaeF_cZB7i86QY3-Nk1QsFZa7neibFB6Tf3eA2yh6QN-1oBPJFDwOh5yVkNV0I0tKKwusX8n0bZ4LbpR4a7yFQG7K8CMyMuNflhGyzvE0dpQiyTQYGnGwTO858z60elIgpIZNbnoSZqn34bizrUU3iAv17ZjpZjdq5gIdjEZwHb-SfIvMvzcVYMbT1-svQdz4Pbc82bHmjUZxr6buZlnW0GtlhynBL4C0txDAnPT5r2vJzw-rnqAYJ1-7_OrIkkftwiPZhY9uzAmoHFtrLJ7Ro9iG0wKfmqml4FSNJPk7ImYwQRtjZfZ1sOtZ1QLSZ0QuHTRw2gCHRVjWxd2dRoSrgq7VbxBjMgisNzxDNFdKJEXOsneDnj7axIsnCMvwbwWdSrLkDo6XT8NQEOYunoqdZwsXWdTuMFJg07UUZxfsQOp620qIJtEsaxZxOLkf_7eFHmLbRvePdi0fafjAxqOjBqHpleqNpwFKa3iiws8GW2VU9OTW-E0mfA3248HmWYBp8eo-CeaENf_TtXAmw3YczbLaiRIWVjaf9kzTtVfkVbYCarKQcP9MzmVyfq0_Z0hj5j7YwBJ3QBcZgxO9FbETmr5zX_07shtnIGX6Qysl-qV0hby6XwRNX7DMpUIIsRfD9om0mBaPOoKEHbZAKFDqpj--kWWcpT2GqUHVkOnLXRr6GTOXypC4x-tLYOcLbsHz6PzgizJZbGoOS1xdj_ArYMWhuQYoxfrdRLPKSzPrOm6UJUgcNBUl2U5oua_-94o9CP3YBZG0FG_tGX4WKGndbEtBQUjw-vhbp1jYlQkP36SHPiyO5ookxR6TucP-uZqycGSkA_GZO_q9UvFZ7PYZYQGFQTw4TSo5g8b3GFVFaBGRFsx6sAasyl,AWS access portal,2025-11-25 06:33:13
https://view.awsapps.com/start/#/?callback_url=https%3A%2F%2Foidc.us-east-1.amazonaws.com%2Fauthentication_result&orchestrator_id=AAAADmtleS0xNTY0MDI4MDc4Nn7jpTZRgHgNxylKoOfEs-qcSzjQd1UUvlO8S6kyrkTYGkaLTTVU60gYOV8k_oIC9mll6MNXp5nYnONQHIprIEQBEdmd918xQUkiJeMUg_HnmqdFEpk6zHoumq4Wk_ZjPkpbF3BLMaoCJ03cAd7rb6jAt0i7vMRHd9ZnjbLtqX1vew3J0YaeF_cZB7i86QY3-Nk1QsFZa7neibFB6Tf3eA2yh6QN-1oBPJFDwOh5yVkNV0I0tKKwusX8n0bZ4LbpR4a7yFQG7K8CMyMuNflhGyzvE0dpQiyTQYGnGwTO858z60elIgpIZNbnoSZqn34bizrUU3iAv17ZjpZjdq5gIdjEZwHb-SfIvMvzcVYMbT1-svQdz4Pbc82bHmjUZxr6buZlnW0GtlhynBL4C0txDAnPT5r2vJzw-rnqAYJ1-7_OrIkkftwiPZhY9uzAmoHFtrLJ7Ro9iG0wKfmqml4FSNJPk7ImYwQRtjZfZ1sOtZ1QLSZ0QuHTRw2gCHRVjWxd2dRoSrgq7VbxBjMgisNzxDNFdKJEXOsneDnj7axIsnCMvwbwWdSrLkDo6XT8NQEOYunoqdZwsXWdTuMFJg07UUZxfsQOp620qIJtEsaxZxOLkf_7eFHmLbRvePdi0fafjAxqOjBqHpleqNpwFKa3iiws8GW2VU9OTW-E0mfA3248HmWYBp8eo-CeaENf_TtXAmw3YczbLaiRIWVjaf9kzTtVfkVbYCarKQcP9MzmVyfq0_Z0hj5j7YwBJ3QBcZgxO9FbETmr5zX_07shtnIGX6Qysl-qV0hby6XwRNX7DMpUIIsRfD9om0mBaPOoKEHbZAKFDqpj--kWWcpT2GqUHVkOnLXRr6GTOXypC4x-tLYOcLbsHz6PzgizJZbGoOS1xdj_ArYMWhuQYoxfrdRLPKSzPrOm6UJUgcNBUl2U5oua_-94o9CP3YBZG0FG_tGX4WKGndbEtBQUjw-vhbp1jYlQkP36SHPiyO5ookxR6TucP-uZqycGSkA_GZO_q9UvFZ7PYZYQGFQTw4TSo5g8b3GFVFaBGRFsx6sAasyl,AWS access portal,2025-11-25 06:33:13
https://cpe.escaperoom.skillbuilder.aws/,Escape Room - Cloud Practitioner,2025-11-25 06:33:07
https://login.us-east-1.auth.skillbuilder.aws/login?redirect_uri=https%3A%2F%2Fcpe.escaperoom.skillbuilder.aws%2Fcallback&response_type=code&client_id=rmhqlpjqljj6s26h76tvte0h9&identity_provider=COGNITO&scope=openid&state=yrbWX6GtvvKNVrvB5XSLH6hgRvAlVWJT-7b2270617468223a222f227d&code_challenge=M3V_e5sl_5XPDantXKfCOEJhkNtz1yNTbkCzjzH29XA&code_challenge_method=S256,Sign in,2025-11-25 06:33:07
https://skillbuilder.aws/learn/5GRU5D1264/aws-escape-room-exam-prep-for-aws-certified-cloud-practitioner-clfc02/GR8M397UAU?parentId=1J2VTQSGU2,AWS Skill Builder,2025-11-25 06:32:51
https://skillbuilder.aws/learning-plan/8UUCEZGNX4/exam-prep-plan-aws-certified-cloud-practitioner-clfc02--english/1J2VTQSGU2,AWS Skill Builder,2025-11-25 06:32:16
https://skillbuilder.aws/learn,AWS Skill Builder,2025-11-25 06:32:08
https://skillbuilder.aws/,AWS Skill Builder,2025-11-25 06:32:05
https://awscertificationpractice.benchprep.com/app/aws-certified-cloud-practitioner-official-practice-exam-clf-c02?locale=en-us#exams/details/209223,Product Details | AWS BenchPrep,2025-11-25 06:31:56
https://awscertificationpractice.benchprep.com/app/aws-certified-cloud-practitioner-official-practice-exam-clf-c02?locale=en-us#exams/details/209223,Product Details | AWS BenchPrep,2025-11-25 06:31:45
https://awscertificationpractice.benchprep.com/app/aws-certified-cloud-practitioner-official-practice-exam-clf-c02?locale=en-us#exams/take_section/66003,AWS BenchPrep,2025-11-25 06:20:08
https://awscertificationpractice.benchprep.com/app/aws-certified-cloud-practitioner-official-practice-exam-clf-c02?locale=en-us#exams/take_section/66003,AWS BenchPrep,2025-11-25 06:19:35
https://awscertificationpractice.benchprep.com/app/aws-certified-cloud-practitioner-official-practice-exam-clf-c02?locale=en-us#exams/take_full/209223,AWS BenchPrep,2025-11-25 06:19:33
https://awscertificationpractice.benchprep.com/app/aws-certified-cloud-practitioner-official-practice-exam-clf-c02?locale=en-us#exams/details/209223,Product Details | AWS BenchPrep,2025-11-25 06:19:26
https://awscertificationpractice.benchprep.com/app/aws-certified-cloud-practitioner-official-practice-exam-clf-c02?locale=en-us#exams/details/exam_section/66003,Product Details | AWS BenchPrep,2025-11-25 06:19:19
https://awscertificationpractice.benchprep.com/app/aws-certified-cloud-practitioner-official-practice-exam-clf-c02?locale=en-us#exams/321860752/exam_sections/66003/14848183,AWS BenchPrep,2025-11-25 06:19:02
https://awscertificationpractice.benchprep.com/app/aws-certified-cloud-practitioner-official-practice-exam-clf-c02?locale=en-us#exams/321860752/exam_sections/66003/14848303,AWS BenchPrep,2025-11-25 06:19:00
https://awscertificationpractice.benchprep.com/app/aws-certified-cloud-practitioner-official-practice-exam-clf-c02?locale=en-us#exams/321860752/exam_sections/66003/14848313,AWS BenchPrep,2025-11-25 06:18:59
https://awscertificationpractice.benchprep.com/app/aws-certified-cloud-practitioner-official-practice-exam-clf-c02?locale=en-us#exams/321860752/exam_sections/66003/14848513,AWS BenchPrep,2025-11-25 06:18:58
https://www.google.com/search?q=what+is+rightsizing&rlz=1C1AVFC_enUS1164US1164&oq=what+is+rightsizing&gs_lcrp=EgZjaHJvbWUyDggAEEUYORhGGPkBGIAEMgcIARAAGIAEMgcIAhAAGIAEMgcIAxAAGIAEMgcIBBAAGIAEMgcIBRAAGIAEMgcIBhAAGIAEMgcIBxAAGIAEMggICBAAGBYYHjIICAkQABgWGB7SAQgyNDQ1ajBqN6gCALACAA&sourceid=chrome&ie=UTF-8,what is rightsizing - Google Search,2025-11-25 06:18:33
https://awscertificationpractice.benchprep.com/app/aws-certified-cloud-practitioner-official-practice-exam-clf-c02?locale=en-us#exams/321860752/exam_sections/66003/14848053,AWS BenchPrep,2025-11-25 06:18:11
https://awscertificationpractice.benchprep.com/app/aws-certified-cloud-practitioner-official-practice-exam-clf-c02?locale=en-us#exams/321860752/exam_sections/66003/14848053,AWS BenchPrep,2025-11-25 06:18:10
https://awscertificationpractice.benchprep.com/app/aws-certified-cloud-practitioner-official-practice-exam-clf-c02?locale=en-us#exams/321860752/exam_sections/66003/14848283,AWS BenchPrep,2025-11-25 06:18:10
https://awscertificationpractice.benchprep.com/app/aws-certified-cloud-practitioner-official-practice-exam-clf-c02?locale=en-us#exams/details/exam_section/66003,Product Details | AWS BenchPrep,2025-11-25 06:17:58
https://awscertificationpractice.benchprep.com/app/aws-certified-cloud-practitioner-official-practice-exam-clf-c02?locale=en-us#exams/321860752/exam_sections/66003/14848383,AWS BenchPrep,2025-11-25 06:17:42
https://awscertificationpractice.benchprep.com/app/aws-certified-cloud-practitioner-official-practice-exam-clf-c02?locale=en-us#exams/321860752/exam_sections/66003/14848283,AWS BenchPrep,2025-11-25 06:17:42
https://awscertificationpractice.benchprep.com/app/aws-certified-cloud-practitioner-official-practice-exam-clf-c02?locale=en-us#exams/321860752/exam_sections/66003/14848383,AWS BenchPrep,2025-11-25 06:17:42
https://awscertificationpractice.benchprep.com/app/aws-certified-cloud-practitioner-official-practice-exam-clf-c02?locale=en-us#exams/details/exam_section/66003,Product Details | AWS BenchPrep,2025-11-25 06:17:30
https://docs.aws.amazon.com/wellarchitected/latest/framework/welcome.html,AWS Well-Architected Framework - AWS Well-Architected Framework,2025-11-25 06:17:28
https://awscertificationpractice.benchprep.com/app/aws-certified-cloud-practitioner-official-practice-exam-clf-c02?locale=en-us#exams/321860752/exam_sections/66003/14848123,AWS BenchPrep,2025-11-25 06:17:01
https://awscertificationpractice.benchprep.com/app/aws-certified-cloud-practitioner-official-practice-exam-clf-c02?locale=en-us#exams/321860752/exam_sections/66003/14848283,AWS BenchPrep,2025-11-25 06:17:01
https://awscertificationpractice.benchprep.com/app/aws-certified-cloud-practitioner-official-practice-exam-clf-c02?locale=en-us#exams/321860752/exam_sections/66003/14848123,AWS BenchPrep,2025-11-25 06:17:01
https://awscertificationpractice.benchprep.com/app/aws-certified-cloud-practitioner-official-practice-exam-clf-c02?locale=en-us#exams/details/exam_section/66003,Product Details | AWS BenchPrep,2025-11-25 06:16:53
https://awscertificationpractice.benchprep.com/app/aws-certified-cloud-practitioner-official-practice-exam-clf-c02?locale=en-us#exams/321860752/exam_sections/66003/14848563,AWS BenchPrep,2025-11-25 06:16:40
https://awscertificationpractice.benchprep.com/app/aws-certified-cloud-practitioner-official-practice-exam-clf-c02?locale=en-us#exams/321860752/exam_sections/66003/14848283,AWS BenchPrep,2025-11-25 06:16:40
https://awscertificationpractice.benchprep.com/app/aws-certified-cloud-practitioner-official-practice-exam-clf-c02?locale=en-us#exams/321860752/exam_sections/66003/14848563,AWS BenchPrep,2025-11-25 06:16:40
https://awscertificationpractice.benchprep.com/app/aws-certified-cloud-practitioner-official-practice-exam-clf-c02?locale=en-us#exams/details/exam_section/66003,Product Details | AWS BenchPrep,2025-11-25 06:16:29
https://awscertificationpractice.benchprep.com/app/aws-certified-cloud-practitioner-official-practice-exam-clf-c02?locale=en-us#exams/321860752/exam_sections/66003/14848413,AWS BenchPrep,2025-11-25 06:16:25
https://awscertificationpractice.benchprep.com/app/aws-certified-cloud-practitioner-official-practice-exam-clf-c02?locale=en-us#exams/321860752/exam_sections/66003/14848393,AWS BenchPrep,2025-11-25 06:16:05
https://awscertificationpractice.benchprep.com/app/aws-certified-cloud-practitioner-official-practice-exam-clf-c02?locale=en-us#exams/321860752/exam_sections/66003/14848273,AWS BenchPrep,2025-11-25 06:15:54
https://awscertificationpractice.benchprep.com/app/aws-certified-cloud-practitioner-official-practice-exam-clf-c02?locale=en-us#exams/321860752/exam_sections/66003/14848283,AWS BenchPrep,2025-11-25 06:15:54
https://awscertificationpractice.benchprep.com/app/aws-certified-cloud-practitioner-official-practice-exam-clf-c02?locale=en-us#exams/321860752/exam_sections/66003/14848273,AWS BenchPrep,2025-11-25 06:15:54
https://awscertificationpractice.benchprep.com/app/aws-certified-cloud-practitioner-official-practice-exam-clf-c02?locale=en-us#exams/details/exam_section/66003,Product Details | AWS BenchPrep,2025-11-25 06:15:37
https://awscertificationpractice.benchprep.com/app/aws-certified-cloud-practitioner-official-practice-exam-clf-c02?locale=en-us#exams/321860752/exam_sections/66003/14848483,AWS BenchPrep,2025-11-25 06:15:35
https://awscertificationpractice.benchprep.com/app/aws-certified-cloud-practitioner-official-practice-exam-clf-c02?locale=en-us#exams/321860752/exam_sections/66003/14848653,AWS BenchPrep,2025-11-25 06:15:08
https://awscertificationpractice.benchprep.com/app/aws-certified-cloud-practitioner-official-practice-exam-clf-c02?locale=en-us#exams/321860752/exam_sections/66003/14848493,AWS BenchPrep,2025-11-25 06:14:33
https://awscertificationpractice.benchprep.com/app/aws-certified-cloud-practitioner-official-practice-exam-clf-c02?locale=en-us#exams/321860752/exam_sections/66003/14848453,AWS BenchPrep,2025-11-25 06:14:16
https://awscertificationpractice.benchprep.com/app/aws-certified-cloud-practitioner-official-practice-exam-clf-c02?locale=en-us#exams/321860752/exam_sections/66003/14848283,AWS BenchPrep,2025-11-25 06:14:16
https://awscertificationpractice.benchprep.com/app/aws-certified-cloud-practitioner-official-practice-exam-clf-c02?locale=en-us#exams/321860752/exam_sections/66003/14848453,AWS BenchPrep,2025-11-25 06:14:16
https://awscertificationpractice.benchprep.com/app/aws-certified-cloud-practitioner-official-practice-exam-clf-c02?locale=en-us#exams/details/exam_section/66003,Product Details | AWS BenchPrep,2025-11-25 06:14:03
https://awscertificationpractice.benchprep.com/app/aws-certified-cloud-practitioner-official-practice-exam-clf-c02?locale=en-us#exams/321860752/exam_sections/66003/14848333,AWS BenchPrep,2025-11-25 06:13:50
https://awscertificationpractice.benchprep.com/app/aws-certified-cloud-practitioner-official-practice-exam-clf-c02?locale=en-us#exams/321860752/exam_sections/66003/14848283,AWS BenchPrep,2025-11-25 06:13:50
https://awscertificationpractice.benchprep.com/app/aws-certified-cloud-practitioner-official-practice-exam-clf-c02?locale=en-us#exams/321860752/exam_sections/66003/14848333,AWS BenchPrep,2025-11-25 06:13:50
https://awscertificationpractice.benchprep.com/app/aws-certified-cloud-practitioner-official-practice-exam-clf-c02?locale=en-us#exams/details/exam_section/66003,Product Details | AWS BenchPrep,2025-11-25 06:13:40
https://awscertificationpractice.benchprep.com/app/aws-certified-cloud-practitioner-official-practice-exam-clf-c02?locale=en-us#exams/321860752/exam_sections/66003/14848473,AWS BenchPrep,2025-11-25 06:13:11
https://awscertificationpractice.benchprep.com/app/aws-certified-cloud-practitioner-official-practice-exam-clf-c02?locale=en-us#exams/321860752/exam_sections/66003/14848283,AWS BenchPrep,2025-11-25 06:13:11
https://awscertificationpractice.benchprep.com/app/aws-certified-cloud-practitioner-official-practice-exam-clf-c02?locale=en-us#exams/321860752/exam_sections/66003/14848473,AWS BenchPrep,2025-11-25 06:13:11
https://awscertificationpractice.benchprep.com/app/aws-certified-cloud-practitioner-official-practice-exam-clf-c02?locale=en-us#exams/details/exam_section/66003,Product Details | AWS BenchPrep,2025-11-25 06:13:04
https://awscertificationpractice.benchprep.com/app/aws-certified-cloud-practitioner-official-practice-exam-clf-c02?locale=en-us#exams/321860752/exam_sections/66003/14848163,AWS BenchPrep,2025-11-25 06:12:45
https://awscertificationpractice.benchprep.com/app/aws-certified-cloud-practitioner-official-practice-exam-clf-c02?locale=en-us#exams/321860752/exam_sections/66003/14848283,AWS BenchPrep,2025-11-25 06:12:45
https://awscertificationpractice.benchprep.com/app/aws-certified-cloud-practitioner-official-practice-exam-clf-c02?locale=en-us#exams/321860752/exam_sections/66003/14848163,AWS BenchPrep,2025-11-25 06:12:45
https://awscertificationpractice.benchprep.com/app/aws-certified-cloud-practitioner-official-practice-exam-clf-c02?locale=en-us#exams/details/exam_section/66003,Product Details | AWS BenchPrep,2025-11-25 06:12:40
https://awscertificationpractice.benchprep.com/app/aws-certified-cloud-practitioner-official-practice-exam-clf-c02?locale=en-us#exams/details/209223,Product Details | AWS BenchPrep,2025-11-25 06:12:07
https://awscertificationpractice.benchprep.com/app/aws-certified-cloud-practitioner-official-practice-exam-clf-c02?locale=en-us#exams/details/209223,Product Details | AWS BenchPrep,2025-11-25 06:11:50
https://awscertificationpractice.benchprep.com/app/aws-certified-cloud-practitioner-official-practice-exam-clf-c02?locale=en-us#exams/take_section/66003,AWS BenchPrep,2025-11-25 05:50:48
https://awscertificationpractice.benchprep.com/app/aws-certified-cloud-practitioner-official-practice-exam-clf-c02?locale=en-us#exams/take_full/209223,AWS BenchPrep,2025-11-25 05:50:45
https://awscertificationpractice.benchprep.com/app/aws-certified-cloud-practitioner-official-practice-exam-clf-c02?locale=en-us#exams/details/209223,Product Details | AWS BenchPrep,2025-11-25 05:50:44
https://awscertificationpractice.benchprep.com/app/aws-certified-cloud-practitioner-official-practice-exam-clf-c02?locale=en-us#exams,Products Dashboard | AWS BenchPrep,2025-11-25 05:50:40
https://awscertificationpractice.benchprep.com/app/aws-certified-cloud-practitioner-official-practice-exam-clf-c02?locale=en-us,Products Dashboard | AWS BenchPrep,2025-11-25 05:50:39
https://render.skillbuilder.aws/cds/7eddf12a-92fc-4fbe-83d7-3080e98d7c12/index.html?endpoint=https%3A%2F%2Frender.skillbuilder.aws%2Flrs&actor=%7B%22name%22%3A%22954ddc4a-c040-434b-9c36-b36da180734c%22%2C%22openid%22%3A%22https%3A%2F%2Fgandalf-prod.auth.us-east-1.amazoncognito.com%2Fus-east-1_KcXGNtlRY%7C954ddc4a-c040-434b-9c36-b36da180734c%22%2C%22objectType%22%3A%22Agent%22%7D&module_id=5P1DJHP7N9%3A001.000.000&registration_id=09ed5a56-fe62-52e6-8582-7dae157edaea&registration=09ed5a56-fe62-52e6-8582-7dae157edaea&product_id=FHCY1FNYXJ%3A002.000.001&activity_id=http%3A%2F%2FzXLcPMuJHo6tqPadkrAD-d0pwMss0AmM_rise&_cb=1764049795881#/lessons/3_nXY6jxBnFrK9gWDibuIG3GSnwCGBcH,Course Player,2025-11-25 05:50:33
https://render.skillbuilder.aws/cds/7eddf12a-92fc-4fbe-83d7-3080e98d7c12/index.html?endpoint=https%3A%2F%2Frender.skillbuilder.aws%2Flrs&actor=%7B%22name%22%3A%22954ddc4a-c040-434b-9c36-b36da180734c%22%2C%22openid%22%3A%22https%3A%2F%2Fgandalf-prod.auth.us-east-1.amazoncognito.com%2Fus-east-1_KcXGNtlRY%7C954ddc4a-c040-434b-9c36-b36da180734c%22%2C%22objectType%22%3A%22Agent%22%7D&module_id=5P1DJHP7N9%3A001.000.000&registration_id=09ed5a56-fe62-52e6-8582-7dae157edaea&registration=09ed5a56-fe62-52e6-8582-7dae157edaea&product_id=FHCY1FNYXJ%3A002.000.001&activity_id=http%3A%2F%2FzXLcPMuJHo6tqPadkrAD-d0pwMss0AmM_rise&_cb=1764049795881#/lessons/vEJIZ5BTmyk_Amtd_1Q16m6qk6P45DGS,Course Player,2025-11-25 05:50:31
https://render.skillbuilder.aws/cds/7eddf12a-92fc-4fbe-83d7-3080e98d7c12/index.html?endpoint=https%3A%2F%2Frender.skillbuilder.aws%2Flrs&actor=%7B%22name%22%3A%22954ddc4a-c040-434b-9c36-b36da180734c%22%2C%22openid%22%3A%22https%3A%2F%2Fgandalf-prod.auth.us-east-1.amazoncognito.com%2Fus-east-1_KcXGNtlRY%7C954ddc4a-c040-434b-9c36-b36da180734c%22%2C%22objectType%22%3A%22Agent%22%7D&module_id=5P1DJHP7N9%3A001.000.000&registration_id=09ed5a56-fe62-52e6-8582-7dae157edaea&registration=09ed5a56-fe62-52e6-8582-7dae157edaea&product_id=FHCY1FNYXJ%3A002.000.001&activity_id=http%3A%2F%2FzXLcPMuJHo6tqPadkrAD-d0pwMss0AmM_rise&_cb=1764049795881#/lessons/V4LRntmV7v1hsz-Y8Rfez0tUcy4B-e01,Course Player,2025-11-25 05:50:26
https://render.skillbuilder.aws/cds/7eddf12a-92fc-4fbe-83d7-3080e98d7c12/index.html?endpoint=https%3A%2F%2Frender.skillbuilder.aws%2Flrs&actor=%7B%22name%22%3A%22954ddc4a-c040-434b-9c36-b36da180734c%22%2C%22openid%22%3A%22https%3A%2F%2Fgandalf-prod.auth.us-east-1.amazoncognito.com%2Fus-east-1_KcXGNtlRY%7C954ddc4a-c040-434b-9c36-b36da180734c%22%2C%22objectType%22%3A%22Agent%22%7D&module_id=5P1DJHP7N9%3A001.000.000&registration_id=09ed5a56-fe62-52e6-8582-7dae157edaea&registration=09ed5a56-fe62-52e6-8582-7dae157edaea&product_id=FHCY1FNYXJ%3A002.000.001&activity_id=http%3A%2F%2FzXLcPMuJHo6tqPadkrAD-d0pwMss0AmM_rise&_cb=1764049795881#/lessons/_YQOA6F6oqtVSwdKnsIyO3a9CMRSjzX0,Course Player,2025-11-25 05:50:23
https://render.skillbuilder.aws/cds/7eddf12a-92fc-4fbe-83d7-3080e98d7c12/index.html?endpoint=https%3A%2F%2Frender.skillbuilder.aws%2Flrs&actor=%7B%22name%22%3A%22954ddc4a-c040-434b-9c36-b36da180734c%22%2C%22openid%22%3A%22https%3A%2F%2Fgandalf-prod.auth.us-east-1.amazoncognito.com%2Fus-east-1_KcXGNtlRY%7C954ddc4a-c040-434b-9c36-b36da180734c%22%2C%22objectType%22%3A%22Agent%22%7D&module_id=5P1DJHP7N9%3A001.000.000&registration_id=09ed5a56-fe62-52e6-8582-7dae157edaea&registration=09ed5a56-fe62-52e6-8582-7dae157edaea&product_id=FHCY1FNYXJ%3A002.000.001&activity_id=http%3A%2F%2FzXLcPMuJHo6tqPadkrAD-d0pwMss0AmM_rise&_cb=1764049795881#/lessons/igBgok0ywm_QOjgLPB-aGW08-lNJX5rF,Course Player,2025-11-25 05:50:20
https://render.skillbuilder.aws/cds/7eddf12a-92fc-4fbe-83d7-3080e98d7c12/index.html?endpoint=https%3A%2F%2Frender.skillbuilder.aws%2Flrs&actor=%7B%22name%22%3A%22954ddc4a-c040-434b-9c36-b36da180734c%22%2C%22openid%22%3A%22https%3A%2F%2Fgandalf-prod.auth.us-east-1.amazoncognito.com%2Fus-east-1_KcXGNtlRY%7C954ddc4a-c040-434b-9c36-b36da180734c%22%2C%22objectType%22%3A%22Agent%22%7D&module_id=5P1DJHP7N9%3A001.000.000&registration_id=09ed5a56-fe62-52e6-8582-7dae157edaea&registration=09ed5a56-fe62-52e6-8582-7dae157edaea&product_id=FHCY1FNYXJ%3A002.000.001&activity_id=http%3A%2F%2FzXLcPMuJHo6tqPadkrAD-d0pwMss0AmM_rise&_cb=1764049795881#/lessons/SgACs9G1pgzp-2jxjDIFW5if5hwCFcQ8,Course Player,2025-11-25 05:50:15
https://render.skillbuilder.aws/cds/7eddf12a-92fc-4fbe-83d7-3080e98d7c12/index.html?endpoint=https%3A%2F%2Frender.skillbuilder.aws%2Flrs&actor=%7B%22name%22%3A%22954ddc4a-c040-434b-9c36-b36da180734c%22%2C%22openid%22%3A%22https%3A%2F%2Fgandalf-prod.auth.us-east-1.amazoncognito.com%2Fus-east-1_KcXGNtlRY%7C954ddc4a-c040-434b-9c36-b36da180734c%22%2C%22objectType%22%3A%22Agent%22%7D&module_id=5P1DJHP7N9%3A001.000.000&registration_id=09ed5a56-fe62-52e6-8582-7dae157edaea&registration=09ed5a56-fe62-52e6-8582-7dae157edaea&product_id=FHCY1FNYXJ%3A002.000.001&activity_id=http%3A%2F%2FzXLcPMuJHo6tqPadkrAD-d0pwMss0AmM_rise&_cb=1764049795881#/lessons/ea1OfTi9W3YlixlqkgEFVqhAZdV3sgFf,Course Player,2025-11-25 05:50:13
https://render.skillbuilder.aws/cds/7eddf12a-92fc-4fbe-83d7-3080e98d7c12/index.html?endpoint=https%3A%2F%2Frender.skillbuilder.aws%2Flrs&actor=%7B%22name%22%3A%22954ddc4a-c040-434b-9c36-b36da180734c%22%2C%22openid%22%3A%22https%3A%2F%2Fgandalf-prod.auth.us-east-1.amazoncognito.com%2Fus-east-1_KcXGNtlRY%7C954ddc4a-c040-434b-9c36-b36da180734c%22%2C%22objectType%22%3A%22Agent%22%7D&module_id=5P1DJHP7N9%3A001.000.000&registration_id=09ed5a56-fe62-52e6-8582-7dae157edaea&registration=09ed5a56-fe62-52e6-8582-7dae157edaea&product_id=FHCY1FNYXJ%3A002.000.001&activity_id=http%3A%2F%2FzXLcPMuJHo6tqPadkrAD-d0pwMss0AmM_rise&_cb=1764049795881#/lessons/gBD4pMTS8Ef0vsVva3ZTB6mv092zyzI5,Course Player,2025-11-25 05:50:12
https://render.skillbuilder.aws/cds/7eddf12a-92fc-4fbe-83d7-3080e98d7c12/index.html?endpoint=https%3A%2F%2Frender.skillbuilder.aws%2Flrs&actor=%7B%22name%22%3A%22954ddc4a-c040-434b-9c36-b36da180734c%22%2C%22openid%22%3A%22https%3A%2F%2Fgandalf-prod.auth.us-east-1.amazoncognito.com%2Fus-east-1_KcXGNtlRY%7C954ddc4a-c040-434b-9c36-b36da180734c%22%2C%22objectType%22%3A%22Agent%22%7D&module_id=5P1DJHP7N9%3A001.000.000&registration_id=09ed5a56-fe62-52e6-8582-7dae157edaea&registration=09ed5a56-fe62-52e6-8582-7dae157edaea&product_id=FHCY1FNYXJ%3A002.000.001&activity_id=http%3A%2F%2FzXLcPMuJHo6tqPadkrAD-d0pwMss0AmM_rise&_cb=1764049795881#/lessons/1qmyxdIe4yBT_xtmwjFg8F35IhZugOPc,Course Player,2025-11-25 05:50:10
https://render.skillbuilder.aws/cds/7eddf12a-92fc-4fbe-83d7-3080e98d7c12/index.html?endpoint=https%3A%2F%2Frender.skillbuilder.aws%2Flrs&actor=%7B%22name%22%3A%22954ddc4a-c040-434b-9c36-b36da180734c%22%2C%22openid%22%3A%22https%3A%2F%2Fgandalf-prod.auth.us-east-1.amazoncognito.com%2Fus-east-1_KcXGNtlRY%7C954ddc4a-c040-434b-9c36-b36da180734c%22%2C%22objectType%22%3A%22Agent%22%7D&module_id=5P1DJHP7N9%3A001.000.000&registration_id=09ed5a56-fe62-52e6-8582-7dae157edaea&registration=09ed5a56-fe62-52e6-8582-7dae157edaea&product_id=FHCY1FNYXJ%3A002.000.001&activity_id=http%3A%2F%2FzXLcPMuJHo6tqPadkrAD-d0pwMss0AmM_rise&_cb=1764049795881#/lessons/MgJWcMkuCeWbHpIK_XzB0JQkhMT6ByhE,Course Player,2025-11-25 05:50:07
https://render.skillbuilder.aws/cds/7eddf12a-92fc-4fbe-83d7-3080e98d7c12/index.html?endpoint=https%3A%2F%2Frender.skillbuilder.aws%2Flrs&actor=%7B%22name%22%3A%22954ddc4a-c040-434b-9c36-b36da180734c%22%2C%22openid%22%3A%22https%3A%2F%2Fgandalf-prod.auth.us-east-1.amazoncognito.com%2Fus-east-1_KcXGNtlRY%7C954ddc4a-c040-434b-9c36-b36da180734c%22%2C%22objectType%22%3A%22Agent%22%7D&module_id=5P1DJHP7N9%3A001.000.000&registration_id=09ed5a56-fe62-52e6-8582-7dae157edaea&registration=09ed5a56-fe62-52e6-8582-7dae157edaea&product_id=FHCY1FNYXJ%3A002.000.001&activity_id=http%3A%2F%2FzXLcPMuJHo6tqPadkrAD-d0pwMss0AmM_rise&_cb=1764049795881#/lessons/UckR846D6BJO7H_9n3YPoXCCDeyj1xm_,Course Player,2025-11-25 05:50:03
https://render.skillbuilder.aws/cds/auth?endpoint=https%3A%2F%2Frender.skillbuilder.aws%2Flrs&actor=%7B%22name%22%3A%22954ddc4a-c040-434b-9c36-b36da180734c%22%2C%22openid%22%3A%22https%3A%2F%2Fgandalf-prod.auth.us-east-1.amazoncognito.com%2Fus-east-1_KcXGNtlRY%7C954ddc4a-c040-434b-9c36-b36da180734c%22%2C%22objectType%22%3A%22Agent%22%7D&module_id=5P1DJHP7N9%3A001.000.000&registration_id=09ed5a56-fe62-52e6-8582-7dae157edaea&registration=09ed5a56-fe62-52e6-8582-7dae157edaea&product_id=FHCY1FNYXJ%3A002.000.001&activity_id=http%3A%2F%2FzXLcPMuJHo6tqPadkrAD-d0pwMss0AmM_rise&_cb=1764049795881,,2025-11-25 05:49:58
https://render.skillbuilder.aws/cds/7eddf12a-92fc-4fbe-83d7-3080e98d7c12/index.html?endpoint=https%3A%2F%2Frender.skillbuilder.aws%2Flrs&actor=%7B%22name%22%3A%22954ddc4a-c040-434b-9c36-b36da180734c%22%2C%22openid%22%3A%22https%3A%2F%2Fgandalf-prod.auth.us-east-1.amazoncognito.com%2Fus-east-1_KcXGNtlRY%7C954ddc4a-c040-434b-9c36-b36da180734c%22%2C%22objectType%22%3A%22Agent%22%7D&module_id=5P1DJHP7N9%3A001.000.000&registration_id=09ed5a56-fe62-52e6-8582-7dae157edaea&registration=09ed5a56-fe62-52e6-8582-7dae157edaea&product_id=FHCY1FNYXJ%3A002.000.001&activity_id=http%3A%2F%2FzXLcPMuJHo6tqPadkrAD-d0pwMss0AmM_rise&_cb=1764049795881,,2025-11-25 05:49:58
https://render.skillbuilder.aws/?module_id=5P1DJHP7N9%3A001.000.000&product_id=FHCY1FNYXJ%3A002.000.001&registration_id=09ed5a56-fe62-52e6-8582-7dae157edaea&referrer=https%3A%2F%2Fskillbuilder.aws%2Flearn%2FJSJ5VBDBRG%2Fofficial-practice-exam-aws-certified-cloud-practitioner-clfc02--english%2FFHCY1FNYXJ%3FparentId%3D1J2VTQSGU2&navigation=digital&parentId=1J2VTQSGU2,Course Player,2025-11-25 05:49:54
https://skillbuilder.aws/learn/JSJ5VBDBRG/official-practice-exam-aws-certified-cloud-practitioner-clfc02--english/FHCY1FNYXJ?parentId=1J2VTQSGU2,AWS Skill Builder,2025-11-25 05:49:32
https://skillbuilder.aws/category/exam-prep/cloud-practitioner-foundational-CLF-C02,AWS Skill Builder,2025-11-25 05:48:02
https://skillbuilder.aws/category/exam-prep/cloud-practitioner-foundational,AWS Skill Builder,2025-11-25 05:48:01
https://skillbuilder.aws/learning-plan/8UUCEZGNX4/exam-prep-plan-aws-certified-cloud-practitioner-clfc02--english/1J2VTQSGU2,AWS Skill Builder,2025-11-25 05:47:35
https://skillbuilder.aws/learn,AWS Skill Builder,2025-11-25 05:47:19
https://skillbuilder.aws/,AWS Skill Builder,2025-11-25 05:47:16
https://awscertificationpractice.benchprep.com/app/official-pre-test-aws-certified-cloud-practitioner-clf-c02?locale=en-us#exams/details/exam_section/67913,Product Details | AWS BenchPrep,2025-11-25 05:46:53
https://awscertificationpractice.benchprep.com/app/official-pre-test-aws-certified-cloud-practitioner-clf-c02?locale=en-us#exams/321850672/exam_sections/67913/15346893,AWS BenchPrep,2025-11-25 05:46:44
https://awscertificationpractice.benchprep.com/app/official-pre-test-aws-certified-cloud-practitioner-clf-c02?locale=en-us#exams/321850672/exam_sections/67913/15346913,AWS BenchPrep,2025-11-25 05:46:44
https://awscertificationpractice.benchprep.com/app/official-pre-test-aws-certified-cloud-practitioner-clf-c02?locale=en-us#exams/321850672/exam_sections/67913/15346893,AWS BenchPrep,2025-11-25 05:46:44
https://awscertificationpractice.benchprep.com/app/official-pre-test-aws-certified-cloud-practitioner-clf-c02?locale=en-us#exams/details/exam_section/67913,Product Details | AWS BenchPrep,2025-11-25 05:46:30
https://awscertificationpractice.benchprep.com/app/official-pre-test-aws-certified-cloud-practitioner-clf-c02?locale=en-us#exams/321850672/exam_sections/67913/15346623,AWS BenchPrep,2025-11-25 05:46:19
https://awscertificationpractice.benchprep.com/app/official-pre-test-aws-certified-cloud-practitioner-clf-c02?locale=en-us#exams/321850672/exam_sections/67913/15346913,AWS BenchPrep,2025-11-25 05:46:19
https://awscertificationpractice.benchprep.com/app/official-pre-test-aws-certified-cloud-practitioner-clf-c02?locale=en-us#exams/321850672/exam_sections/67913/15346623,AWS BenchPrep,2025-11-25 05:46:19
https://awscertificationpractice.benchprep.com/app/official-pre-test-aws-certified-cloud-practitioner-clf-c02?locale=en-us#exams/details/exam_section/67913,Product Details | AWS BenchPrep,2025-11-25 05:46:08
https://awscertificationpractice.benchprep.com/app/official-pre-test-aws-certified-cloud-practitioner-clf-c02?locale=en-us#exams/321850672/exam_sections/67913/15347083,AWS BenchPrep,2025-11-25 05:45:57
https://awscertificationpractice.benchprep.com/app/official-pre-test-aws-certified-cloud-practitioner-clf-c02?locale=en-us#exams/321850672/exam_sections/67913/15346913,AWS BenchPrep,2025-11-25 05:45:57
https://awscertificationpractice.benchprep.com/app/official-pre-test-aws-certified-cloud-practitioner-clf-c02?locale=en-us#exams/321850672/exam_sections/67913/15347083,AWS BenchPrep,2025-11-25 05:45:57
https://awscertificationpractice.benchprep.com/app/official-pre-test-aws-certified-cloud-practitioner-clf-c02?locale=en-us#exams/details/exam_section/67913,Product Details | AWS BenchPrep,2025-11-25 05:45:51
https://awscertificationpractice.benchprep.com/app/official-pre-test-aws-certified-cloud-practitioner-clf-c02?locale=en-us#exams/321850672/exam_sections/67913/15346803,AWS BenchPrep,2025-11-25 05:45:39
https://awscertificationpractice.benchprep.com/app/official-pre-test-aws-certified-cloud-practitioner-clf-c02?locale=en-us#exams/321850672/exam_sections/67913/15346913,AWS BenchPrep,2025-11-25 05:45:39
https://awscertificationpractice.benchprep.com/app/official-pre-test-aws-certified-cloud-practitioner-clf-c02?locale=en-us#exams/321850672/exam_sections/67913/15346803,AWS BenchPrep,2025-11-25 05:45:39
https://awscertificationpractice.benchprep.com/app/official-pre-test-aws-certified-cloud-practitioner-clf-c02?locale=en-us#exams/details/exam_section/67913,Product Details | AWS BenchPrep,2025-11-25 05:45:27
https://awscertificationpractice.benchprep.com/app/official-pre-test-aws-certified-cloud-practitioner-clf-c02?locale=en-us#exams/321850672/exam_sections/67913/15347223,AWS BenchPrep,2025-11-25 05:45:17
https://awscertificationpractice.benchprep.com/app/official-pre-test-aws-certified-cloud-practitioner-clf-c02?locale=en-us#exams/321850672/exam_sections/67913/15346783,AWS BenchPrep,2025-11-25 05:45:06
https://awscertificationpractice.benchprep.com/app/official-pre-test-aws-certified-cloud-practitioner-clf-c02?locale=en-us#exams/321850672/exam_sections/67913/15347113,AWS BenchPrep,2025-11-25 05:44:36
https://awscertificationpractice.benchprep.com/app/official-pre-test-aws-certified-cloud-practitioner-clf-c02?locale=en-us#exams/321850672/exam_sections/67913/15346853,AWS BenchPrep,2025-11-25 05:44:29
https://awscertificationpractice.benchprep.com/app/official-pre-test-aws-certified-cloud-practitioner-clf-c02?locale=en-us#exams/321850672/exam_sections/67913/15346633,AWS BenchPrep,2025-11-25 05:44:00
https://awscertificationpractice.benchprep.com/app/official-pre-test-aws-certified-cloud-practitioner-clf-c02?locale=en-us#exams/321850672/exam_sections/67913/15346693,AWS BenchPrep,2025-11-25 05:43:35
https://awscertificationpractice.benchprep.com/app/official-pre-test-aws-certified-cloud-practitioner-clf-c02?locale=en-us#exams/321850672/exam_sections/67913/15346743,AWS BenchPrep,2025-11-25 05:43:09
https://awscertificationpractice.benchprep.com/app/official-pre-test-aws-certified-cloud-practitioner-clf-c02?locale=en-us#exams/321850672/exam_sections/67913/15346693,AWS BenchPrep,2025-11-25 05:43:08
https://awscertificationpractice.benchprep.com/app/official-pre-test-aws-certified-cloud-practitioner-clf-c02?locale=en-us#exams/321850672/exam_sections/67913/15346743,AWS BenchPrep,2025-11-25 05:43:05
https://awscertificationpractice.benchprep.com/app/official-pre-test-aws-certified-cloud-practitioner-clf-c02?locale=en-us#exams/321850672/exam_sections/67913/15346813,AWS BenchPrep,2025-11-25 05:42:55
https://awscertificationpractice.benchprep.com/app/official-pre-test-aws-certified-cloud-practitioner-clf-c02?locale=en-us#exams/321850672/exam_sections/67913/15347173,AWS BenchPrep,2025-11-25 05:42:48
https://awscertificationpractice.benchprep.com/app/official-pre-test-aws-certified-cloud-practitioner-clf-c02?locale=en-us#exams/321850672/exam_sections/67913/15347183,AWS BenchPrep,2025-11-25 05:42:43
https://awscertificationpractice.benchprep.com/app/official-pre-test-aws-certified-cloud-practitioner-clf-c02?locale=en-us#exams/321850672/exam_sections/67913/15347023,AWS BenchPrep,2025-11-25 05:42:16
https://awscertificationpractice.benchprep.com/app/official-pre-test-aws-certified-cloud-practitioner-clf-c02?locale=en-us#exams/321850672/exam_sections/67913/15346703,AWS BenchPrep,2025-11-25 05:42:06
https://awscertificationpractice.benchprep.com/app/official-pre-test-aws-certified-cloud-practitioner-clf-c02?locale=en-us#exams/321850672/exam_sections/67913/15347123,AWS BenchPrep,2025-11-25 05:41:44
https://awscertificationpractice.benchprep.com/app/official-pre-test-aws-certified-cloud-practitioner-clf-c02?locale=en-us#exams/321850672/exam_sections/67913/15346773,AWS BenchPrep,2025-11-25 05:41:26
https://awscertificationpractice.benchprep.com/app/official-pre-test-aws-certified-cloud-practitioner-clf-c02?locale=en-us#exams/321850672/exam_sections/67913/15347213,AWS BenchPrep,2025-11-25 05:41:18
https://awscertificationpractice.benchprep.com/app/official-pre-test-aws-certified-cloud-practitioner-clf-c02?locale=en-us#exams/321850672/exam_sections/67913/15346673,AWS BenchPrep,2025-11-25 05:41:11
https://awscertificationpractice.benchprep.com/app/official-pre-test-aws-certified-cloud-practitioner-clf-c02?locale=en-us#exams/321850672/exam_sections/67913/15346613,AWS BenchPrep,2025-11-25 05:41:06
https://awscertificationpractice.benchprep.com/app/official-pre-test-aws-certified-cloud-practitioner-clf-c02?locale=en-us#exams/321850672/exam_sections/67913/15346643,AWS BenchPrep,2025-11-25 05:41:01
https://awscertificationpractice.benchprep.com/app/official-pre-test-aws-certified-cloud-practitioner-clf-c02?locale=en-us#exams/321850672/exam_sections/67913/15346613,AWS BenchPrep,2025-11-25 05:40:59
https://awscertificationpractice.benchprep.com/app/official-pre-test-aws-certified-cloud-practitioner-clf-c02?locale=en-us#exams/321850672/exam_sections/67913/15346643,AWS BenchPrep,2025-11-25 05:40:48
https://awscertificationpractice.benchprep.com/app/official-pre-test-aws-certified-cloud-practitioner-clf-c02?locale=en-us#exams/321850672/exam_sections/67913/15347063,AWS BenchPrep,2025-11-25 05:40:27
https://awscertificationpractice.benchprep.com/app/official-pre-test-aws-certified-cloud-practitioner-clf-c02?locale=en-us#exams/321850672/exam_sections/67913/15346893,AWS BenchPrep,2025-11-25 05:39:58
https://awscertificationpractice.benchprep.com/app/official-pre-test-aws-certified-cloud-practitioner-clf-c02?locale=en-us#exams/321850672/exam_sections/67913/15347003,AWS BenchPrep,2025-11-25 05:39:44
https://awscertificationpractice.benchprep.com/app/official-pre-test-aws-certified-cloud-practitioner-clf-c02?locale=en-us#exams/321850672/exam_sections/67913/15346953,AWS BenchPrep,2025-11-25 05:39:16
https://awscertificationpractice.benchprep.com/app/official-pre-test-aws-certified-cloud-practitioner-clf-c02?locale=en-us#exams/321850672/exam_sections/67913/15346973,AWS BenchPrep,2025-11-25 05:39:04
https://awscertificationpractice.benchprep.com/app/official-pre-test-aws-certified-cloud-practitioner-clf-c02?locale=en-us#exams/321850672/exam_sections/67913/15346963,AWS BenchPrep,2025-11-25 05:38:34
https://awscertificationpractice.benchprep.com/app/official-pre-test-aws-certified-cloud-practitioner-clf-c02?locale=en-us#exams/321850672/exam_sections/67913/15346873,AWS BenchPrep,2025-11-25 05:38:25
https://awscertificationpractice.benchprep.com/app/official-pre-test-aws-certified-cloud-practitioner-clf-c02?locale=en-us#exams/321850672/exam_sections/67913/15346623,AWS BenchPrep,2025-11-25 05:37:56
https://awscertificationpractice.benchprep.com/app/official-pre-test-aws-certified-cloud-practitioner-clf-c02?locale=en-us#exams/321850672/exam_sections/67913/15347043,AWS BenchPrep,2025-11-25 05:37:33
https://awscertificationpractice.benchprep.com/app/official-pre-test-aws-certified-cloud-practitioner-clf-c02?locale=en-us#exams/321850672/exam_sections/67913/15346823,AWS BenchPrep,2025-11-25 05:37:00
https://awscertificationpractice.benchprep.com/app/official-pre-test-aws-certified-cloud-practitioner-clf-c02?locale=en-us#exams/321850672/exam_sections/67913/15346833,AWS BenchPrep,2025-11-25 05:36:42
https://awscertificationpractice.benchprep.com/app/official-pre-test-aws-certified-cloud-practitioner-clf-c02?locale=en-us#exams/321850672/exam_sections/67913/15347243,AWS BenchPrep,2025-11-25 05:36:25
https://awscertificationpractice.benchprep.com/app/official-pre-test-aws-certified-cloud-practitioner-clf-c02?locale=en-us#exams/321850672/exam_sections/67913/15346713,AWS BenchPrep,2025-11-25 05:36:03
https://awscertificationpractice.benchprep.com/app/official-pre-test-aws-certified-cloud-practitioner-clf-c02?locale=en-us#exams/321850672/exam_sections/67913/15347093,AWS BenchPrep,2025-11-25 05:35:41
https://awscertificationpractice.benchprep.com/app/official-pre-test-aws-certified-cloud-practitioner-clf-c02?locale=en-us#exams/321850672/exam_sections/67913/15346733,AWS BenchPrep,2025-11-25 05:35:12
https://awscertificationpractice.benchprep.com/app/official-pre-test-aws-certified-cloud-practitioner-clf-c02?locale=en-us#exams/321850672/exam_sections/67913/15347143,AWS BenchPrep,2025-11-25 05:35:07
https://awscertificationpractice.benchprep.com/app/official-pre-test-aws-certified-cloud-practitioner-clf-c02?locale=en-us#exams/321850672/exam_sections/67913/15346983,AWS BenchPrep,2025-11-25 05:34:55
https://awscertificationpractice.benchprep.com/app/official-pre-test-aws-certified-cloud-practitioner-clf-c02?locale=en-us#exams/321850672/exam_sections/67913/15346653,AWS BenchPrep,2025-11-25 05:34:28
https://awscertificationpractice.benchprep.com/app/official-pre-test-aws-certified-cloud-practitioner-clf-c02?locale=en-us#exams/321850672/exam_sections/67913/15346753,AWS BenchPrep,2025-11-25 05:34:18
https://awscertificationpractice.benchprep.com/app/official-pre-test-aws-certified-cloud-practitioner-clf-c02?locale=en-us#exams/321850672/exam_sections/67913/15347073,AWS BenchPrep,2025-11-25 05:33:49
https://awscertificationpractice.benchprep.com/app/official-pre-test-aws-certified-cloud-practitioner-clf-c02?locale=en-us#exams/321850672/exam_sections/67913/15347053,AWS BenchPrep,2025-11-25 05:33:33
https://awscertificationpractice.benchprep.com/app/official-pre-test-aws-certified-cloud-practitioner-clf-c02?locale=en-us#exams/321850672/exam_sections/67913/15346863,AWS BenchPrep,2025-11-25 05:33:16
https://awscertificationpractice.benchprep.com/app/official-pre-test-aws-certified-cloud-practitioner-clf-c02?locale=en-us#exams/321850672/exam_sections/67913/15347163,AWS BenchPrep,2025-11-25 05:32:59
https://awscertificationpractice.benchprep.com/app/official-pre-test-aws-certified-cloud-practitioner-clf-c02?locale=en-us#exams/321850672/exam_sections/67913/15346993,AWS BenchPrep,2025-11-25 05:32:38
https://awscertificationpractice.benchprep.com/app/official-pre-test-aws-certified-cloud-practitioner-clf-c02?locale=en-us#exams/321850672/exam_sections/67913/15346923,AWS BenchPrep,2025-11-25 05:32:24
https://awscertificationpractice.benchprep.com/app/official-pre-test-aws-certified-cloud-practitioner-clf-c02?locale=en-us#exams/321850672/exam_sections/67913/15347153,AWS BenchPrep,2025-11-25 05:31:31
https://awscertificationpractice.benchprep.com/app/official-pre-test-aws-certified-cloud-practitioner-clf-c02?locale=en-us#exams/321850672/exam_sections/67913/15346943,AWS BenchPrep,2025-11-25 05:31:25
https://awscertificationpractice.benchprep.com/app/official-pre-test-aws-certified-cloud-practitioner-clf-c02?locale=en-us#exams/321850672/exam_sections/67913/15346843,AWS BenchPrep,2025-11-25 05:31:16
https://awscertificationpractice.benchprep.com/app/official-pre-test-aws-certified-cloud-practitioner-clf-c02?locale=en-us#exams/321850672/exam_sections/67913/15346793,AWS BenchPrep,2025-11-25 05:30:52
https://awscertificationpractice.benchprep.com/app/official-pre-test-aws-certified-cloud-practitioner-clf-c02?locale=en-us#exams/321850672/exam_sections/67913/15346933,AWS BenchPrep,2025-11-25 05:30:44
https://awscertificationpractice.benchprep.com/app/official-pre-test-aws-certified-cloud-practitioner-clf-c02?locale=en-us#exams/321850672/exam_sections/67913/15347013,AWS BenchPrep,2025-11-25 05:30:41
https://awscertificationpractice.benchprep.com/app/official-pre-test-aws-certified-cloud-practitioner-clf-c02?locale=en-us#exams/321850672/exam_sections/67913/15346933,AWS BenchPrep,2025-11-25 05:30:38
https://awscertificationpractice.benchprep.com/app/official-pre-test-aws-certified-cloud-practitioner-clf-c02?locale=en-us#exams/321850672/exam_sections/67913/15347013,AWS BenchPrep,2025-11-25 05:30:04
https://awscertificationpractice.benchprep.com/app/official-pre-test-aws-certified-cloud-practitioner-clf-c02?locale=en-us#exams/321850672/exam_sections/67913/15346883,AWS BenchPrep,2025-11-25 05:29:50
https://awscertificationpractice.benchprep.com/app/official-pre-test-aws-certified-cloud-practitioner-clf-c02?locale=en-us#exams/321850672/exam_sections/67913/15347233,AWS BenchPrep,2025-11-25 05:29:36
https://awscertificationpractice.benchprep.com/app/official-pre-test-aws-certified-cloud-practitioner-clf-c02?locale=en-us#exams/321850672/exam_sections/67913/15346683,AWS BenchPrep,2025-11-25 05:28:51
https://awscertificationpractice.benchprep.com/app/official-pre-test-aws-certified-cloud-practitioner-clf-c02?locale=en-us#exams/321850672/exam_sections/67913/15347033,AWS BenchPrep,2025-11-25 05:28:17
https://awscertificationpractice.benchprep.com/app/official-pre-test-aws-certified-cloud-practitioner-clf-c02?locale=en-us#exams/321850672/exam_sections/67913/15346903,AWS BenchPrep,2025-11-25 05:28:01
https://awscertificationpractice.benchprep.com/app/official-pre-test-aws-certified-cloud-practitioner-clf-c02?locale=en-us#exams/321850672/exam_sections/67913/15347133,AWS BenchPrep,2025-11-25 05:27:43
https://awscertificationpractice.benchprep.com/app/official-pre-test-aws-certified-cloud-practitioner-clf-c02?locale=en-us#exams/321850672/exam_sections/67913/15347193,AWS BenchPrep,2025-11-25 05:27:16
https://awscertificationpractice.benchprep.com/app/official-pre-test-aws-certified-cloud-practitioner-clf-c02?locale=en-us#exams/321850672/exam_sections/67913/15347203,AWS BenchPrep,2025-11-25 05:27:12
https://docs.aws.amazon.com/vpn/latest/s2svpn/VPC_VPN.html,What is AWS Site-to-Site VPN? - AWS Site-to-Site VPN,2025-11-25 05:27:09
https://docs.aws.amazon.com/directconnect/latest/UserGuide/direct-connect-gateways-intro.html,Direct Connect gateways - AWS Direct Connect,2025-11-25 05:27:07
https://awscertificationpractice.benchprep.com/app/official-pre-test-aws-certified-cloud-practitioner-clf-c02?locale=en-us#exams/321850672/exam_sections/67913/15347083,AWS BenchPrep,2025-11-25 05:26:35
https://awscertificationpractice.benchprep.com/app/official-pre-test-aws-certified-cloud-practitioner-clf-c02?locale=en-us#exams/321850672/exam_sections/67913/15346723,AWS BenchPrep,2025-11-25 05:25:59
https://awscertificationpractice.benchprep.com/app/official-pre-test-aws-certified-cloud-practitioner-clf-c02?locale=en-us#exams/321850672/exam_sections/67913/15347253,AWS BenchPrep,2025-11-25 05:25:46
https://aws.amazon.com/compliance/shared-responsibility-model/,Shared Responsibility Model - Amazon Web Services (AWS),2025-11-25 05:25:31
https://awscertificationpractice.benchprep.com/app/official-pre-test-aws-certified-cloud-practitioner-clf-c02?locale=en-us#exams/321850672/exam_sections/67913/15346763,AWS BenchPrep,2025-11-25 05:25:16
https://awscertificationpractice.benchprep.com/app/official-pre-test-aws-certified-cloud-practitioner-clf-c02?locale=en-us#exams/321850672/exam_sections/67913/15346803,AWS BenchPrep,2025-11-25 05:25:01
https://awscertificationpractice.benchprep.com/app/official-pre-test-aws-certified-cloud-practitioner-clf-c02?locale=en-us#exams/321850672/exam_sections/67913/15347103,AWS BenchPrep,2025-11-25 05:24:46
https://awscertificationpractice.benchprep.com/app/official-pre-test-aws-certified-cloud-practitioner-clf-c02?locale=en-us#exams/321850672/exam_sections/67913/15346663,AWS BenchPrep,2025-11-25 05:24:36
https://awscertificationpractice.benchprep.com/app/official-pre-test-aws-certified-cloud-practitioner-clf-c02?locale=en-us#exams/321850672/exam_sections/67913/15346913,AWS BenchPrep,2025-11-25 05:24:30
https://awscertificationpractice.benchprep.com/app/official-pre-test-aws-certified-cloud-practitioner-clf-c02?locale=en-us#exams/321850672/exam_sections/67913/15347103,AWS BenchPrep,2025-11-25 05:24:29
https://awscertificationpractice.benchprep.com/app/official-pre-test-aws-certified-cloud-practitioner-clf-c02?locale=en-us#exams/321850672/exam_sections/67913/15346663,AWS BenchPrep,2025-11-25 05:24:29
https://awscertificationpractice.benchprep.com/app/official-pre-test-aws-certified-cloud-practitioner-clf-c02?locale=en-us#exams/321850672/exam_sections/67913/15346803,AWS BenchPrep,2025-11-25 05:23:54
https://awscertificationpractice.benchprep.com/app/official-pre-test-aws-certified-cloud-practitioner-clf-c02?locale=en-us#exams/321850672/exam_sections/67913/15346913,AWS BenchPrep,2025-11-25 05:23:54
https://awscertificationpractice.benchprep.com/app/official-pre-test-aws-certified-cloud-practitioner-clf-c02?locale=en-us#exams/321850672/exam_sections/67913/15346803,AWS BenchPrep,2025-11-25 05:23:54
https://awscertificationpractice.benchprep.com/app/official-pre-test-aws-certified-cloud-practitioner-clf-c02?locale=en-us#exams/details/exam_section/67913,Product Details | AWS BenchPrep,2025-11-25 05:23:50
https://awscertificationpractice.benchprep.com/app/official-pre-test-aws-certified-cloud-practitioner-clf-c02?locale=en-us#exams/details/213543,Product Details | AWS BenchPrep,2025-11-25 05:23:31
https://awscertificationpractice.benchprep.com/app/official-pre-test-aws-certified-cloud-practitioner-clf-c02?locale=en-us#exams/take_section/67913,AWS BenchPrep,2025-11-25 05:04:31
https://awscertificationpractice.benchprep.com/app/official-pre-test-aws-certified-cloud-practitioner-clf-c02?locale=en-us#exams/take_full/213543,AWS BenchPrep,2025-11-25 05:04:30
https://awscertificationpractice.benchprep.com/app/official-pre-test-aws-certified-cloud-practitioner-clf-c02?locale=en-us#exams/details/213543,Product Details | AWS BenchPrep,2025-11-25 05:04:29
https://awscertificationpractice.benchprep.com/app/official-pre-test-aws-certified-cloud-practitioner-clf-c02?locale=en-us#exams,Products Dashboard | AWS BenchPrep,2025-11-25 05:04:23
https://awscertificationpractice.benchprep.com/app/official-pre-test-aws-certified-cloud-practitioner-clf-c02?locale=en-us,Home | AWS BenchPrep,2025-11-25 05:04:22
https://render.skillbuilder.aws/cds/4c8238bc-69d8-45e6-9c53-14f97087ae70/index.html?endpoint=https%3A%2F%2Frender.skillbuilder.aws%2Flrs&actor=%7B%22name%22%3A%22954ddc4a-c040-434b-9c36-b36da180734c%22%2C%22openid%22%3A%22https%3A%2F%2Fgandalf-prod.auth.us-east-1.amazoncognito.com%2Fus-east-1_KcXGNtlRY%7C954ddc4a-c040-434b-9c36-b36da180734c%22%2C%22objectType%22%3A%22Agent%22%7D&module_id=1VU8CR6HDV%3A001.000.000&registration_id=fa951ad9-c7c3-523a-a4b9-06ebff06d19d&registration=fa951ad9-c7c3-523a-a4b9-06ebff06d19d&product_id=GAGEDKHMET%3A002.000.001&activity_id=http%3A%2F%2FqGkoWKXeTWP3d63q3UCNaRtalX6gCfyP_rise&_cb=1764047052655#/lessons/2rgBot9Hy1A4fUaeQ1D29X77Ic6lTq-A,Course Player,2025-11-25 05:04:15
https://render.skillbuilder.aws/cds/auth?endpoint=https%3A%2F%2Frender.skillbuilder.aws%2Flrs&actor=%7B%22name%22%3A%22954ddc4a-c040-434b-9c36-b36da180734c%22%2C%22openid%22%3A%22https%3A%2F%2Fgandalf-prod.auth.us-east-1.amazoncognito.com%2Fus-east-1_KcXGNtlRY%7C954ddc4a-c040-434b-9c36-b36da180734c%22%2C%22objectType%22%3A%22Agent%22%7D&module_id=1VU8CR6HDV%3A001.000.000&registration_id=fa951ad9-c7c3-523a-a4b9-06ebff06d19d&registration=fa951ad9-c7c3-523a-a4b9-06ebff06d19d&product_id=GAGEDKHMET%3A002.000.001&activity_id=http%3A%2F%2FqGkoWKXeTWP3d63q3UCNaRtalX6gCfyP_rise&_cb=1764047052655,,2025-11-25 05:04:14
https://render.skillbuilder.aws/cds/4c8238bc-69d8-45e6-9c53-14f97087ae70/index.html?endpoint=https%3A%2F%2Frender.skillbuilder.aws%2Flrs&actor=%7B%22name%22%3A%22954ddc4a-c040-434b-9c36-b36da180734c%22%2C%22openid%22%3A%22https%3A%2F%2Fgandalf-prod.auth.us-east-1.amazoncognito.com%2Fus-east-1_KcXGNtlRY%7C954ddc4a-c040-434b-9c36-b36da180734c%22%2C%22objectType%22%3A%22Agent%22%7D&module_id=1VU8CR6HDV%3A001.000.000&registration_id=fa951ad9-c7c3-523a-a4b9-06ebff06d19d&registration=fa951ad9-c7c3-523a-a4b9-06ebff06d19d&product_id=GAGEDKHMET%3A002.000.001&activity_id=http%3A%2F%2FqGkoWKXeTWP3d63q3UCNaRtalX6gCfyP_rise&_cb=1764047052655,,2025-11-25 05:04:14
https://render.skillbuilder.aws/cds/4c8238bc-69d8-45e6-9c53-14f97087ae70/index.html?endpoint=https%3A%2F%2Frender.skillbuilder.aws%2Flrs&actor=%7B%22name%22%3A%22954ddc4a-c040-434b-9c36-b36da180734c%22%2C%22openid%22%3A%22https%3A%2F%2Fgandalf-prod.auth.us-east-1.amazoncognito.com%2Fus-east-1_KcXGNtlRY%7C954ddc4a-c040-434b-9c36-b36da180734c%22%2C%22objectType%22%3A%22Agent%22%7D&module_id=1VU8CR6HDV%3A001.000.000&registration_id=fa951ad9-c7c3-523a-a4b9-06ebff06d19d&registration=fa951ad9-c7c3-523a-a4b9-06ebff06d19d&product_id=GAGEDKHMET%3A002.000.001&activity_id=http%3A%2F%2FqGkoWKXeTWP3d63q3UCNaRtalX6gCfyP_rise&_cb=1764047052655#/lessons/2rgBot9Hy1A4fUaeQ1D29X77Ic6lTq-A,Course Player,2025-11-25 05:04:13
https://render.skillbuilder.aws/?module_id=1VU8CR6HDV%3A001.000.000&product_id=GAGEDKHMET%3A002.000.001&registration_id=fa951ad9-c7c3-523a-a4b9-06ebff06d19d&referrer=https%3A%2F%2Fskillbuilder.aws%2Flearn%2FX19D6YZ5HY%2Fofficial-pretest-aws-certified-cloud-practitioner-clfc02--english%2FGAGEDKHMET%3FparentId%3D1J2VTQSGU2&navigation=digital&parentId=1J2VTQSGU2,Course Player,2025-11-25 05:04:11
https://skillbuilder.aws/learn/X19D6YZ5HY/official-pretest-aws-certified-cloud-practitioner-clfc02--english/GAGEDKHMET?parentId=1J2VTQSGU2,AWS Skill Builder,2025-11-25 05:04:05
https://skillbuilder.aws/learning-plan/8UUCEZGNX4/exam-prep-plan-aws-certified-cloud-practitioner-clfc02--english/1J2VTQSGU2,AWS Skill Builder,2025-11-25 05:03:49
https://skillbuilder.aws/learn,AWS Skill Builder,2025-11-25 05:03:44
https://us-east-1.auth.skillbuilder.aws/oauth2/authorize?redirect_uri=https%3A%2F%2Fskillbuilder.aws%2FparseAuth&response_type=code&client_id=4ge76ro2nknc870bdudn76fkfm&state=1764047015T8HMFKQXP6kuEAI%7E4&code_challenge=3XCJc8Ma4zsIiJMPjIo1ZWr_wroHeyUw9MMSq2ZnGuo&code_challenge_method=S256&identity_provider=AWSBuilderID,AWS Skill Builder,2025-11-25 05:03:40
https://skillbuilder.aws/parseAuth?code=828fd025-12a5-4569-8688-810c09b80c30&state=1764047015T8HMFKQXP6kuEAI%7E4,AWS Skill Builder,2025-11-25 05:03:40
https://skillbuilder.aws/,AWS Skill Builder,2025-11-25 05:03:40
https://login.us-east-1.auth.skillbuilder.aws/login/response,Sign in,2025-11-25 05:03:38
https://login.us-east-1.auth.skillbuilder.aws/login?redirect_uri=https%3A%2F%2Fskillbuilder.aws%2FparseAuth&response_type=code&client_id=4ge76ro2nknc870bdudn76fkfm&state=1764047015T8HMFKQXP6kuEAI%7E4&code_challenge=3XCJc8Ma4zsIiJMPjIo1ZWr_wroHeyUw9MMSq2ZnGuo&code_challenge_method=S256,Sign in,2025-11-25 05:03:38
https://us-east-1.auth.skillbuilder.aws/oauth2/authorize?redirect_uri=https%3A%2F%2Flogin.us-east-1.auth.skillbuilder.aws%2Flogin%2Fresponse&response_type=code&client_id=5lpss4rkotsr2h5nscna40jtfi&identity_provider=AWSBuilderID&scope=openid&state=SJvVBxk8BBUFuJ9iIgCDxieEvAu0TK6h-61394b674441666c6142467056332b6c6a6f695441413d3d&code_challenge=IVQmBauiGTWVHm8FPpMc6NbbAc9l1Lv3ezseU0TWkSo&code_challenge_method=S256,Sign in,2025-11-25 05:03:37
https://login.us-east-1.auth.skillbuilder.aws/login/response?code=c06a124d-4852-4c6c-94dd-6c3f37ae7dfe&state=SJvVBxk8BBUFuJ9iIgCDxieEvAu0TK6h-61394b674441666c6142467056332b6c6a6f695441413d3d,Sign in,2025-11-25 05:03:37
https://skillbuilder.aws/signIn?redirect_uri=https%3A%2F%2Fskillbuilder.aws,Sign in,2025-11-25 05:03:35
https://login.us-east-1.auth.skillbuilder.aws/login?redirect_uri=https%3A%2F%2Fskillbuilder.aws%2FparseAuth&response_type=code&client_id=4ge76ro2nknc870bdudn76fkfm&state=1764047015T8HMFKQXP6kuEAI%7E4&code_challenge=3XCJc8Ma4zsIiJMPjIo1ZWr_wroHeyUw9MMSq2ZnGuo&code_challenge_method=S256,Sign in,2025-11-25 05:03:35
https://skillbuilder.aws/login,AWS Skill Builder,2025-11-25 05:03:34
https://skillbuilder.aws/,AWS Skill Builder,2025-11-25 05:03:27
https://awscertificationpractice.benchprep.com/app/aws-certified-cloud-practitioner-official-practice-question-set-clf-c02#exams/details/207433,Sign in,2025-11-25 05:03:24
https://awscertificationpractice.benchprep.com/app/aws-certified-cloud-practitioner-official-practice-question-set-clf-c02#exams/answers/321847702/14507423,AWS BenchPrep,2025-11-25 05:03:18
https://awscertificationpractice.benchprep.com/app/aws-certified-cloud-practitioner-official-practice-question-set-clf-c02#exams/answers/321847702/14507683,AWS BenchPrep,2025-11-25 05:03:17
https://awscertificationpractice.benchprep.com/app/aws-certified-cloud-practitioner-official-practice-question-set-clf-c02#exams/answers/321847702/14507423,AWS BenchPrep,2025-11-25 05:03:17
https://awscertificationpractice.benchprep.com/app/aws-certified-cloud-practitioner-official-practice-question-set-clf-c02#exams/answers/321847702/14507413,AWS BenchPrep,2025-11-25 05:03:17
https://awscertificationpractice.benchprep.com/app/aws-certified-cloud-practitioner-official-practice-question-set-clf-c02#exams/answers/321847702/14507583,AWS BenchPrep,2025-11-25 05:03:16
https://awscertificationpractice.benchprep.com/app/aws-certified-cloud-practitioner-official-practice-question-set-clf-c02#exams/answers/321847702/14507443,AWS BenchPrep,2025-11-25 05:03:16
https://awscertificationpractice.benchprep.com/app/aws-certified-cloud-practitioner-official-practice-question-set-clf-c02#exams/answers/321847702/14507473,AWS BenchPrep,2025-11-25 05:03:16
https://awscertificationpractice.benchprep.com/app/aws-certified-cloud-practitioner-official-practice-question-set-clf-c02#exams/answers/321847702/14507693,AWS BenchPrep,2025-11-25 05:03:15
https://awscertificationpractice.benchprep.com/app/aws-certified-cloud-practitioner-official-practice-question-set-clf-c02#exams/answers/321847702/14507513,AWS BenchPrep,2025-11-25 05:03:15
https://awscertificationpractice.benchprep.com/app/aws-certified-cloud-practitioner-official-practice-question-set-clf-c02#exams/answers/321847702/14507463,AWS BenchPrep,2025-11-25 05:03:15
https://awscertificationpractice.benchprep.com/app/aws-certified-cloud-practitioner-official-practice-question-set-clf-c02#exams/answers/321847702/14507603,AWS BenchPrep,2025-11-25 05:03:15
https://awscertificationpractice.benchprep.com/app/aws-certified-cloud-practitioner-official-practice-question-set-clf-c02#exams/answers/321847702/14507703,AWS BenchPrep,2025-11-25 05:03:15
https://awscertificationpractice.benchprep.com/app/aws-certified-cloud-practitioner-official-practice-question-set-clf-c02#exams/answers/321847702/14507403,AWS BenchPrep,2025-11-25 05:03:15
https://awscertificationpractice.benchprep.com/app/aws-certified-cloud-practitioner-official-practice-question-set-clf-c02#exams/answers/321847702/14507653,AWS BenchPrep,2025-11-25 05:03:14
https://awscertificationpractice.benchprep.com/app/aws-certified-cloud-practitioner-official-practice-question-set-clf-c02#exams/answers/321847702/14507563,AWS BenchPrep,2025-11-25 05:03:14
https://awscertificationpractice.benchprep.com/app/aws-certified-cloud-practitioner-official-practice-question-set-clf-c02#exams/answers/321847702/14507523,AWS BenchPrep,2025-11-25 05:03:14
https://awscertificationpractice.benchprep.com/app/aws-certified-cloud-practitioner-official-practice-question-set-clf-c02#exams/answers/321847702/14507643,AWS BenchPrep,2025-11-25 05:03:13
https://awscertificationpractice.benchprep.com/app/aws-certified-cloud-practitioner-official-practice-question-set-clf-c02#exams/answers/321847702/14507643,AWS BenchPrep,2025-11-25 05:02:15
https://awscertificationpractice.benchprep.com/app/aws-certified-cloud-practitioner-official-practice-question-set-clf-c02#exams/answers/321847702/14507543,AWS BenchPrep,2025-11-25 05:02:15
https://awscertificationpractice.benchprep.com/app/aws-certified-cloud-practitioner-official-practice-question-set-clf-c02#exams/answers/321847702/14507543,AWS BenchPrep,2025-11-25 05:02:14
https://awscertificationpractice.benchprep.com/app/aws-certified-cloud-practitioner-official-practice-question-set-clf-c02#exams/answers/321847702/14507533,AWS BenchPrep,2025-11-25 05:02:03
https://awscertificationpractice.benchprep.com/app/aws-certified-cloud-practitioner-official-practice-question-set-clf-c02#exams/details/207433,Sign in,2025-11-25 05:01:51
https://awscertificationpractice.benchprep.com/app/aws-certified-cloud-practitioner-official-practice-question-set-clf-c02#exams/take_exam/207433,AWS BenchPrep,2025-11-25 04:50:54
https://awscertificationpractice.benchprep.com/app/aws-certified-cloud-practitioner-official-practice-question-set-clf-c02#exams/exam_intro/207433,AWS BenchPrep,2025-11-25 04:50:51
https://awscertificationpractice.benchprep.com/app/aws-certified-cloud-practitioner-official-practice-question-set-clf-c02#exams/details/207433,Sign in,2025-11-25 04:50:50
https://awscertificationpractice.benchprep.com/app/aws-certified-cloud-practitioner-official-practice-question-set-clf-c02#exams,Products Dashboard | AWS BenchPrep,2025-11-25 04:50:33
https://awscertificationpractice.benchprep.com/app/aws-certified-cloud-practitioner-official-practice-question-set-clf-c02,Home | AWS BenchPrep,2025-11-25 04:50:31
https://us-east-1.auth.skillbuilder.aws/oauth2/authorize?client_id=1dpmu9iun25qmeafo2m23busua&nonce=a227d87e7c914bac1c14dcd7903df2b6&redirect_uri=https%3A%2F%2Fawscertificationpractice.benchprep.com%2Fsso%2Foidc%2Faws-vibe%2Flogin&response_type=code&scope=openid&state=eyJyYW5kb21fc3RhdGUiOiI1YWEzMzdjNDc5YzVlZWQ1MDQ2OTRjMTAzYTE2NmZmZiJ9&identity_provider=AWSBuilderID,Home | AWS BenchPrep,2025-11-25 04:50:28
https://awscertificationpractice.benchprep.com/sso/oidc/aws-vibe/login?code=16f6e1b5-0b1f-4872-8dc0-0fb4b5895c37&state=eyJyYW5kb21fc3RhdGUiOiI1YWEzMzdjNDc5YzVlZWQ1MDQ2OTRjMTAzYTE2NmZmZiJ9,Home | AWS BenchPrep,2025-11-25 04:50:28
https://login.us-east-1.auth.skillbuilder.aws/login/response,Sign in,2025-11-25 04:50:23
https://login.us-east-1.auth.skillbuilder.aws/login?client_id=1dpmu9iun25qmeafo2m23busua&nonce=a227d87e7c914bac1c14dcd7903df2b6&redirect_uri=https%3A%2F%2Fawscertificationpractice.benchprep.com%2Fsso%2Foidc%2Faws-vibe%2Flogin&response_type=code&scope=openid&state=eyJyYW5kb21fc3RhdGUiOiI1YWEzMzdjNDc5YzVlZWQ1MDQ2OTRjMTAzYTE2NmZmZiJ9,Sign in,2025-11-25 04:50:23
https://oidc.us-east-1.amazonaws.com/authorize?authorization_resumption_context=AAAADmtleS0xNTY0MDI4MDc44tQxMjpYNmJG7lXoz_ilrx7JAdnWAdM5dNgv053r8a8vkbNolP9jeNJUn3ABDm2RjCEVIiWHFWX6PufS5iOylX67uhKTZzejOCXNv0LJlJqrO7EH-HzJ3dgXydS50ouQgn62blXeSArxYiAWj-ju_0oUTNeere7sg5jf2MbinbX6tu7YhRzMCGjweV3zWazuylWOSYWPE1B6aWO0-AH_KOK0crE_N7zHnzEcH-eUThsmxV7B8g21HNLapPZXHeM9iiwkO4UBKkRLbG6sWAAUrfpB1ah1q61HMqBDfTuD-xpp7s1hYguATiNUv5sWvUD2C0Qmj2Ormc28bqzER6V_ybqX1kZtMlkdSubrLda0Kcq0jjV_oTAPhWFLv5CLfCITFkIveFICKfd_YiOwObUX4Y_E5_3h85HsrqFOC50fT56PV68Mu3B7j-SqwQlAWrNkCVZrk4aSNJcYyH8KQ1oZEJDEGRTfLRCNjdzpZ7H4j-Y1A0pQxShZy44JSwK8QSrriW3VcBl1e85mttElQpQ2mWlBFWToaCfPVw8cXKUgeXJgQFqK5pA5MSL5ztm2kVOb9zjvYWN5fMY9nrHWxEMYrfZw5hfl6W9Iu6S8jerRarBEqb2sOSKjKlL7aaR4mA9mufKAYKp0r5teNueURJVaHjcjoquOOqGEAcyoRjIWbveAVoQnrJzR7SFjcGJsFOTVt1HAhBiE-EOvpIsG_InspJbBtlO3DvBRI6cP11gweOr9qCjt_bIfZAqqHMjQVc_DblDs_nPjbCrK5QRxIVGaZwit_dTDphwIyDf3dp8Uns7ZLCDRvQ03e1MZghN9tHpc_qFJzMjHOVONgNFmUSBwDIkGGFY3xqB1OAiTmzI_bOFMH9gommKWd6YA79ljno0-burdg9NAQNzCw_kUhewqLullPdvC0dCgwkS_08blSQDNOqbkhu5aNyhGp9lWaejYdBc5szwQWRLn98yVorCIN0fBiQL2oxS5QLuDdVa_g8Cnr0f1kmft8OQmmIJTHiDwueFMyAgpn_4bcU0nVWGOpvbA7JB05SQIWIqA6GPT2qTJnrl0yD87WjD5o32o74ZNICVGw7w_AHSwf3iM5Se3sT-GkvXbnyyfWv1yu-1OPtKOZDfHL12_EmjfxKRUk7OSRe42jSfBFolnMRcxEa0xhSyJak4tFNmzHxbEYquOZhxF_OUOisP0Dk4MSm72PUm3GdZ2fPZCVx6gCquu5v-NDl3YgXQM7z9Eo6b2iv9Myf1pzkTTRQeCE07yO1u60CbxkfjZxqPmFhcM5eJP-1VbcpVGwwZOc4gN92_F9cpaBh7f_l-D_6wctLUU9B4zJ-vtQFpLPNh_jenKC9SzkGsbdnXn1tkBnFb2V4rdY8l2feen_L9G5qerFmzw5t5PM2zoKcMafqHAy9717FLdv483MXU29e1Zz4Um9M0XcX5gAvQXVXeQc5lqtLGX_l6RlgjKVYI_qft66iOSacIjH4Q9Bp1bbVutm0pS5A_kVpCAqQoFafbtlH10kEAqQxfp5b95K_1x2ICMX6ltpdq54HDMXBBfGsSmxqQzPES-ToVg7czNKkSSWGfPB_bkYgvV4E54SLCxAkSM1TGqMI_0K66DmSROBC51KCSxz87FnvTpGcpqPM2t6_EkdC0YFRZBftzFJr_0OFYc0tdXvWkuOjfW83Czr88csKA92LwW3hpNfrauFNJ0ruYNrRnHZGEfclMigYf6DaJ5OK9Epfvrq4e2X6qxrWGE7-jhZZzagmxSwzcMJoFHZxh2-K8R-CznWRVF6BZwqq6BYp_xzF-0eQIAspMmZMNzIKAAdU4hLRUAGuuxzHPqjBbeAu4f5bG9j7cu3X677k_AKRW-NPF5cCgC6Wz7916ep-zqTsO2Zb8E3zGslty_VQ35yE99kAyM04kpiX2WkuhraeD8WBABnCERmg-xH8KBrk1vwDW7X_020xjrHJxbfRnF5aZwxbrVzwU9X423mrvO3gjzYrBVmuAAJgQQ-MreNZ_tepRpiQXty0mqbjVBWD3_1H9A6c9AsYyX0qLwmTnlsTBf9h_2EVRYIOQE13l_DQLxuHf2b2eZoMVAkn9HRkz5k7XyMXsKuarn5Rxb-LdgknF5Ax6yvb8Qf79E0LjA3hryVrJq9B9mzPm4U_fAIlBI_O5DCwRqRWtFUHqR3qKa-JrXvYjzMHeOPMRVHBkZ7g3kDRyghnbSJfJBRoFqCSEVxi_IsmfBK3MLQpVvMHsWO6PCUK65OsBVB8C16MPfeK_rcuKHASnyAc-tNOnitoNCMsg7nW88aqB8JOoKZHQY70TBYGc0y0pPPVt0f_oRaTB-fVdjxS2aDJAGYSEVqkRo08WMo8rbKaaBMKj5auCo1PkaRoZv8zHalSsdudWGFu1k78Jqzvl7SGMNp9fCdeVC9HSLNxEPlk8mGqqFxIE3git6ZSCu3yLK0EXbVktjNGXyoaV2eltvXngf7W72vP3ckbzLyvSHwLj_arnVDwbSvwTxWqE4xGG-XrZpmSSC_STjgSEOIX3slzxfrqYDl8rmGeE7A8N8Zp5OQ1Igcy7hjACoSPIM45YczEj55j034pRSCYMDWmh__i8BpbYqnVSuYGW0oT9dpPK2MvQAO3_cM3aoScz0_VnICcFEeNo5x0NjrLbHylaN4a_6cNZfzehQG6Ba9GalVyf3VsKC2QDexob66hXSV9QVT1fKsEkNQkdfIIiZKhYB1jdBJksr1XPorvM-bbnvFn6qExZkJADiCHRBYpB46bA2uR0Ksbuen4cpMqdP3CLNmJmy0BshjBGe-_9t0icZmjFHbUkjHjifCTw4sGDEhu7OzDScydwItWKqdn_oE0vGWiwFfJmjXnb9_RYMqytBDR5w4l7NNXeve0vNiR_y6JM6h72iRj3prIKpxRJ_LTjjWwJL8FmEP4V-vuGuXqW9C8t6RaL13uxukdxtv_cVzC01HyNYUh3JDvTN76xrgNI7bnBgljbPGp6EmSMCyAEfRPCb-8Bb4Y_TO_PvZHYb-Kwhzh9XTjLOqg-riYSCqNtF8eRJ5BS9mWcBC30NgpCg8VUtEerkCvCbWncqU8DUbuom5ZC0ltVw1xQvdS4aTeMHUY2Bypg5g1TwIFfT-vaZcJIb3fB6PXuTKq-pdkcvEvfAez_IP7j3KDyNBFDox4cAW2PpcRiL_z10qtiBVkX-yKQXR4Vsew9nIcgn3quSfHBSSv7jbeiI7LxEiDyalBLNgYh4gLUOqsyfwiW2FSaWrV3ZTICz-DOpQQgn9SrSIL2WT2V9kQo,Sign in,2025-11-25 04:50:22
https://us-east-1.bid.auth.aws.training/oidc/getResponseUrl?code=eyJraWQiOiJrZXktMTU2NDAyODA3OCIsImFsZyI6IkhTMzg0In0.eyJwbGFpbnRleHQiOiJpVFptU1JPZVVqOGFaZUNEMDFDTTJJTzNpcXJ5T3ZaQ0s5aFpwQ2g5aU9ZIiwiZXhwIjoxNzY0MDQ2NTIxLCJ0eXBlIjoiYXV0aENvZGUifQ.w8SvtdgOAUoJcyx0IuwPq70NuZ-V75O888KbTsT2yK5cDktfDFuKUWXIDJftNGGw&state=QUFBQURtdGxlUzB4TlRZNE9UVTFNekEzeFdZN1c0NHdPNUc3SEtzZGNqNmtKdXVrSTBnZ0JLTjI2Ukcydms3eS00UjAzaFNiNnF4WnREMTZ2MEN3NE5odjZpU2R1ZU1FRHE3RWV3LVI4aHNPZ0E2cy16Z3RYbVpqRkFoRXhhQUJCZ3dZTGhyLVpoYlE4dC1iQk9fckNhN0dpNi1oNmFac2dlSEpOQTZhU0NYWEducDM4YndpUjRtcHl3QlpEa3hPY3FjLXpMbFhuXzNtUjd1U2pGU2hRQVYxT3lWMDF5WS1qOUtPR1czQ0ZpQzE2Q1ZXWGFNcjFZQ3ByUVF1dkxQUXFjSXhtNy1iWmRsbWc2SjlfMjA,Sign in,2025-11-25 04:50:22
https://us-east-1.auth.skillbuilder.aws/oauth2/idpresponse?code=dbfd67ae-0121-47dd-a783-9315c6a80a41&state=H4sIAAAAAAAAAG2RW2_aQBCF_8s-Y2DZm-ENMAHXQJo6GEgVobV3fb_htWOg6n_vRpGqPvTtaOacb0Y6vwAHM9ApQ3LVGvDiBKf1vs1_nMEA-HozP7qLLsmFbGxLjwI9InmtFG6yqlXNJCalCkqOx2kbJtogtCFu21rNRqO8ipJy-Jc95F0bD1WW5Ln_hRzyXn25Ro1UdVUqqRFSI4JKfMpQy2fbWmoZgdlPUNWyTAR4H4D4c-M5q441UZWRb5sth-urXXos69fnm_sRmI2BKUMYYUgpwowjyBCaMoInCGFCKMVYUkLGhLIJY0ggoc8kmptVlu-mi4U3393rtLNTax15lncwa_zo59H5uhQnpzBNWEc6keqEOyFUy0xLyaXCh-3xLXPjo_D7Xd_nosC2Kru4hq5dHJ53cP6yK25xesN7Vnm9z-4XgY7eBu5h9MiYNGxRZlM6eWLbaa0Iu5BXFZ1bJ05oEF2epvjmXK48iG-eY6PV_Hn64N3qmsXFap1m-7v35hW7A1nybisep-OFPMLXzT18ib63ZF4gd-d051Vhmfrj_N_y_1-QdhVgBhnFY0wn0ByAGsxCnis5AI2OY0QFC0JphAyGBsaQGKYYY4NBH41DThCSUDM-dH_vv_8AiO3kFG8CAAA.H4sIAAAAAAAAAJON7l9qeLX9DFu38_H8z9phgVbqTyXdGnYn7puS_c31QC4ANwsH6SAAAAA.4,Sign in,2025-11-25 04:50:22
https://login.us-east-1.auth.skillbuilder.aws/login/response?code=c68abcf2-d996-484f-97c9-aaa8bc74141e&state=OVKEu7rgok5JHLa1GqInV7kwGYxSvc8r-4673434166347a3173397542334556644e65505672773d3d,Sign in,2025-11-25 04:50:22
https://us-east-1.auth.skillbuilder.aws/oauth2/authorize?redirect_uri=https%3A%2F%2Flogin.us-east-1.auth.skillbuilder.aws%2Flogin%2Fresponse&response_type=code&client_id=5lpss4rkotsr2h5nscna40jtfi&identity_provider=AWSBuilderID&scope=openid&state=OVKEu7rgok5JHLa1GqInV7kwGYxSvc8r-4673434166347a3173397542334556644e65505672773d3d&code_challenge=koDbSjBBVAMypjuIjDGgVDVU8p4zwAgYqCdXKm881pg&code_challenge_method=S256,AWS access portal,2025-11-25 04:50:20
https://us-east-1.bid.auth.aws.training/oidc/authorize?client_id=gandalf&redirect_uri=https%3A%2F%2Fus-east-1.auth.skillbuilder.aws%2Foauth2%2Fidpresponse&scope=openid+profile+email&response_type=code&state=H4sIAAAAAAAAAG2RW2_aQBCF_8s-Y2DZm-ENMAHXQJo6GEgVobV3fb_htWOg6n_vRpGqPvTtaOacb0Y6vwAHM9ApQ3LVGvDiBKf1vs1_nMEA-HozP7qLLsmFbGxLjwI9InmtFG6yqlXNJCalCkqOx2kbJtogtCFu21rNRqO8ipJy-Jc95F0bD1WW5Ln_hRzyXn25Ro1UdVUqqRFSI4JKfMpQy2fbWmoZgdlPUNWyTAR4H4D4c-M5q441UZWRb5sth-urXXos69fnm_sRmI2BKUMYYUgpwowjyBCaMoInCGFCKMVYUkLGhLIJY0ggoc8kmptVlu-mi4U3393rtLNTax15lncwa_zo59H5uhQnpzBNWEc6keqEOyFUy0xLyaXCh-3xLXPjo_D7Xd_nosC2Kru4hq5dHJ53cP6yK25xesN7Vnm9z-4XgY7eBu5h9MiYNGxRZlM6eWLbaa0Iu5BXFZ1bJ05oEF2epvjmXK48iG-eY6PV_Hn64N3qmsXFap1m-7v35hW7A1nybisep-OFPMLXzT18ib63ZF4gd-d051Vhmfrj_N_y_1-QdhVgBhnFY0wn0ByAGsxCnis5AI2OY0QFC0JphAyGBsaQGKYYY4NBH41DThCSUDM-dH_vv_8AiO3kFG8CAAA.H4sIAAAAAAAAAJON7l9qeLX9DFu38_H8z9phgVbqTyXdGnYn7puS_c31QC4ANwsH6SAAAAA.4,AWS access portal,2025-11-25 04:50:20
https://oidc.us-east-1.amazonaws.com/authorize?client_id=xTfQ_8JYdQ2Nw7IUC16bsnVzLWVhc3QtMQ&redirect_uri=https%3A%2F%2Fus-east-1.bid.auth.aws.training%2Foidc%2FgetResponseUrl&response_type=code&state=QUFBQURtdGxlUzB4TlRZNE9UVTFNekEzeFdZN1c0NHdPNUc3SEtzZGNqNmtKdXVrSTBnZ0JLTjI2Ukcydms3eS00UjAzaFNiNnF4WnREMTZ2MEN3NE5odjZpU2R1ZU1FRHE3RWV3LVI4aHNPZ0E2cy16Z3RYbVpqRkFoRXhhQUJCZ3dZTGhyLVpoYlE4dC1iQk9fckNhN0dpNi1oNmFac2dlSEpOQTZhU0NYWEducDM4YndpUjRtcHl3QlpEa3hPY3FjLXpMbFhuXzNtUjd1U2pGU2hRQVYxT3lWMDF5WS1qOUtPR1czQ0ZpQzE2Q1ZXWGFNcjFZQ3ByUVF1dkxQUXFjSXhtNy1iWmRsbWc2SjlfMjA,AWS access portal,2025-11-25 04:50:20
https://view.awsapps.com/start/?callback_url=https%3A%2F%2Foidc.us-east-1.amazonaws.com%2Fauthentication_result&orchestrator_id=AAAADmtleS0xNTY0MDI4MDc4yjnr7xZ6gXoj6c2U4-5XRWLkGggi9znf4RRzmv6iEnWUx6fZaD4o7la0hRZcUnXB583Y1ClUrk7S_ZNMKN9z8rofbbg3I-aJ6KvMtIKjhZ8ogTiSI7IQ41B5QXXjFHHqo-7Rra_xeS_grYAcJ4Y1UKDkFS31cFtNxbnFIY4LRuSkU_c2OR7bdBnQw2CuM8vq7elqahERkdxqyuLFB1vHL1gaVCVswbiJ1PSsESDmkCY5euz_TCXBtWALsNGbAHTkepWPgjmSyv5AaJIUhJ4wrD7gJCngT4rZ-65vyqwuo6goewwrzysRlUSk_8fOyM5fb7PfSbKSnpHdEa8oSzfohmD4H5AgCSlTmQQ3JffpibgJ4G0pmnpHEacGlU6CyrWnan4QVwPN3lS1bMk4aHh4VjbFGaraOuSz2FDXCLHSMySKzGhu9TdkCbXN5qAHm79l3L2TvXRvaGZICQHI_FHicUaDtAoanNGYDYW3l1q4uBsrutQDwE798k60ns7V5DKrDlDzjiFy7Asa9mUXDOG5US3m6YRYU2vE-FmI_B9GhfjzDtIwE7wFQCy65UW7ZlL7Fui14DiRD3Uii0c4FyrPkuzFfwQ-v79XmFvEQ13xtpNVbmKQPr6KWImX78JQW_T81f42ZErdxQm9BMpWUPxoAsL4gbfiCy5JQBWSzpZed4h5AIdy-C3yXHl4EsB2oMySQf-INOqQWhkI9Hut-K7Xr5aVfAYX7S1fQZrjt5upVftSqw58Dc63iqSNevdvlVucjhPblAgjbXJWlpk8MbY3-Ynp8FC6r3n7LUl3Tfk8GJY-BxDpUJm98B47hfXCJD8gz7TQDwHHyf2Nc2ZzT1_Uv89EZjmihe10xRdNh-LNfSRrZh4oh0Dez5gxlDBiocKh_4XwW29Tv3YFLoTREGY0oFkxwqun0A8YFFg-quK8f2ad2C_3wPu9H2Dtl4e6QgdLtGThZWQ4M2dnBBXKWq2n63v-eAlTeJ2zAsHrO2QpZbrOqOyODRLE0pZ9ZC2AaKMthunxr7Rb3zjG_f2lqOYgkJYuWhD-af6ssUGl3c5h,AWS access portal,2025-11-25 04:50:20
https://view.awsapps.com/start/#/?callback_url=https%3A%2F%2Foidc.us-east-1.amazonaws.com%2Fauthentication_result&orchestrator_id=AAAADmtleS0xNTY0MDI4MDc4yjnr7xZ6gXoj6c2U4-5XRWLkGggi9znf4RRzmv6iEnWUx6fZaD4o7la0hRZcUnXB583Y1ClUrk7S_ZNMKN9z8rofbbg3I-aJ6KvMtIKjhZ8ogTiSI7IQ41B5QXXjFHHqo-7Rra_xeS_grYAcJ4Y1UKDkFS31cFtNxbnFIY4LRuSkU_c2OR7bdBnQw2CuM8vq7elqahERkdxqyuLFB1vHL1gaVCVswbiJ1PSsESDmkCY5euz_TCXBtWALsNGbAHTkepWPgjmSyv5AaJIUhJ4wrD7gJCngT4rZ-65vyqwuo6goewwrzysRlUSk_8fOyM5fb7PfSbKSnpHdEa8oSzfohmD4H5AgCSlTmQQ3JffpibgJ4G0pmnpHEacGlU6CyrWnan4QVwPN3lS1bMk4aHh4VjbFGaraOuSz2FDXCLHSMySKzGhu9TdkCbXN5qAHm79l3L2TvXRvaGZICQHI_FHicUaDtAoanNGYDYW3l1q4uBsrutQDwE798k60ns7V5DKrDlDzjiFy7Asa9mUXDOG5US3m6YRYU2vE-FmI_B9GhfjzDtIwE7wFQCy65UW7ZlL7Fui14DiRD3Uii0c4FyrPkuzFfwQ-v79XmFvEQ13xtpNVbmKQPr6KWImX78JQW_T81f42ZErdxQm9BMpWUPxoAsL4gbfiCy5JQBWSzpZed4h5AIdy-C3yXHl4EsB2oMySQf-INOqQWhkI9Hut-K7Xr5aVfAYX7S1fQZrjt5upVftSqw58Dc63iqSNevdvlVucjhPblAgjbXJWlpk8MbY3-Ynp8FC6r3n7LUl3Tfk8GJY-BxDpUJm98B47hfXCJD8gz7TQDwHHyf2Nc2ZzT1_Uv89EZjmihe10xRdNh-LNfSRrZh4oh0Dez5gxlDBiocKh_4XwW29Tv3YFLoTREGY0oFkxwqun0A8YFFg-quK8f2ad2C_3wPu9H2Dtl4e6QgdLtGThZWQ4M2dnBBXKWq2n63v-eAlTeJ2zAsHrO2QpZbrOqOyODRLE0pZ9ZC2AaKMthunxr7Rb3zjG_f2lqOYgkJYuWhD-af6ssUGl3c5h,AWS access portal,2025-11-25 04:50:20
https://awscertificationpractice.benchprep.com/app/aws-certified-cloud-practitioner-official-practice-question-set-clf-c02#exams/details/207433,Sign in,2025-11-25 04:50:14
https://awscertificationpractice.benchprep.com/sso/oidc/aws-vibe/initiate#exams/details/207433,Sign in,2025-11-25 04:50:14
https://login.us-east-1.auth.skillbuilder.aws/login?client_id=1dpmu9iun25qmeafo2m23busua&nonce=a227d87e7c914bac1c14dcd7903df2b6&redirect_uri=https%3A%2F%2Fawscertificationpractice.benchprep.com%2Fsso%2Foidc%2Faws-vibe%2Flogin&response_type=code&scope=openid&state=eyJyYW5kb21fc3RhdGUiOiI1YWEzMzdjNDc5YzVlZWQ1MDQ2OTRjMTAzYTE2NmZmZiJ9#exams/details/207433,Sign in,2025-11-25 04:50:14
https://www.google.com/,Google,2025-11-25 04:50:08
https://canvas.illinoisstate.edu/courses/37211/assignments/684773?module_item_id=1571348&confetti=true,Second Exam,2025-11-24 02:42:40
https://canvas.illinoisstate.edu/courses/37211/modules/items/1571348,Second Exam,2025-11-24 02:41:58
https://canvas.illinoisstate.edu/courses/37211/assignments/684773?module_item_id=1571348,Second Exam,2025-11-24 02:41:58
https://docs.google.com/document/u/0/create?usp=docs_home&ths=true,Untitled document - Google Docs,2025-11-24 00:04:48
https://docs.google.com/document/d/18arl1Iddlcpl6Vpdva4x93yhBzhLZUlJnBIDJQRXb7A/edit?tab=t.0,Untitled document - Google Docs,2025-11-24 00:04:48
https://chatgpt.com/,ChatGPT,2025-11-24 00:00:37
https://canvas.illinoisstate.edu/courses/37211/modules/items/1617509,PHI-101 Hester and Cheney,2025-11-23 23:58:46
https://canvas.illinoisstate.edu/courses/37211/modules/items/1489365,Hester and Cheney - Truth and Native American epistemology.pdf: PHI 101 001 Fall 2025 - Basic Issues In Philosophy,2025-11-23 23:58:44
https://canvas.illinoisstate.edu/courses/37211/files/5759496?module_item_id=1489365,Hester and Cheney - Truth and Native American epistemology.pdf: PHI 101 001 Fall 2025 - Basic Issues In Philosophy,2025-11-23 23:58:44
https://gemini.google.com/app/b715960b9d621b7d,Google Gemini,2025-11-23 23:13:52
https://gemini.google.com/app,Google Gemini,2025-11-23 23:12:45
https://gemini.google.com/,‎Google Gemini,2025-11-23 23:12:44
https://canvas.illinoisstate.edu/courses/37211/modules/items/1611116,Descartes: First Meditation,2025-11-23 23:05:19
https://canvas.illinoisstate.edu/courses/37211/modules/items/1489358,Descartes - First Meditation.pdf: PHI 101 001 Fall 2025 - Basic Issues In Philosophy,2025-11-23 23:05:17
https://canvas.illinoisstate.edu/courses/37211/files/5759498?module_item_id=1489358,Descartes - First Meditation.pdf: PHI 101 001 Fall 2025 - Basic Issues In Philosophy,2025-11-23 23:05:17
https://canvas.illinoisstate.edu/courses/37211/modules/items/1489360,Moore - The Proof of an External World.pdf: PHI 101 001 Fall 2025 - Basic Issues In Philosophy,2025-11-23 23:05:16
https://canvas.illinoisstate.edu/courses/37211/files/5759495?module_item_id=1489360,Moore - The Proof of an External World.pdf: PHI 101 001 Fall 2025 - Basic Issues In Philosophy,2025-11-23 23:05:16
https://canvas.illinoisstate.edu/courses/37211/modules,Course Modules: PHI 101 001 Fall 2025 - Basic Issues In Philosophy,2025-11-23 23:05:07
https://canvas.illinoisstate.edu/courses/37211,PHI 101 001 Fall 2025 - Basic Issues In Philosophy,2025-11-23 23:05:04
https://canvas.illinoisstate.edu/courses/37211/grades,Grades for Zac Davis: PHI 101 001 Fall 2025 - Basic Issues In Philosophy,2025-11-23 23:05:03
https://canvas.illinoisstate.edu/courses/37211/assignments/684773,Second Exam,2025-11-23 23:03:26
https://canvas.illinoisstate.edu/courses/37211/grades,Grades for Zac Davis: PHI 101 001 Fall 2025 - Basic Issues In Philosophy,2025-11-23 23:03:25
https://canvas.illinoisstate.edu/courses/37211/assignments/648434/submissions/34840,"Quiz: Hester and Cheney, ""Truth and Native American Epistemology"": Zac Davis",2025-11-23 23:03:05
https://canvas.illinoisstate.edu/courses/37211/grades,Grades for Zac Davis: PHI 101 001 Fall 2025 - Basic Issues In Philosophy,2025-11-23 23:03:01
https://canvas.illinoisstate.edu/courses/37211/assignments/684773,Second Exam,2025-11-23 23:02:48
https://canvas.illinoisstate.edu/courses/37211,PHI 101 001 Fall 2025 - Basic Issues In Philosophy,2025-11-23 23:02:48
https://sso.canvaslms.com/delegated_auth_pass_through?target=https%3A%2F%2Fcanvas.illinoisstate.edu%2F,Dashboard,2025-11-23 23:02:41
https://canvas.illinoisstate.edu/,Dashboard,2025-11-23 23:02:41
https://sso.illinoisstate.edu/idp/profile/SAML2/Redirect/SSO?execution=e1s2&_eventId_proceed=1,Central Login | Illinois State University - Saving Session Information...,2025-11-23 23:02:40
https://sso.illinoisstate.edu/idp/profile/SAML2/Redirect/SSO?execution=e1s3,Central Login | Illinois State University - Saving Session Information...,2025-11-23 23:02:40
https://sso.illinoisstate.edu/idp/profile/SAML2/Redirect/SSO?execution=e1s3,Central Login | Illinois State University - Saving Session Information...,2025-11-23 23:02:40
https://docs.google.com/document/u/0/?usp=direct_url,Google Docs,2025-11-23 23:02:40
https://docs.google.com/document/u/0/,Google Docs,2025-11-23 23:02:40
http://canvas.illinoisstate.edu/,Central Login | Illinois State University - Loading Session Information,2025-11-23 23:02:39
https://canvas.illinoisstate.edu/,Dashboard,2025-11-23 23:02:39
https://canvas.illinoisstate.edu/login,Central Login | Illinois State University - Loading Session Information,2025-11-23 23:02:39
https://canvas.illinoisstate.edu/login/saml,Central Login | Illinois State University - Loading Session Information,2025-11-23 23:02:39
https://sso.illinoisstate.edu/idp/profile/SAML2/Redirect/SSO?SAMLRequest=fVJLT8MwDL7zK6rc26wtYxBtkwYTYhKPaR0cuKAsdcFSmpQ44fHvyToQQwIuOTj%2BHv7sMclWd2IW%2FJNZwXMA8slbqw2J%2FmPCgjPCSkISRrZAwitRza4uRZENROest8pqtgf5HyGJwHm0hiWL%2BYQ9NDnUMFRleliM4lOOVLo5Phqmxxs5Gp40JQxkzZI7cBQxExYpIpAowMKQl8bH0qAYpnmeFuW6KMWgEOXoniXzOAca6XvUk%2FcdCc6JbIZao7FIEe0hgzpwrDseB2lQA9%2F6LPgKanSgPK%2BqG5bMviyfWUOhBVeBe0EFt6vLb2olzYukX9i1fUTDt8GwZPkZ1ymaGs3j%2F0ltdk0kLtbrZbq8qdZsOt7yiH5%2BN91KR%2BWfkhhjcUH54CBTtu2FizHfx413G7%2BOiov50mpU78m5da30fxvKs7yvYJ02fasIhjpQ2CDE%2Fcy0tq9nDqKDCYv6wPh0J%2FrzsqYHHw%3D%3D&SigAlg=http%3A%2F%2Fwww.w3.org%2F2001%2F04%2Fxmldsig-more%23rsa-sha256&Signature=YRZ9Y%2Bu6Dea18kbPzIr7tLe3hozvRAB%2FK%2FdP2yOr2g9cRlRTHX9vSTnVRqHdfdBPC%2FvvUjphtGg3Sl%2FZeZjvmAu6DgboOUUlycQufSFhc2YaDDzFtKUfzXR4VNss%2F2Io7df8eUoi0EafVCqCiSO9RdxaXQZexuR43QL4X8F%2F4%2BArOHBKveYh0lynYZbD8kBdy0ltY8ggDerKnSre137GCSNCJyFwSUYo1iedaxBKB8F%2Bah%2Fple3Wt%2BhqRs0F4PbR%2FwPZLhy2SS3rSnh89iANezFM0h50d2jVYfIJZJk38uFvzQ7X%2FRFNDD0oDm5%2BeP3zEyCuFraHSSQ6mSsxOpicuA%3D%3D,Central Login | Illinois State University - Loading Session Information,2025-11-23 23:02:39
https://sso.illinoisstate.edu/idp/profile/SAML2/Redirect/SSO?execution=e1s1,Central Login | Illinois State University - Loading Session Information,2025-11-23 23:02:39
https://sso.illinoisstate.edu/idp/profile/SAML2/Redirect/SSO?execution=e1s2,Working...,2025-11-23 23:02:39
https://sso.illinoisstate.edu/idp/profile/Authn/SAML2/POST/SSO/start?conversation=e1s2,Working...,2025-11-23 23:02:39
https://login.microsoftonline.com/085f983a-0b69-4270-b71d-10695076bafe/saml2?SAMLRequest=hZJPb9swDMW%2FiqG7LVmOk1iIU2QNhgXo1qB2e9hlkGy6ESBLmSh327efmj9Dd2nPfPyRfI%2Brm9%2BjSV7Ao3a2JnnGSAK2c722zzV5bD%2BnS3KzXqEcDT%2BKzRQO9gF%2BToAhiY0WxblSk8lb4SRqFFaOgCJ0otl8vRM8Y%2BLoXXCdMyTZIIIPcdStsziN4BvwL7qDx4e7mhxCOKKgFNFl2hhtnUYMMkAG%2FUR1f6QRNGgD9LQHfeVzur9vWto09yTZxq20leF0yRVm3LO22ag779ANwdnIhaxzI2XLcqiWhUyZmlfpjC9YqhZ5n%2BZsXpVsMVdyAHo6jyS7bU1%2BAOOS9cNspvpKsWooZwB5VypQ5VDkchFliBPsbFzahppwxss0z1NetLwQjItimRU8%2F06S%2FcWQT9qejX7PPXUWofjStvv09VySPF0DiwJyiUecpvu3ubwPltcwyPpj6%2FGglXIGwmFF34779xvfIn%2B33Tujuz%2FJxhj369ZDJNQk%2BAkIXV%2F6%2Fv%2Bi9V8%3D&RelayState=e1s2,Working...,2025-11-23 23:02:39
https://login.microsoftonline.com/085f983a-0b69-4270-b71d-10695076bafe/saml2?SAMLRequest=hZJPb9swDMW%2FiqG7LVmOk1iIU2QNhgXo1qB2e9hlkGy6ESBLmSh327efmj9Dd2nPfPyRfI%2Brm9%2BjSV7Ao3a2JnnGSAK2c722zzV5bD%2BnS3KzXqEcDT%2BKzRQO9gF%2BToAhiY0WxblSk8lb4SRqFFaOgCJ0otl8vRM8Y%2BLoXXCdMyTZIIIPcdStsziN4BvwL7qDx4e7mhxCOKKgFNFl2hhtnUYMMkAG%2FUR1f6QRNGgD9LQHfeVzur9vWto09yTZxq20leF0yRVm3LO22ag779ANwdnIhaxzI2XLcqiWhUyZmlfpjC9YqhZ5n%2BZsXpVsMVdyAHo6jyS7bU1%2BAOOS9cNspvpKsWooZwB5VypQ5VDkchFliBPsbFzahppwxss0z1NetLwQjItimRU8%2F06S%2FcWQT9qejX7PPXUWofjStvv09VySPF0DiwJyiUecpvu3ubwPltcwyPpj6%2FGglXIGwmFF34779xvfIn%2B33Tujuz%2FJxhj369ZDJNQk%2BAkIXV%2F6%2Fv%2Bi9V8%3D&RelayState=e1s2&sso_reload=true,Working...,2025-11-23 23:02:39
https://www.google.com/,Google,2025-11-23 23:02:36
https://sso.canvaslms.com/delegated_auth_pass_through?target=https%3A%2F%2Fcanvas.illinoisstate.edu%2F,Dashboard,2025-11-23 06:56:23
https://canvas.illinoisstate.edu/,Dashboard,2025-11-23 06:56:23
https://sso.illinoisstate.edu/idp/profile/SAML2/Redirect/SSO?execution=e1s3,Central Login | Illinois State University - Saving Session Information...,2025-11-23 06:56:20
https://sso.illinoisstate.edu/idp/profile/SAML2/Redirect/SSO?execution=e1s2,Working...,2025-11-23 06:56:19
https://sso.illinoisstate.edu/idp/profile/Authn/SAML2/POST/SSO/start?conversation=e1s2,Working...,2025-11-23 06:56:19
https://login.microsoftonline.com/085f983a-0b69-4270-b71d-10695076bafe/saml2?SAMLRequest=hZJPb9swDMW%2FiqG7LVmOHVuIU2QNhgVo16B2e9hlkG2mESBLmSi327efmj9Fe2nPfPyRfI%2BLq7%2Bjjp7BobKmJmnCSASmt4MyTzV5aL%2FHJblaLlCOmh%2FEavJ7cw9%2FJkAfhUaD4lSpyeSMsBIVCiNHQOF70axubwRPmDg4621vNYlWiOB8GHVtDU4juAbcs%2Brh4f6mJnvvDygoRbSJ0loZqxC99JDAMFE1HGgA7ZQGetyDvvI53d41LW2aOxKtw1bKSH%2B85ALT9kmZZFS9s2h33prAhaS3I2VlvqvKTMasK6p4xucs7ubpEKesqHI2Lzq5A3o8j0SbdU1%2BV2lZ8HLgPct4nlUDL3jKZjl0s64qC5kFGeIEGxOWNr4mnPE8TtOYZy0rRF6ItEwqxn6RaHs25JsyJ6M%2Fc687iVD8aNtt%2FHouiR4vgQUBOccjjtPd%2B1w%2BB8tLGGT5tfW4V11nNfj9gr4f9%2FYbPwN%2Fs95arfp%2F0Upr%2B3LtIBBq4t0EhC7PfR%2B%2FaPkf&RelayState=e1s2,Working...,2025-11-23 06:56:19
https://login.microsoftonline.com/085f983a-0b69-4270-b71d-10695076bafe/saml2?SAMLRequest=hZJPb9swDMW%2FiqG7LVmOHVuIU2QNhgVo16B2e9hlkG2mESBLmSi327efmj9Fe2nPfPyRfI%2BLq7%2Bjjp7BobKmJmnCSASmt4MyTzV5aL%2FHJblaLlCOmh%2FEavJ7cw9%2FJkAfhUaD4lSpyeSMsBIVCiNHQOF70axubwRPmDg4621vNYlWiOB8GHVtDU4juAbcs%2Brh4f6mJnvvDygoRbSJ0loZqxC99JDAMFE1HGgA7ZQGetyDvvI53d41LW2aOxKtw1bKSH%2B85ALT9kmZZFS9s2h33prAhaS3I2VlvqvKTMasK6p4xucs7ubpEKesqHI2Lzq5A3o8j0SbdU1%2BV2lZ8HLgPct4nlUDL3jKZjl0s64qC5kFGeIEGxOWNr4mnPE8TtOYZy0rRF6ItEwqxn6RaHs25JsyJ6M%2Fc687iVD8aNtt%2FHouiR4vgQUBOccjjtPd%2B1w%2BB8tLGGT5tfW4V11nNfj9gr4f9%2FYbPwN%2Fs95arfp%2F0Upr%2B3LtIBBq4t0EhC7PfR%2B%2FaPkf&RelayState=e1s2&sso_reload=true,Working...,2025-11-23 06:56:19
https://sso.illinoisstate.edu/idp/profile/SAML2/Redirect/SSO?execution=e1s2&_eventId_proceed=1,Central Login | Illinois State University - Saving Session Information...,2025-11-23 06:56:19
https://sso.illinoisstate.edu/idp/profile/SAML2/Redirect/SSO?execution=e1s3,Central Login | Illinois State University - Saving Session Information...,2025-11-23 06:56:19
http://canvas.illinoisstate.edu/,Central Login | Illinois State University - Loading Session Information,2025-11-23 06:56:18
https://canvas.illinoisstate.edu/,Dashboard,2025-11-23 06:56:18
https://canvas.illinoisstate.edu/login,Central Login | Illinois State University - Loading Session Information,2025-11-23 06:56:18
https://canvas.illinoisstate.edu/login/saml,Central Login | Illinois State University - Loading Session Information,2025-11-23 06:56:18
https://sso.illinoisstate.edu/idp/profile/SAML2/Redirect/SSO?SAMLRequest=fVJfb9owEH%2Ffp4j8njgJFJAFSAw0FakbiLA%2B7GVynEs5ybFTn822bz8TWo1Ka1%2Fv7vfXnpPsdC9WwZ%2FMAZ4DkE9%2Bd9qQGBYLFpwRVhKSMLIDEl6JavX1QZRZLnpnvVVWsxvIxwhJBM6jNSzZbhbsZ1tMytF4WqezUQ3pWI3ztG7zIi1ms2ld5nE5KVnyCI4iZsEiRQQSBdga8tL4OMrLu7Qo0nJ0zCfibiKK2Q%2BWbGIONNIPqJP3PQnOiWyGWqOxSBHtIYMmcGx6HoO0qIFffJb8AA06UJ5X1Y4lq1fLa2sodOAqcGdU8P3w8I9aSXOW9B92bZ%2FQ8EsxLNm%2F1PUZTYPm6eOm6usRifvjcZ%2Fud9WRLecXHjHkd8uLdFR%2BK4mxFheUDw4yZbtBuJzzW9z8%2BuLfouJ2s7ca1Z%2Fki3Wd9O8bKrJimGCTtsOpCIZ6UNgiNLEire2vtYPoYMGiPjC%2BvIq%2B%2FVnLT38B&SigAlg=http%3A%2F%2Fwww.w3.org%2F2001%2F04%2Fxmldsig-more%23rsa-sha256&Signature=kFMNdqjxAc1MfW11QfnFOU8FcorzSE1KgefLKQe7MZVuSklFtQFyie9sfHNLy0ecxCv72jNn57E9AlmA%2BmWuAdd%2FVjfTRrTkGUi8WmHks2jCay2I5g7fRAqYfbQX%2Fy5BfmnB2rqBYA6mwD%2Fgu7rhL9UHGFJWqV3XI7FkEqj9Z9I8nQPSr1czPJ42RsSR5eQMbTbYqRfuMbf80fYABAhu3TdyzFCBTeaHdVfS2rfU69frByy8Gci2gEAO9CgfgyjX4zLBt0cvOU5SFXgBWSOL8%2B5zGhkvYfavh1W3b3lJ3y5rqmF1zZC2xhr%2BloIvCnk0mF%2FY4b3rZALmcrh1kVuu7w%3D%3D,Central Login | Illinois State University - Loading Session Information,2025-11-23 06:56:18
https://sso.illinoisstate.edu/idp/profile/SAML2/Redirect/SSO?execution=e1s1,Central Login | Illinois State University - Loading Session Information,2025-11-23 06:56:18
https://www.google.com/,Google,2025-11-23 06:56:13
https://sso.canvaslms.com/delegated_auth_pass_through?target=https%3A%2F%2Fcanvas.illinoisstate.edu%2F,Dashboard,2025-11-22 04:35:25
https://canvas.illinoisstate.edu/,Dashboard,2025-11-22 04:35:25
https://sso.illinoisstate.edu/idp/profile/SAML2/Redirect/SSO?execution=e1s2&_eventId_proceed=1,Central Login | Illinois State University - Saving Session Information...,2025-11-22 04:35:24
https://sso.illinoisstate.edu/idp/profile/SAML2/Redirect/SSO?execution=e1s3,Central Login | Illinois State University - Saving Session Information...,2025-11-22 04:35:24
https://sso.illinoisstate.edu/idp/profile/SAML2/Redirect/SSO?execution=e1s3,Central Login | Illinois State University - Saving Session Information...,2025-11-22 04:35:24
https://sso.illinoisstate.edu/idp/profile/SAML2/Redirect/SSO?execution=e1s2,Working...,2025-11-22 04:35:23
https://sso.illinoisstate.edu/idp/profile/Authn/SAML2/POST/SSO/start?conversation=e1s2,Working...,2025-11-22 04:35:23
https://login.microsoftonline.com/085f983a-0b69-4270-b71d-10695076bafe/saml2?SAMLRequest=hZLLbtswEEV%2FReBe4kOSLRGWAzdGUQNJY0RKFt0UkjyKCVCky6GS9u%2FL%2BBEkm2RLzpyZe%2B8srv6OOnoGh8qaivCEkQhMb3fKPFXkofkeF%2BRqucB21OIgV5Pfm3v4MwH6KDQalKefikzOSNuiQmnaEVD6Xtar2xspEiYPznrbW02iFSI4H0ZdW4PTCK4G96x6eLi%2Fqcje%2BwNKShFtorRWxipE33pIYDdRtTvQABqUBnrcg77yBd3e1Q2t6zsSrcNWyrT%2BqOQC0%2FZJmWRUvbNoB29N4ELS25GyIh%2FKIm1j1s3KOBNzFndzvos5m5U5m8%2B6dgB6lEeizboiv8Nj2qUZ5G0mgA%2BCC86HYlZ2HIq0z7NQhjjBxoSlja%2BIYCKPOY%2BFaFgm01wKkRSl%2BEWi7dmQb8qcjP7Mve5UhPJH02zjV7kkerwEFgrIOR55nO7e5%2FI5uL2EQZZfW4971XVWg98v6Ptxb7fxM%2FA3663Vqv8XrbS2L9cOAqEi3k1A6PLc9%2FGKlv8B&RelayState=e1s2,Working...,2025-11-22 04:35:23
https://login.microsoftonline.com/085f983a-0b69-4270-b71d-10695076bafe/saml2?SAMLRequest=hZLLbtswEEV%2FReBe4kOSLRGWAzdGUQNJY0RKFt0UkjyKCVCky6GS9u%2FL%2BBEkm2RLzpyZe%2B8srv6OOnoGh8qaivCEkQhMb3fKPFXkofkeF%2BRqucB21OIgV5Pfm3v4MwH6KDQalKefikzOSNuiQmnaEVD6Xtar2xspEiYPznrbW02iFSI4H0ZdW4PTCK4G96x6eLi%2Fqcje%2BwNKShFtorRWxipE33pIYDdRtTvQABqUBnrcg77yBd3e1Q2t6zsSrcNWyrT%2BqOQC0%2FZJmWRUvbNoB29N4ELS25GyIh%2FKIm1j1s3KOBNzFndzvos5m5U5m8%2B6dgB6lEeizboiv8Nj2qUZ5G0mgA%2BCC86HYlZ2HIq0z7NQhjjBxoSlja%2BIYCKPOY%2BFaFgm01wKkRSl%2BEWi7dmQb8qcjP7Mve5UhPJH02zjV7kkerwEFgrIOR55nO7e5%2FI5uL2EQZZfW4971XVWg98v6Ptxb7fxM%2FA3663Vqv8XrbS2L9cOAqEi3k1A6PLc9%2FGKlv8B&RelayState=e1s2&sso_reload=true,Working...,2025-11-22 04:35:23
http://canvas.illinoisstate.edu/,Central Login | Illinois State University - Loading Session Information,2025-11-22 04:35:22
https://canvas.illinoisstate.edu/,Dashboard,2025-11-22 04:35:22
https://canvas.illinoisstate.edu/login,Central Login | Illinois State University - Loading Session Information,2025-11-22 04:35:22
https://canvas.illinoisstate.edu/login/saml,Central Login | Illinois State University - Loading Session Information,2025-11-22 04:35:22
https://sso.illinoisstate.edu/idp/profile/SAML2/Redirect/SSO?SAMLRequest=fZJPT%2BMwEMXv%2Byki3xMnaQJbq61UqBCV%2BFM1hQMXZJwJjOTYwWOzu99%2B3RQESMB17Pd%2Bb549I9nrQSyDfzJbeA5APvnba0NiPJiz4IywkpCEkT2Q8Eo0y8sLUWa5GJz1VlnNPkh%2BVkgicB6tYcl6NWf3nazy6jj%2FncoaIK1gOkmn9cMkLap6Cm03rY7yCUtuwVHUzFm0iEKiAGtDXhofR3lZp0WRluUur8SkFmV5x5JV3AON9KPqyfuBBOdENkOt0VikqPaQQRs4tgOPi3Soge9zlnwLLTpQnjfNNUuWb5FPraHQg2vAvaCCm%2B3Fu7WS5kXSF%2B7aPqLh%2B2JYsnmt6wRNi%2Bbx56YeDpdInO92m3Rz3ezYYrb3EeP%2BbrFHR%2FJnJMZaXFA%2BOMiU7UdwOeMfdbPDi19F4nq1sRrVv%2BTMul767wMVWTFOsE278aoIhgZQ2CG0sSKt7Z9TBzHBnEU%2BML44QD%2F%2FrMWv%2Fw%3D%3D&SigAlg=http%3A%2F%2Fwww.w3.org%2F2001%2F04%2Fxmldsig-more%23rsa-sha256&Signature=x10gi%2BmB3%2BbGsxVn8rHXzCm44Se9ppvAP8gliLPpWdVGrVUvpUJcSrRhoGkLbSirOCxMCoZTu0CMse7HciZ8gpzwpB%2FnStBt06KQhwdE3ok%2FLc%2Bd3SeqXPNoLuEewYB%2BbXvOrIICuu%2FvvUI83foRd2TA%2FOdXVgsfl5W4f1jU2qKe6LFl9FuIlWBjksLoEpdhKLRA1TzX1qN1fZQgXL0d39qj6lC50T%2BDEfS08XSkp1yc7630xtEp18hO%2BY%2BtUq3hpMLOqWGGD%2F26iUrSusXJHNi%2FkIHBpnUtCo3muyEb0g%2BtC2wSEE52J4bbindURcD5%2FLD1dm3aq6UEIqtyu2pc0w%3D%3D,Central Login | Illinois State University - Loading Session Information,2025-11-22 04:35:22
https://sso.illinoisstate.edu/idp/profile/SAML2/Redirect/SSO?execution=e1s1,Central Login | Illinois State University - Loading Session Information,2025-11-22 04:35:22
https://www.google.com/,Google,2025-11-22 04:35:20
https://www.google.com/?zx=1763786120454&no_sw_cr=1,Google,2025-11-22 04:35:20
https://canvas.illinoisstate.edu/courses/38385/assignments/661241?confetti=true,Topic Presentation Report,2025-11-22 04:34:35
https://canvas.illinoisstate.edu/courses/38385/assignments/661241,Topic Presentation Report,2025-11-22 04:34:07
https://canvas.illinoisstate.edu/courses/38385/assignments/661241,Topic Presentation Report,2025-11-22 03:26:46
https://docs.google.com/document/d/1dQUGGuLQbpCJIr45cCC34eswAB0yeKcTSg3ug5N-ioQ/edit?tab=t.0,CloudFlare LavaRand - Zac Davis & Bailey Noonan - Google Docs,2025-11-22 03:17:43
https://docs.google.com/document/d/1dQUGGuLQbpCJIr45cCC34eswAB0yeKcTSg3ug5N-ioQ/edit?tab=t.0#heading=h.52g8f4nb2b4k,CloudFlare LavaRand - Google Docs,2025-11-22 03:17:36
https://www.cloudflare.com/learning/ssl/lava-lamp-encryption/,How do lava lamps help with Internet encryption? | Cloudflare,2025-11-22 03:14:10
https://www.google.com/url?q=https://www.cloudflare.com/learning/ssl/lava-lamp-encryption/&sa=D&source=docs&ust=1763784785020906&usg=AOvVaw2Xtg9bhB1TxaANR_A00X1H,How do lava lamps help with Internet encryption? | Cloudflare,2025-11-22 03:14:09
https://www.google.com/url?q=https://www.cloudflare.com/learning/ssl/lava-lamp-encryption/&sa=D&source=docs&ust=1763784785020906&usg=AOvVaw2Xtg9bhB1TxaANR_A00X1H,How do lava lamps help with Internet encryption? | Cloudflare,2025-11-22 03:13:11
https://www.cloudflare.com/learning/ssl/lava-lamp-encryption/,How do lava lamps help with Internet encryption? | Cloudflare,2025-11-22 03:13:11
https://www.cloudflare.com/learning/ssl/lava-lamp-encryption/,How do lava lamps help with Internet encryption? | Cloudflare,2025-11-22 03:13:06
https://blog.cloudflare.com/lavarand-in-production-the-nitty-gritty-technical-details/,LavaRand in Production: The Nitty-Gritty Technical Details,2025-11-22 03:08:07
https://www.google.com/url?q=https://blog.cloudflare.com/lavarand-in-production-the-nitty-gritty-technical-details/&sa=D&source=docs&ust=1763783704348416&usg=AOvVaw3m36rtEFHPuD5gE9bEFGre,LavaRand in Production: The Nitty-Gritty Technical Details,2025-11-22 03:08:06
https://blog.cloudflare.com/randomness-101-lavarand-in-production/,Randomness 101: LavaRand in Production,2025-11-22 03:06:52
https://www.google.com/url?q=https://blog.cloudflare.com/randomness-101-lavarand-in-production/&sa=D&source=docs&ust=1763783709486493&usg=AOvVaw39TFR3KT-d8Mr9cJ7Dlkxm,Randomness 101: LavaRand in Production,2025-11-22 03:06:51
https://tashian.com/articles/a-brief-history-of-random-numbers/,A Brief History of Random Numbers — Carl Tashian,2025-11-22 02:57:28
https://www.google.com/search?q=https://blog.cloudflare.com/a-new-source-of-chaotic-entropy/,https://blog.cloudflare.com/a-new-source-of-chaotic-entropy/ - Google Search,2025-11-22 02:57:22
https://patents.google.com/patent/US5732138A/en,US5732138A - Method for seeding a pseudo-random number generator with a cryptographic hash of a digitization of a chaotic system - Google Patents,2025-11-22 02:55:22
https://blog.cloudflare.com/randomness-101-lavarand-in-production/,Randomness 101: LavaRand in Production,2025-11-22 02:55:10
https://blog.cloudflare.com/lavarand-in-production-the-nitty-gritty-technical-details/,LavaRand in Production: The Nitty-Gritty Technical Details,2025-11-22 02:55:06
https://www.google.com/url?q=https://www.cloudflare.com/learning/ssl/lava-lamp-encryption/&sa=D&source=docs&ust=1763780141960475&usg=AOvVaw0E_jbxekytDKrWhgORi-rN,How do lava lamps help with Internet encryption? | Cloudflare,2025-11-22 02:54:58
https://www.cloudflare.com/learning/ssl/lava-lamp-encryption/,How do lava lamps help with Internet encryption? | Cloudflare,2025-11-22 02:54:58
https://docs.google.com/document/d/1dQUGGuLQbpCJIr45cCC34eswAB0yeKcTSg3ug5N-ioQ/edit?tab=t.0,CloudFlare LavaRand - Zac Davis & Bailey Noonan - Google Docs,2025-11-22 02:17:05
https://docs.google.com/document/d/1dQUGGuLQbpCJIr45cCC34eswAB0yeKcTSg3ug5N-ioQ/edit?tab=t.0#heading=h.scaug9n3ggs3,CloudFlare LavaRand - Google Docs,2025-11-22 02:17:04
https://docs.google.com/document/d/1dQUGGuLQbpCJIr45cCC34eswAB0yeKcTSg3ug5N-ioQ/edit?tab=t.0,CloudFlare LavaRand - Zac Davis & Bailey Noonan - Google Docs,2025-11-22 02:16:47
https://docs.google.com/document/d/1dQUGGuLQbpCJIr45cCC34eswAB0yeKcTSg3ug5N-ioQ/edit?tab=t.0#heading=h.52r4vowvm9j0,CloudFlare LavaRand - Google Docs,2025-11-22 02:16:26
https://docs.google.com/document/d/1dQUGGuLQbpCJIr45cCC34eswAB0yeKcTSg3ug5N-ioQ/edit?tab=t.0,CloudFlare LavaRand - Zac Davis & Bailey Noonan - Google Docs,2025-11-22 02:13:22
https://docs.google.com/document/d/1dQUGGuLQbpCJIr45cCC34eswAB0yeKcTSg3ug5N-ioQ/edit?tab=t.0#heading=h.52g8f4nb2b4k,CloudFlare LavaRand - Google Docs,2025-11-22 02:13:18
https://docs.google.com/document/d/1dQUGGuLQbpCJIr45cCC34eswAB0yeKcTSg3ug5N-ioQ/edit?tab=t.0,CloudFlare LavaRand - Zac Davis & Bailey Noonan - Google Docs,2025-11-22 02:10:30
https://docs.google.com/document/d/1dQUGGuLQbpCJIr45cCC34eswAB0yeKcTSg3ug5N-ioQ/edit?tab=t.0#heading=h.944kiaek0egy,CloudFlare LavaRand - Google Docs,2025-11-22 02:10:29
https://docs.google.com/document/d/1dQUGGuLQbpCJIr45cCC34eswAB0yeKcTSg3ug5N-ioQ/edit?tab=t.0,CloudFlare LavaRand - Zac Davis & Bailey Noonan - Google Docs,2025-11-22 02:10:12
https://docs.google.com/document/d/1dQUGGuLQbpCJIr45cCC34eswAB0yeKcTSg3ug5N-ioQ/edit?tab=t.0,CloudFlare LavaRand - Zac Davis & Bailey Noonan - Google Docs,2025-11-22 02:10:05
https://docs.google.com/document/d/1dQUGGuLQbpCJIr45cCC34eswAB0yeKcTSg3ug5N-ioQ/edit?tab=t.0#heading=h.944kiaek0egy,CloudFlare LavaRand - Google Docs,2025-11-22 02:10:05
https://docs.google.com/document/d/1dQUGGuLQbpCJIr45cCC34eswAB0yeKcTSg3ug5N-ioQ/edit?tab=t.0#heading=h.944kiaek0egy,CloudFlare LavaRand - Google Docs,2025-11-22 02:10:03
https://docs.google.com/document/d/1dQUGGuLQbpCJIr45cCC34eswAB0yeKcTSg3ug5N-ioQ/edit?tab=t.0,CloudFlare LavaRand - Zac Davis & Bailey Noonan - Google Docs,2025-11-22 02:10:03
https://docs.google.com/document/d/1dQUGGuLQbpCJIr45cCC34eswAB0yeKcTSg3ug5N-ioQ/edit?tab=t.0#heading=h.944kiaek0egy,CloudFlare LavaRand - Google Docs,2025-11-22 02:10:03
https://docs.google.com/document/d/1dQUGGuLQbpCJIr45cCC34eswAB0yeKcTSg3ug5N-ioQ/edit?tab=t.0#heading=h.oa7hz9ejzob9,CloudFlare LavaRand - Google Docs,2025-11-22 02:09:54
https://docs.google.com/document/d/1dQUGGuLQbpCJIr45cCC34eswAB0yeKcTSg3ug5N-ioQ/edit?tab=t.0,CloudFlare LavaRand - Zac Davis & Bailey Noonan - Google Docs,2025-11-22 02:09:45
https://docs.google.com/document/d/1dQUGGuLQbpCJIr45cCC34eswAB0yeKcTSg3ug5N-ioQ/edit?tab=t.0#heading=h.944kiaek0egy,CloudFlare LavaRand - Google Docs,2025-11-22 02:09:41
https://www.cloudflare.com/learning/ssl/lava-lamp-encryption/,How do lava lamps help with Internet encryption? | Cloudflare,2025-11-22 02:08:47
https://www.google.com/search?q=https://www.theregister.com/2017/08/11/cloudflares,https://www.theregister.com/2017/08/11/cloudflares - Google Search,2025-11-22 02:08:33
https://www.google.com/search?q=https://www.theregister.com/2017/08/11/cloudflares,https://www.theregister.com/2017/08/11/cloudflares - Google Search,2025-11-22 02:08:25
https://gemini.google.com/app/064ae48efb303942,Google Gemini,2025-11-22 01:59:29
https://docs.google.com/document/d/1dQUGGuLQbpCJIr45cCC34eswAB0yeKcTSg3ug5N-ioQ/edit?tab=t.0#heading=h.yzj40b522dfn,CloudFlare LavaRand - Google Docs,2025-11-22 01:59:17
https://docs.google.com/document/d/1dQUGGuLQbpCJIr45cCC34eswAB0yeKcTSg3ug5N-ioQ/edit?tab=t.0,CloudFlare LavaRand - Zac Davis & Bailey Noonan - Google Docs,2025-11-22 01:59:17
https://docs.google.com/document/d/1dQUGGuLQbpCJIr45cCC34eswAB0yeKcTSg3ug5N-ioQ/edit?tab=t.0#heading=h.mrfuakyakmkw,CloudFlare LavaRand - Google Docs,2025-11-22 01:59:17
https://docs.google.com/document/d/1dQUGGuLQbpCJIr45cCC34eswAB0yeKcTSg3ug5N-ioQ/edit?tab=t.0,CloudFlare LavaRand - Zac Davis & Bailey Noonan - Google Docs,2025-11-22 01:59:17
https://docs.google.com/document/d/1dQUGGuLQbpCJIr45cCC34eswAB0yeKcTSg3ug5N-ioQ/edit?tab=t.0#heading=h.v8u4niior4jx,CloudFlare LavaRand - Google Docs,2025-11-22 01:59:16
https://docs.google.com/document/d/1dQUGGuLQbpCJIr45cCC34eswAB0yeKcTSg3ug5N-ioQ/edit?tab=t.0,CloudFlare LavaRand - Zac Davis & Bailey Noonan - Google Docs,2025-11-22 01:59:16
https://docs.google.com/document/d/1dQUGGuLQbpCJIr45cCC34eswAB0yeKcTSg3ug5N-ioQ/edit?tab=t.0#heading=h.v8u4niior4jx,CloudFlare LavaRand - Google Docs,2025-11-22 01:59:15
https://docs.google.com/document/d/1dQUGGuLQbpCJIr45cCC34eswAB0yeKcTSg3ug5N-ioQ/edit?tab=t.0,CloudFlare LavaRand - Zac Davis & Bailey Noonan - Google Docs,2025-11-22 01:59:15
https://gemini.google.com/,‎Google Gemini,2025-11-22 01:56:13
https://gemini.google.com/app,Google Gemini,2025-11-22 01:56:13
https://tashian.com/articles/a-brief-history-of-random-numbers/,A Brief History of Random Numbers — Carl Tashian,2025-11-22 01:55:19
https://en.wikipedia.org/wiki/Lavarand,Lavarand - Wikipedia,2025-11-22 01:55:17
https://tashian.com/articles/a-brief-history-of-random-numbers/,A Brief History of Random Numbers — Carl Tashian,2025-11-22 01:54:35
https://en.wikipedia.org/wiki/Lavarand,Lavarand - Wikipedia,2025-11-22 01:54:25
https://www.sciencenews.org/article/lava-lamp-randomness,Lava Lamp Randomness,2025-11-22 01:54:10
https://docs.google.com/document/d/1dQUGGuLQbpCJIr45cCC34eswAB0yeKcTSg3ug5N-ioQ/edit?ouid=107711590924735763390&usp=docs_home&ths=true,CloudFlare LavaRand - Google Docs,2025-11-22 01:52:13
https://docs.google.com/document/d/1dQUGGuLQbpCJIr45cCC34eswAB0yeKcTSg3ug5N-ioQ/edit?tab=t.0,CloudFlare LavaRand - Zac Davis & Bailey Noonan - Google Docs,2025-11-22 01:52:13
https://docs.google.com/document/u/0/,Google Docs,2025-11-22 01:52:04
https://docs.google.com/document/d/1DeiZeHqdkIAWOgBpz9ZytSCSy9RFj91dh2wL_XroL4o/edit?ouid=107711590924735763390&usp=docs_home&ths=true,it360 group project - Google Docs,2025-11-22 01:52:03
https://docs.google.com/document/d/1DeiZeHqdkIAWOgBpz9ZytSCSy9RFj91dh2wL_XroL4o/edit?tab=t.0,it360 group project - Google Docs,2025-11-22 01:52:03
https://en.wikipedia.org/wiki/Lavarand,Lavarand - Wikipedia,2025-11-22 01:49:13
https://www.google.com/search?q=lavarand&rlz=1C1AVFC_enUS1164US1164&oq=lavarand&gs_lcrp=EgZjaHJvbWUyCQgAEEUYORiABDIHCAEQABiABDIHCAIQABiABDINCAMQLhivARjHARiABDILCAQQABgKGAsYgAQyCwgFEAAYChgLGIAEMgsIBhAAGAoYCxiABDILCAcQABgKGAsYgAQyCwgIEAAYChgLGIAEMgsICRAAGAoYCxiABNIBBzk3OWowajeoAgCwAgA&sourceid=chrome&ie=UTF-8,lavarand - Google Search,2025-11-22 01:49:11
https://docs.google.com/,Google Docs,2025-11-22 01:49:09
https://docs.google.com/document/u/0/?usp=direct_url,Google Docs,2025-11-22 01:49:09
https://docs.google.com/document/u/0/,Google Docs,2025-11-22 01:49:09
https://canvas.illinoisstate.edu/courses/38385/grades,Grades for Zac Davis: IT 351 002 Fall 2025 - Practical Cryptography and Trusted Systems,2025-11-22 01:48:09
https://canvas.illinoisstate.edu/courses/38385,IT 351 002 Fall 2025 - Practical Cryptography and Trusted Systems,2025-11-22 01:48:03
https://canvas.illinoisstate.edu/courses/38385/assignments/661241,Topic Presentation Report,2025-11-22 01:48:02
https://sso.canvaslms.com/delegated_auth_pass_through?target=https%3A%2F%2Fcanvas.illinoisstate.edu%2F,Dashboard,2025-11-22 01:47:55
https://canvas.illinoisstate.edu/,Dashboard,2025-11-22 01:47:55
https://sso.illinoisstate.edu/idp/profile/SAML2/Redirect/SSO?execution=e1s2&_eventId_proceed=1,Central Login | Illinois State University - Saving Session Information...,2025-11-22 01:47:52
https://sso.illinoisstate.edu/idp/profile/SAML2/Redirect/SSO?execution=e1s3,Central Login | Illinois State University - Saving Session Information...,2025-11-22 01:47:52
https://sso.illinoisstate.edu/idp/profile/SAML2/Redirect/SSO?execution=e1s3,Central Login | Illinois State University - Saving Session Information...,2025-11-22 01:47:52
https://sso.illinoisstate.edu/idp/profile/SAML2/Redirect/SSO?execution=e1s2,Working...,2025-11-22 01:47:51
https://sso.illinoisstate.edu/idp/profile/Authn/SAML2/POST/SSO/start?conversation=e1s2,Working...,2025-11-22 01:47:51
https://login.microsoftonline.com/085f983a-0b69-4270-b71d-10695076bafe/saml2?SAMLRequest=hZJPb9swDMW%2FiqG7LcmJLUeIU2QNhgVo16B2d%2BilkG26ESBLmSi327ef82%2FoLt2Zjz%2BS73F582sw0Rt41M6WhCeMRGBb12n7WpKn%2BmtckJvVEtVg0oNcj2FvH%2BHnCBiiqdGiPFdKMnornUKN0qoBUIZWVuv7O5kmTB68C651hkRrRPBhGnXrLI4D%2BAr8m27h6fGuJPsQDigpRXSJNkZbpxGDCpBAN1LdHegE6rUBetqDHvkp3T1UNa2qBxJtpq20VeF0yRVm3Ku2yaBb79D1wdmJC0nrBsqKrF8UMxWzJl%2FE81SwuBG8iznLFxkTeaN6oKfzSLTdlOQla4tO9fO%2ByCEvuMpFpkDMslxwLma9OMoQR9jaaWkbSpKyNIs5j9O0ZlzOhcxYIhbZM4l2F0O%2BaHs2%2BjP3mrMI5be63sXHc0n04xrYJCCXeORpuv%2BYy%2BdgdQ2DrP5vPe510zgDYb%2BkH8f9%2FY3vE3%2B72Tmj29%2FR2hj3futhIpQk%2BBEIXV36%2Fv2i1R8%3D&RelayState=e1s2,Working...,2025-11-22 01:47:51
https://login.microsoftonline.com/085f983a-0b69-4270-b71d-10695076bafe/saml2?SAMLRequest=hZJPb9swDMW%2FiqG7LcmJLUeIU2QNhgVo16B2d%2BilkG26ESBLmSi327ef82%2FoLt2Zjz%2BS73F582sw0Rt41M6WhCeMRGBb12n7WpKn%2BmtckJvVEtVg0oNcj2FvH%2BHnCBiiqdGiPFdKMnornUKN0qoBUIZWVuv7O5kmTB68C651hkRrRPBhGnXrLI4D%2BAr8m27h6fGuJPsQDigpRXSJNkZbpxGDCpBAN1LdHegE6rUBetqDHvkp3T1UNa2qBxJtpq20VeF0yRVm3Ku2yaBb79D1wdmJC0nrBsqKrF8UMxWzJl%2FE81SwuBG8iznLFxkTeaN6oKfzSLTdlOQla4tO9fO%2ByCEvuMpFpkDMslxwLma9OMoQR9jaaWkbSpKyNIs5j9O0ZlzOhcxYIhbZM4l2F0O%2BaHs2%2BjP3mrMI5be63sXHc0n04xrYJCCXeORpuv%2BYy%2BdgdQ2DrP5vPe510zgDYb%2BkH8f9%2FY3vE3%2B72Tmj29%2FR2hj3futhIpQk%2BBEIXV36%2Fv2i1R8%3D&RelayState=e1s2&sso_reload=true,Working...,2025-11-22 01:47:51
http://canvas.illinoisstate.edu/,Central Login | Illinois State University - Loading Session Information,2025-11-22 01:47:50
https://canvas.illinoisstate.edu/,Dashboard,2025-11-22 01:47:50
https://canvas.illinoisstate.edu/login,Central Login | Illinois State University - Loading Session Information,2025-11-22 01:47:50
https://canvas.illinoisstate.edu/login/saml,Central Login | Illinois State University - Loading Session Information,2025-11-22 01:47:50
https://sso.illinoisstate.edu/idp/profile/SAML2/Redirect/SSO?SAMLRequest=fZJBT%2BMwEIXv%2FIrI98RxKJRabaUu1YpK7FI1XQ5ckOtMYCTHDh6bZf89bgqiSCzXsd%2F73jx7SqozvVzE8Gg38BSBQvbSGUtyOJix6K10ipCkVR2QDFrWi1%2FXsipK2XsXnHaGHUm%2BVygi8AGdZdlqOWP34lRfTMqyysfjdpKPxPkoVwJ2%2Bbi9mOzOG9Ct2LHsFjwlzYwliyQkirCyFJQNaVRWZ7kQeVVtSyFHY3lW3rFsmfZAq8KgegyhJ8k5kSvQGLQOKakDFNBEjk3P0yItGuD7nBXfQIMedOB1fcOyxXvkS2cpduBr8M%2Bo4c%2Fm%2BsNaK%2Fus6At34x7Q8n0xLFu%2F1fUDbYP24fumdodLJK%2B223W%2Bvqm3bD7d%2B8hhfz%2FfoxP5MxJTLT7qED0U2nUDuJryY9308OK%2FE3G1XDuD%2Bl%2F20%2FlOhf8HEoUYJtjk7XBVRks9aGwRmlSRMe7vpYeUYMYSHxifH6Cff9b85BU%3D&SigAlg=http%3A%2F%2Fwww.w3.org%2F2001%2F04%2Fxmldsig-more%23rsa-sha256&Signature=pnZC4casIs7%2Ff5paMkEY1sJi%2FdAAwPhiwixv3d0wYy%2FRgthIIr2tX7yOsbZe6lFc9BwXgkUxX5I8brwfXNHjmIg2VS7%2FW3w49EGqOxWcwqo2rxNxH2Kpqdq3zrQTLKVKj%2F7Wq%2B%2F1Mvdb6TCXb76GSEoQ%2BBzRfj7xR5DQZgZxy%2FGDF1%2FVsgewadoL2F5HqlWC2Z%2FQ1NXJzfngSqvSuuiFCwLBxxofwF7%2FbE6u7iS9qkhTjIrNJnOH4gNaasvyLrwLIF8ZPgjX%2B7fT40QBE%2FoxdqIOqOInxTJ%2BBrUfX1VtW%2FLpV9kgjpYuqOHKjfeP77d2gtQcliM3AoN%2FAth1b869nw%3D%3D,Central Login | Illinois State University - Loading Session Information,2025-11-22 01:47:50
https://sso.illinoisstate.edu/idp/profile/SAML2/Redirect/SSO?execution=e1s1,Central Login | Illinois State University - Loading Session Information,2025-11-22 01:47:50
https://www.google.com/,Google,2025-11-22 01:47:40
https://www.google.com/?zx=1763776060317&no_sw_cr=1,Google,2025-11-22 01:47:40
https://canvas.illinoisstate.edu/,Dashboard,2025-11-21 05:20:43
https://canvas.illinoisstate.edu/courses/40105/assignments/627230?confetti=true,Outline 40 Week 14 W,2025-11-21 05:20:42
https://docs.google.com/document/d/1M6ZA9imCjUYwyaeAH2NPtyolavyqynHg2Qv1MeaehmQ/edit?tab=t.0#heading=h.tjwcntu7lmj3,Outline 40 - Zac Davis - Google Docs,2025-11-21 05:20:30
https://docs.google.com/document/d/1M6ZA9imCjUYwyaeAH2NPtyolavyqynHg2Qv1MeaehmQ/edit?tab=t.0,Untitled document - Google Docs,2025-11-21 05:18:37
https://docs.google.com/document/d/1M6ZA9imCjUYwyaeAH2NPtyolavyqynHg2Qv1MeaehmQ/edit?tab=t.0#heading=h.tjwcntu7lmj3,Outline 40 - Zac Davis - Google Docs,2025-11-21 05:18:29
https://docs.google.com/document/d/1M6ZA9imCjUYwyaeAH2NPtyolavyqynHg2Qv1MeaehmQ/edit?tab=t.0,Untitled document - Google Docs,2025-11-21 05:18:08
https://docs.google.com/document/u/0/create?usp=docs_home&ths=true,Untitled document - Google Docs,2025-11-21 05:18:07
https://canvas.illinoisstate.edu/courses/40105/assignments/627230,Outline 40 Week 14 W,2025-11-21 05:17:53
https://sso.canvaslms.com/delegated_auth_pass_through?target=https%3A%2F%2Fcanvas.illinoisstate.edu%2F,Dashboard,2025-11-21 05:17:42
https://canvas.illinoisstate.edu/,Dashboard,2025-11-21 05:17:42
https://docs.google.com/document/u/0/create?usp=docs_home&ths=true,Untitled document - Google Docs,2025-11-21 05:17:42
https://login.microsoftonline.com/085f983a-0b69-4270-b71d-10695076bafe/saml2?SAMLRequest=hZLLbtswEEV%2FReBe4sPRw4TlwI1R1EDaGJHTRTcFRY1jAhTpcqi0%2FfsyfhTpJl3PnTMz987i9tdosxcIaLxrCS8YycBpPxj33JKn3ce8IbfLBarRiqNcTfHgHuHHBBiz1OhQnistmYKTXqFB6dQIKKOW3erzvRQFk8fgo9fekmyFCCGmUXfe4TRC6CC8GA1Pj%2FctOcR4REkpoi%2BMtcZ5gxhVhAKGiZrhSBNobyzQ0x70lS%2Fo9qHb0a57INk6bWWciqdLrjDrn40rRqODR7%2BP3iUuFNqPlDXlft7MVM76ap7fiJrlfc2HnLNqXrK66tUe6Ok8km3WLfneDFyAErzXVXUjZjMhSqV1DbpiqhzqJskQJ9i4tLSLLRFMlDnnueA7Vkpey1lTMF5%2BI9n2YsgH485Gv%2Bdefxah%2FLTbbfPXc0n29RpYEpBLPPI0PbzN5X2wuoZBlv%2B3Hg%2Bm772FeFjQt%2BP%2B%2FsaXxN%2Bst94a%2FTtbWet%2F3gVIhJbEMAGhy0vfv1%2B0%2FAM%3D&RelayState=e1s2&sso_reload=true,Working...,2025-11-21 05:17:39
https://docs.google.com/document/u/0/?usp=direct_url,Google Docs,2025-11-21 05:17:39
https://sso.illinoisstate.edu/idp/profile/SAML2/Redirect/SSO?execution=e1s2&_eventId_proceed=1,Central Login | Illinois State University - Saving Session Information...,2025-11-21 05:17:39
https://sso.illinoisstate.edu/idp/profile/SAML2/Redirect/SSO?execution=e1s3,Central Login | Illinois State University - Saving Session Information...,2025-11-21 05:17:39
https://sso.illinoisstate.edu/idp/profile/SAML2/Redirect/SSO?execution=e1s3,Central Login | Illinois State University - Saving Session Information...,2025-11-21 05:17:39
https://docs.google.com/document/u/0/,Google Docs,2025-11-21 05:17:39
https://sso.illinoisstate.edu/idp/profile/SAML2/Redirect/SSO?execution=e1s2,Working...,2025-11-21 05:17:38
https://sso.illinoisstate.edu/idp/profile/Authn/SAML2/POST/SSO/start?conversation=e1s2,Working...,2025-11-21 05:17:38
https://login.microsoftonline.com/085f983a-0b69-4270-b71d-10695076bafe/saml2?SAMLRequest=hZLLbtswEEV%2FReBe4sPRw4TlwI1R1EDaGJHTRTcFRY1jAhTpcqi0%2FfsyfhTpJl3PnTMz987i9tdosxcIaLxrCS8YycBpPxj33JKn3ce8IbfLBarRiqNcTfHgHuHHBBiz1OhQnistmYKTXqFB6dQIKKOW3erzvRQFk8fgo9fekmyFCCGmUXfe4TRC6CC8GA1Pj%2FctOcR4REkpoi%2BMtcZ5gxhVhAKGiZrhSBNobyzQ0x70lS%2Fo9qHb0a57INk6bWWciqdLrjDrn40rRqODR7%2BP3iUuFNqPlDXlft7MVM76ap7fiJrlfc2HnLNqXrK66tUe6Ok8km3WLfneDFyAErzXVXUjZjMhSqV1DbpiqhzqJskQJ9i4tLSLLRFMlDnnueA7Vkpey1lTMF5%2BI9n2YsgH485Gv%2Bdefxah%2FLTbbfPXc0n29RpYEpBLPPI0PbzN5X2wuoZBlv%2B3Hg%2Bm772FeFjQt%2BP%2B%2FsaXxN%2Bst94a%2FTtbWet%2F3gVIhJbEMAGhy0vfv1%2B0%2FAM%3D&RelayState=e1s2,Working...,2025-11-21 05:17:38
http://canvas.illinoisstate.edu/,Central Login | Illinois State University - Loading Session Information,2025-11-21 05:17:37
https://canvas.illinoisstate.edu/,Dashboard,2025-11-21 05:17:37
https://canvas.illinoisstate.edu/login,Central Login | Illinois State University - Loading Session Information,2025-11-21 05:17:37
https://canvas.illinoisstate.edu/login/saml,Central Login | Illinois State University - Loading Session Information,2025-11-21 05:17:37
https://sso.illinoisstate.edu/idp/profile/SAML2/Redirect/SSO?SAMLRequest=fZJRb9MwFIXf%2BRWR3xMnYV0aq61UViEqDVY1hQdekGPfbFdy7OBrD%2Fj3uOkQmwR7vfY537nHXpEczSS2MTzYI3yPQCH7ORpLYj5Ys%2BitcJKQhJUjkAhKdNuPt6IuSjF5F5xyhj2TvK6QROADOsuy%2FW7NvmldXjf90OaN0n1%2BNTTXed%2B2yxyWalEur9q2anqWfQFPSbNmySIJiSLsLQVpQxqV9SKvqryuTuVCVI1423xl2S7tgVaGWfUQwkSCcyJXoDFoHVJSByhAR4564mmRAQ3wc86aH0GjBxV4192xbPsn8o2zFEfwHfhHVPD5ePvXWkn7KOkf7sbdo%2BXnYlh2eKrrHVqN9v71pvrLJRIfTqdDfrjrTmyzOvuIeX%2B%2FOaMT%2BSUSUy0%2BqhA9FMqNM7he8ee61eXFPyXifndwBtWv7L3zowz%2FD1QV1TxBnQ%2FzVREtTaBwQNCpImPcjxsPKcGaJT4wvrlAX%2F6szZvf&SigAlg=http%3A%2F%2Fwww.w3.org%2F2001%2F04%2Fxmldsig-more%23rsa-sha256&Signature=QaSf2cNj41nq2d%2BJgJ4%2F6hMOzrx9G5DOwx535s02CZmQDxTHeJLS%2FpU8giG%2FeFieLewi60SHKb0UOscP3%2FavJvKscpWXOHd5%2F7yfVQan6qMP%2F7rrfA1vURKLw5iudJWHgqA8SgNs80oHPE87NvoRCrN5bhVsdrykQlIEdZ4vtQW5TgqKxJOEEODNZxZicNYB1bJFb4MF4HZND%2F9Yrr2DbklNCFp0IRncBXvelnSdhmlbkXGmaKfNY%2FoXJsPXNNKC%2FYcTBDdR7XP4KPXHYupRURAOUJeUy5xuCz7%2Fh3yqWYKqev%2BGMeuDtJboUbXa7LIGv5aXvpneRGCb7cn7cqkzYg%3D%3D,Central Login | Illinois State University - Loading Session Information,2025-11-21 05:17:37
https://sso.illinoisstate.edu/idp/profile/SAML2/Redirect/SSO?execution=e1s1,Central Login | Illinois State University - Loading Session Information,2025-11-21 05:17:37
https://www.google.com/,Google,2025-11-21 05:17:34
https://kahoot.it/solo/?quizId=904c117b-ccf1-4dde-9a87-bc663a8b3433&gameMode=nano,Learn - Kahoot! Solo,2025-11-20 06:26:30
https://www.google.com/search?q=which+elements+diatomic&rlz=1C1AVFC_enUS1164US1164&oq=which+elements+diatomic&gs_lcrp=EgZjaHJvbWUyBggAEEUYOTIICAEQABgWGB4yCAgCEAAYFhgeMggIAxAAGBYYHjIICAQQABgWGB4yCAgFEAAYFhgeMggIBhAAGBYYHjIICAcQABgWGB4yCAgIEAAYFhgeMggICRAAGBYYHtIBCDI4NzFqMGo3qAIAsAIA&sourceid=chrome&ie=UTF-8,which elements diatomic - Google Search,2025-11-20 05:45:06
